image_id,image_path,filename
2638,/Users/tanmay/Desktop/Capstone/code/Trail/img/archive/myntradataset/images/subset/2638.jpg,2638.jpg
11826,/Users/tanmay/Desktop/Capstone/code/Trail/img/archive/myntradataset/images/subset/11826.jpg,11826.jpg
36206,/Users/tanmay/Desktop/Capstone/code/Trail/img/archive/myntradataset/images/subset/36206.jpg,36206.jpg
46114,/Users/tanmay/Desktop/Capstone/code/Trail/img/archive/myntradataset/images/subset/46114.jpg,46114.jpg
33376,/Users/tanmay/Desktop/Capstone/code/Trail/img/archive/myntradataset/images/subset/33376.jpg,33376.jpg
2403,/Users/tanmay/Desktop/Capstone/code/Trail/img/archive/myntradataset/images/subset/2403.jpg,2403.jpg
21001,/Users/tanmay/Desktop/Capstone/code/Trail/img/archive/myntradataset/images/subset/21001.jpg,21001.jpg
41453,/Users/tanmay/Desktop/Capstone/code/Trail/img/archive/myntradataset/images/subset/41453.jpg,41453.jpg
46820,/Users/tanmay/Desktop/Capstone/code/Trail/img/archive/myntradataset/images/subset/46820.jpg,46820.jpg
40756,/Users/tanmay/Desktop/Capstone/code/Trail/img/archive/myntradataset/images/subset/40756.jpg,40756.jpg
6046,/Users/tanmay/Desktop/Capstone/code/Trail/img/archive/myntradataset/images/subset/6046.jpg,6046.jpg
6226,/Users/tanmay/Desktop/Capstone/code/Trail/img/archive/myntradataset/images/subset/6226.jpg,6226.jpg
3267,/Users/tanmay/Desktop/Capstone/code/Trail/img/archive/myntradataset/images/subset/3267.jpg,3267.jpg
36992,/Users/tanmay/Desktop/Capstone/code/Trail/img/archive/myntradataset/images/subset/36992.jpg,36992.jpg
7862,/Users/tanmay/Desktop/Capstone/code/Trail/img/archive/myntradataset/images/subset/7862.jpg,7862.jpg
10806,/Users/tanmay/Desktop/Capstone/code/Trail/img/archive/myntradataset/images/subset/10806.jpg,10806.jpg
20787,/Users/tanmay/Desktop/Capstone/code/Trail/img/archive/myntradataset/images/subset/20787.jpg,20787.jpg
7699,/Users/tanmay/Desktop/Capstone/code/Trail/img/archive/myntradataset/images/subset/7699.jpg,7699.jpg
59544,/Users/tanmay/Desktop/Capstone/code/Trail/img/archive/myntradataset/images/subset/59544.jpg,59544.jpg
54974,/Users/tanmay/Desktop/Capstone/code/Trail/img/archive/myntradataset/images/subset/54974.jpg,54974.jpg
33184,/Users/tanmay/Desktop/Capstone/code/Trail/img/archive/myntradataset/images/subset/33184.jpg,33184.jpg
36433,/Users/tanmay/Desktop/Capstone/code/Trail/img/archive/myntradataset/images/subset/36433.jpg,36433.jpg
24290,/Users/tanmay/Desktop/Capstone/code/Trail/img/archive/myntradataset/images/subset/24290.jpg,24290.jpg
57500,/Users/tanmay/Desktop/Capstone/code/Trail/img/archive/myntradataset/images/subset/57500.jpg,57500.jpg
47259,/Users/tanmay/Desktop/Capstone/code/Trail/img/archive/myntradataset/images/subset/47259.jpg,47259.jpg
50008,/Users/tanmay/Desktop/Capstone/code/Trail/img/archive/myntradataset/images/subset/50008.jpg,50008.jpg
28008,/Users/tanmay/Desktop/Capstone/code/Trail/img/archive/myntradataset/images/subset/28008.jpg,28008.jpg
29845,/Users/tanmay/Desktop/Capstone/code/Trail/img/archive/myntradataset/images/subset/29845.jpg,29845.jpg
59145,/Users/tanmay/Desktop/Capstone/code/Trail/img/archive/myntradataset/images/subset/59145.jpg,59145.jpg
46054,/Users/tanmay/Desktop/Capstone/code/Trail/img/archive/myntradataset/images/subset/46054.jpg,46054.jpg
49118,/Users/tanmay/Desktop/Capstone/code/Trail/img/archive/myntradataset/images/subset/49118.jpg,49118.jpg
26799,/Users/tanmay/Desktop/Capstone/code/Trail/img/archive/myntradataset/images/subset/26799.jpg,26799.jpg
19072,/Users/tanmay/Desktop/Capstone/code/Trail/img/archive/myntradataset/images/subset/19072.jpg,19072.jpg
5628,/Users/tanmay/Desktop/Capstone/code/Trail/img/archive/myntradataset/images/subset/5628.jpg,5628.jpg
52303,/Users/tanmay/Desktop/Capstone/code/Trail/img/archive/myntradataset/images/subset/52303.jpg,52303.jpg
9674,/Users/tanmay/Desktop/Capstone/code/Trail/img/archive/myntradataset/images/subset/9674.jpg,9674.jpg
11621,/Users/tanmay/Desktop/Capstone/code/Trail/img/archive/myntradataset/images/subset/11621.jpg,11621.jpg
47003,/Users/tanmay/Desktop/Capstone/code/Trail/img/archive/myntradataset/images/subset/47003.jpg,47003.jpg
45594,/Users/tanmay/Desktop/Capstone/code/Trail/img/archive/myntradataset/images/subset/45594.jpg,45594.jpg
4962,/Users/tanmay/Desktop/Capstone/code/Trail/img/archive/myntradataset/images/subset/4962.jpg,4962.jpg
57289,/Users/tanmay/Desktop/Capstone/code/Trail/img/archive/myntradataset/images/subset/57289.jpg,57289.jpg
50546,/Users/tanmay/Desktop/Capstone/code/Trail/img/archive/myntradataset/images/subset/50546.jpg,50546.jpg
32429,/Users/tanmay/Desktop/Capstone/code/Trail/img/archive/myntradataset/images/subset/32429.jpg,32429.jpg
58372,/Users/tanmay/Desktop/Capstone/code/Trail/img/archive/myntradataset/images/subset/58372.jpg,58372.jpg
46524,/Users/tanmay/Desktop/Capstone/code/Trail/img/archive/myntradataset/images/subset/46524.jpg,46524.jpg
25385,/Users/tanmay/Desktop/Capstone/code/Trail/img/archive/myntradataset/images/subset/25385.jpg,25385.jpg
29957,/Users/tanmay/Desktop/Capstone/code/Trail/img/archive/myntradataset/images/subset/29957.jpg,29957.jpg
41381,/Users/tanmay/Desktop/Capstone/code/Trail/img/archive/myntradataset/images/subset/41381.jpg,41381.jpg
24558,/Users/tanmay/Desktop/Capstone/code/Trail/img/archive/myntradataset/images/subset/24558.jpg,24558.jpg
52331,/Users/tanmay/Desktop/Capstone/code/Trail/img/archive/myntradataset/images/subset/52331.jpg,52331.jpg
18324,/Users/tanmay/Desktop/Capstone/code/Trail/img/archive/myntradataset/images/subset/18324.jpg,18324.jpg
3510,/Users/tanmay/Desktop/Capstone/code/Trail/img/archive/myntradataset/images/subset/3510.jpg,3510.jpg
14390,/Users/tanmay/Desktop/Capstone/code/Trail/img/archive/myntradataset/images/subset/14390.jpg,14390.jpg
19087,/Users/tanmay/Desktop/Capstone/code/Trail/img/archive/myntradataset/images/subset/19087.jpg,19087.jpg
35363,/Users/tanmay/Desktop/Capstone/code/Trail/img/archive/myntradataset/images/subset/35363.jpg,35363.jpg
11053,/Users/tanmay/Desktop/Capstone/code/Trail/img/archive/myntradataset/images/subset/11053.jpg,11053.jpg
10487,/Users/tanmay/Desktop/Capstone/code/Trail/img/archive/myntradataset/images/subset/10487.jpg,10487.jpg
8284,/Users/tanmay/Desktop/Capstone/code/Trail/img/archive/myntradataset/images/subset/8284.jpg,8284.jpg
40075,/Users/tanmay/Desktop/Capstone/code/Trail/img/archive/myntradataset/images/subset/40075.jpg,40075.jpg
10682,/Users/tanmay/Desktop/Capstone/code/Trail/img/archive/myntradataset/images/subset/10682.jpg,10682.jpg
43066,/Users/tanmay/Desktop/Capstone/code/Trail/img/archive/myntradataset/images/subset/43066.jpg,43066.jpg
57958,/Users/tanmay/Desktop/Capstone/code/Trail/img/archive/myntradataset/images/subset/57958.jpg,57958.jpg
55841,/Users/tanmay/Desktop/Capstone/code/Trail/img/archive/myntradataset/images/subset/55841.jpg,55841.jpg
28614,/Users/tanmay/Desktop/Capstone/code/Trail/img/archive/myntradataset/images/subset/28614.jpg,28614.jpg
16875,/Users/tanmay/Desktop/Capstone/code/Trail/img/archive/myntradataset/images/subset/16875.jpg,16875.jpg
25503,/Users/tanmay/Desktop/Capstone/code/Trail/img/archive/myntradataset/images/subset/25503.jpg,25503.jpg
20151,/Users/tanmay/Desktop/Capstone/code/Trail/img/archive/myntradataset/images/subset/20151.jpg,20151.jpg
29598,/Users/tanmay/Desktop/Capstone/code/Trail/img/archive/myntradataset/images/subset/29598.jpg,29598.jpg
23911,/Users/tanmay/Desktop/Capstone/code/Trail/img/archive/myntradataset/images/subset/23911.jpg,23911.jpg
38681,/Users/tanmay/Desktop/Capstone/code/Trail/img/archive/myntradataset/images/subset/38681.jpg,38681.jpg
18517,/Users/tanmay/Desktop/Capstone/code/Trail/img/archive/myntradataset/images/subset/18517.jpg,18517.jpg
21719,/Users/tanmay/Desktop/Capstone/code/Trail/img/archive/myntradataset/images/subset/21719.jpg,21719.jpg
17086,/Users/tanmay/Desktop/Capstone/code/Trail/img/archive/myntradataset/images/subset/17086.jpg,17086.jpg
59221,/Users/tanmay/Desktop/Capstone/code/Trail/img/archive/myntradataset/images/subset/59221.jpg,59221.jpg
26286,/Users/tanmay/Desktop/Capstone/code/Trail/img/archive/myntradataset/images/subset/26286.jpg,26286.jpg
11971,/Users/tanmay/Desktop/Capstone/code/Trail/img/archive/myntradataset/images/subset/11971.jpg,11971.jpg
23483,/Users/tanmay/Desktop/Capstone/code/Trail/img/archive/myntradataset/images/subset/23483.jpg,23483.jpg
17129,/Users/tanmay/Desktop/Capstone/code/Trail/img/archive/myntradataset/images/subset/17129.jpg,17129.jpg
3402,/Users/tanmay/Desktop/Capstone/code/Trail/img/archive/myntradataset/images/subset/3402.jpg,3402.jpg
26083,/Users/tanmay/Desktop/Capstone/code/Trail/img/archive/myntradataset/images/subset/26083.jpg,26083.jpg
46083,/Users/tanmay/Desktop/Capstone/code/Trail/img/archive/myntradataset/images/subset/46083.jpg,46083.jpg
43165,/Users/tanmay/Desktop/Capstone/code/Trail/img/archive/myntradataset/images/subset/43165.jpg,43165.jpg
40006,/Users/tanmay/Desktop/Capstone/code/Trail/img/archive/myntradataset/images/subset/40006.jpg,40006.jpg
19713,/Users/tanmay/Desktop/Capstone/code/Trail/img/archive/myntradataset/images/subset/19713.jpg,19713.jpg
51574,/Users/tanmay/Desktop/Capstone/code/Trail/img/archive/myntradataset/images/subset/51574.jpg,51574.jpg
24253,/Users/tanmay/Desktop/Capstone/code/Trail/img/archive/myntradataset/images/subset/24253.jpg,24253.jpg
44209,/Users/tanmay/Desktop/Capstone/code/Trail/img/archive/myntradataset/images/subset/44209.jpg,44209.jpg
43654,/Users/tanmay/Desktop/Capstone/code/Trail/img/archive/myntradataset/images/subset/43654.jpg,43654.jpg
20308,/Users/tanmay/Desktop/Capstone/code/Trail/img/archive/myntradataset/images/subset/20308.jpg,20308.jpg
16026,/Users/tanmay/Desktop/Capstone/code/Trail/img/archive/myntradataset/images/subset/16026.jpg,16026.jpg
13428,/Users/tanmay/Desktop/Capstone/code/Trail/img/archive/myntradataset/images/subset/13428.jpg,13428.jpg
57930,/Users/tanmay/Desktop/Capstone/code/Trail/img/archive/myntradataset/images/subset/57930.jpg,57930.jpg
14444,/Users/tanmay/Desktop/Capstone/code/Trail/img/archive/myntradataset/images/subset/14444.jpg,14444.jpg
52330,/Users/tanmay/Desktop/Capstone/code/Trail/img/archive/myntradataset/images/subset/52330.jpg,52330.jpg
49130,/Users/tanmay/Desktop/Capstone/code/Trail/img/archive/myntradataset/images/subset/49130.jpg,49130.jpg
14454,/Users/tanmay/Desktop/Capstone/code/Trail/img/archive/myntradataset/images/subset/14454.jpg,14454.jpg
56977,/Users/tanmay/Desktop/Capstone/code/Trail/img/archive/myntradataset/images/subset/56977.jpg,56977.jpg
20197,/Users/tanmay/Desktop/Capstone/code/Trail/img/archive/myntradataset/images/subset/20197.jpg,20197.jpg
20163,/Users/tanmay/Desktop/Capstone/code/Trail/img/archive/myntradataset/images/subset/20163.jpg,20163.jpg
55177,/Users/tanmay/Desktop/Capstone/code/Trail/img/archive/myntradataset/images/subset/55177.jpg,55177.jpg
33191,/Users/tanmay/Desktop/Capstone/code/Trail/img/archive/myntradataset/images/subset/33191.jpg,33191.jpg
6951,/Users/tanmay/Desktop/Capstone/code/Trail/img/archive/myntradataset/images/subset/6951.jpg,6951.jpg
59638,/Users/tanmay/Desktop/Capstone/code/Trail/img/archive/myntradataset/images/subset/59638.jpg,59638.jpg
22948,/Users/tanmay/Desktop/Capstone/code/Trail/img/archive/myntradataset/images/subset/22948.jpg,22948.jpg
6046,/Users/tanmay/Desktop/Capstone/code/Trail/img/archive/myntradataset/images/subset/6046.jpg,6046.jpg
25333,/Users/tanmay/Desktop/Capstone/code/Trail/img/archive/myntradataset/images/subset/25333.jpg,25333.jpg
53399,/Users/tanmay/Desktop/Capstone/code/Trail/img/archive/myntradataset/images/subset/53399.jpg,53399.jpg
16053,/Users/tanmay/Desktop/Capstone/code/Trail/img/archive/myntradataset/images/subset/16053.jpg,16053.jpg
29158,/Users/tanmay/Desktop/Capstone/code/Trail/img/archive/myntradataset/images/subset/29158.jpg,29158.jpg
20994,/Users/tanmay/Desktop/Capstone/code/Trail/img/archive/myntradataset/images/subset/20994.jpg,20994.jpg
9862,/Users/tanmay/Desktop/Capstone/code/Trail/img/archive/myntradataset/images/subset/9862.jpg,9862.jpg
12275,/Users/tanmay/Desktop/Capstone/code/Trail/img/archive/myntradataset/images/subset/12275.jpg,12275.jpg
11783,/Users/tanmay/Desktop/Capstone/code/Trail/img/archive/myntradataset/images/subset/11783.jpg,11783.jpg
54147,/Users/tanmay/Desktop/Capstone/code/Trail/img/archive/myntradataset/images/subset/54147.jpg,54147.jpg
14564,/Users/tanmay/Desktop/Capstone/code/Trail/img/archive/myntradataset/images/subset/14564.jpg,14564.jpg
24119,/Users/tanmay/Desktop/Capstone/code/Trail/img/archive/myntradataset/images/subset/24119.jpg,24119.jpg
14304,/Users/tanmay/Desktop/Capstone/code/Trail/img/archive/myntradataset/images/subset/14304.jpg,14304.jpg
33835,/Users/tanmay/Desktop/Capstone/code/Trail/img/archive/myntradataset/images/subset/33835.jpg,33835.jpg
50907,/Users/tanmay/Desktop/Capstone/code/Trail/img/archive/myntradataset/images/subset/50907.jpg,50907.jpg
51633,/Users/tanmay/Desktop/Capstone/code/Trail/img/archive/myntradataset/images/subset/51633.jpg,51633.jpg
38161,/Users/tanmay/Desktop/Capstone/code/Trail/img/archive/myntradataset/images/subset/38161.jpg,38161.jpg
5419,/Users/tanmay/Desktop/Capstone/code/Trail/img/archive/myntradataset/images/subset/5419.jpg,5419.jpg
23441,/Users/tanmay/Desktop/Capstone/code/Trail/img/archive/myntradataset/images/subset/23441.jpg,23441.jpg
28583,/Users/tanmay/Desktop/Capstone/code/Trail/img/archive/myntradataset/images/subset/28583.jpg,28583.jpg
59035,/Users/tanmay/Desktop/Capstone/code/Trail/img/archive/myntradataset/images/subset/59035.jpg,59035.jpg
32593,/Users/tanmay/Desktop/Capstone/code/Trail/img/archive/myntradataset/images/subset/32593.jpg,32593.jpg
7807,/Users/tanmay/Desktop/Capstone/code/Trail/img/archive/myntradataset/images/subset/7807.jpg,7807.jpg
23596,/Users/tanmay/Desktop/Capstone/code/Trail/img/archive/myntradataset/images/subset/23596.jpg,23596.jpg
25837,/Users/tanmay/Desktop/Capstone/code/Trail/img/archive/myntradataset/images/subset/25837.jpg,25837.jpg
5432,/Users/tanmay/Desktop/Capstone/code/Trail/img/archive/myntradataset/images/subset/5432.jpg,5432.jpg
15807,/Users/tanmay/Desktop/Capstone/code/Trail/img/archive/myntradataset/images/subset/15807.jpg,15807.jpg
38546,/Users/tanmay/Desktop/Capstone/code/Trail/img/archive/myntradataset/images/subset/38546.jpg,38546.jpg
28281,/Users/tanmay/Desktop/Capstone/code/Trail/img/archive/myntradataset/images/subset/28281.jpg,28281.jpg
1558,/Users/tanmay/Desktop/Capstone/code/Trail/img/archive/myntradataset/images/subset/1558.jpg,1558.jpg
27975,/Users/tanmay/Desktop/Capstone/code/Trail/img/archive/myntradataset/images/subset/27975.jpg,27975.jpg
44577,/Users/tanmay/Desktop/Capstone/code/Trail/img/archive/myntradataset/images/subset/44577.jpg,44577.jpg
44751,/Users/tanmay/Desktop/Capstone/code/Trail/img/archive/myntradataset/images/subset/44751.jpg,44751.jpg
48189,/Users/tanmay/Desktop/Capstone/code/Trail/img/archive/myntradataset/images/subset/48189.jpg,48189.jpg
23287,/Users/tanmay/Desktop/Capstone/code/Trail/img/archive/myntradataset/images/subset/23287.jpg,23287.jpg
38537,/Users/tanmay/Desktop/Capstone/code/Trail/img/archive/myntradataset/images/subset/38537.jpg,38537.jpg
40177,/Users/tanmay/Desktop/Capstone/code/Trail/img/archive/myntradataset/images/subset/40177.jpg,40177.jpg
15878,/Users/tanmay/Desktop/Capstone/code/Trail/img/archive/myntradataset/images/subset/15878.jpg,15878.jpg
16070,/Users/tanmay/Desktop/Capstone/code/Trail/img/archive/myntradataset/images/subset/16070.jpg,16070.jpg
5851,/Users/tanmay/Desktop/Capstone/code/Trail/img/archive/myntradataset/images/subset/5851.jpg,5851.jpg
42850,/Users/tanmay/Desktop/Capstone/code/Trail/img/archive/myntradataset/images/subset/42850.jpg,42850.jpg
23753,/Users/tanmay/Desktop/Capstone/code/Trail/img/archive/myntradataset/images/subset/23753.jpg,23753.jpg
53427,/Users/tanmay/Desktop/Capstone/code/Trail/img/archive/myntradataset/images/subset/53427.jpg,53427.jpg
37410,/Users/tanmay/Desktop/Capstone/code/Trail/img/archive/myntradataset/images/subset/37410.jpg,37410.jpg
49721,/Users/tanmay/Desktop/Capstone/code/Trail/img/archive/myntradataset/images/subset/49721.jpg,49721.jpg
20599,/Users/tanmay/Desktop/Capstone/code/Trail/img/archive/myntradataset/images/subset/20599.jpg,20599.jpg
28171,/Users/tanmay/Desktop/Capstone/code/Trail/img/archive/myntradataset/images/subset/28171.jpg,28171.jpg
25878,/Users/tanmay/Desktop/Capstone/code/Trail/img/archive/myntradataset/images/subset/25878.jpg,25878.jpg
2479,/Users/tanmay/Desktop/Capstone/code/Trail/img/archive/myntradataset/images/subset/2479.jpg,2479.jpg
9008,/Users/tanmay/Desktop/Capstone/code/Trail/img/archive/myntradataset/images/subset/9008.jpg,9008.jpg
6635,/Users/tanmay/Desktop/Capstone/code/Trail/img/archive/myntradataset/images/subset/6635.jpg,6635.jpg
42331,/Users/tanmay/Desktop/Capstone/code/Trail/img/archive/myntradataset/images/subset/42331.jpg,42331.jpg
59615,/Users/tanmay/Desktop/Capstone/code/Trail/img/archive/myntradataset/images/subset/59615.jpg,59615.jpg
33650,/Users/tanmay/Desktop/Capstone/code/Trail/img/archive/myntradataset/images/subset/33650.jpg,33650.jpg
25939,/Users/tanmay/Desktop/Capstone/code/Trail/img/archive/myntradataset/images/subset/25939.jpg,25939.jpg
27092,/Users/tanmay/Desktop/Capstone/code/Trail/img/archive/myntradataset/images/subset/27092.jpg,27092.jpg
23526,/Users/tanmay/Desktop/Capstone/code/Trail/img/archive/myntradataset/images/subset/23526.jpg,23526.jpg
10661,/Users/tanmay/Desktop/Capstone/code/Trail/img/archive/myntradataset/images/subset/10661.jpg,10661.jpg
59938,/Users/tanmay/Desktop/Capstone/code/Trail/img/archive/myntradataset/images/subset/59938.jpg,59938.jpg
28950,/Users/tanmay/Desktop/Capstone/code/Trail/img/archive/myntradataset/images/subset/28950.jpg,28950.jpg
22046,/Users/tanmay/Desktop/Capstone/code/Trail/img/archive/myntradataset/images/subset/22046.jpg,22046.jpg
25892,/Users/tanmay/Desktop/Capstone/code/Trail/img/archive/myntradataset/images/subset/25892.jpg,25892.jpg
22537,/Users/tanmay/Desktop/Capstone/code/Trail/img/archive/myntradataset/images/subset/22537.jpg,22537.jpg
18497,/Users/tanmay/Desktop/Capstone/code/Trail/img/archive/myntradataset/images/subset/18497.jpg,18497.jpg
9095,/Users/tanmay/Desktop/Capstone/code/Trail/img/archive/myntradataset/images/subset/9095.jpg,9095.jpg
29223,/Users/tanmay/Desktop/Capstone/code/Trail/img/archive/myntradataset/images/subset/29223.jpg,29223.jpg
22815,/Users/tanmay/Desktop/Capstone/code/Trail/img/archive/myntradataset/images/subset/22815.jpg,22815.jpg
42868,/Users/tanmay/Desktop/Capstone/code/Trail/img/archive/myntradataset/images/subset/42868.jpg,42868.jpg
55146,/Users/tanmay/Desktop/Capstone/code/Trail/img/archive/myntradataset/images/subset/55146.jpg,55146.jpg
50402,/Users/tanmay/Desktop/Capstone/code/Trail/img/archive/myntradataset/images/subset/50402.jpg,50402.jpg
49160,/Users/tanmay/Desktop/Capstone/code/Trail/img/archive/myntradataset/images/subset/49160.jpg,49160.jpg
21712,/Users/tanmay/Desktop/Capstone/code/Trail/img/archive/myntradataset/images/subset/21712.jpg,21712.jpg
23323,/Users/tanmay/Desktop/Capstone/code/Trail/img/archive/myntradataset/images/subset/23323.jpg,23323.jpg
30850,/Users/tanmay/Desktop/Capstone/code/Trail/img/archive/myntradataset/images/subset/30850.jpg,30850.jpg
58454,/Users/tanmay/Desktop/Capstone/code/Trail/img/archive/myntradataset/images/subset/58454.jpg,58454.jpg
7607,/Users/tanmay/Desktop/Capstone/code/Trail/img/archive/myntradataset/images/subset/7607.jpg,7607.jpg
47360,/Users/tanmay/Desktop/Capstone/code/Trail/img/archive/myntradataset/images/subset/47360.jpg,47360.jpg
19308,/Users/tanmay/Desktop/Capstone/code/Trail/img/archive/myntradataset/images/subset/19308.jpg,19308.jpg
56221,/Users/tanmay/Desktop/Capstone/code/Trail/img/archive/myntradataset/images/subset/56221.jpg,56221.jpg
48731,/Users/tanmay/Desktop/Capstone/code/Trail/img/archive/myntradataset/images/subset/48731.jpg,48731.jpg
7864,/Users/tanmay/Desktop/Capstone/code/Trail/img/archive/myntradataset/images/subset/7864.jpg,7864.jpg
31368,/Users/tanmay/Desktop/Capstone/code/Trail/img/archive/myntradataset/images/subset/31368.jpg,31368.jpg
12034,/Users/tanmay/Desktop/Capstone/code/Trail/img/archive/myntradataset/images/subset/12034.jpg,12034.jpg
18220,/Users/tanmay/Desktop/Capstone/code/Trail/img/archive/myntradataset/images/subset/18220.jpg,18220.jpg
24299,/Users/tanmay/Desktop/Capstone/code/Trail/img/archive/myntradataset/images/subset/24299.jpg,24299.jpg
10283,/Users/tanmay/Desktop/Capstone/code/Trail/img/archive/myntradataset/images/subset/10283.jpg,10283.jpg
46651,/Users/tanmay/Desktop/Capstone/code/Trail/img/archive/myntradataset/images/subset/46651.jpg,46651.jpg
58520,/Users/tanmay/Desktop/Capstone/code/Trail/img/archive/myntradataset/images/subset/58520.jpg,58520.jpg
46922,/Users/tanmay/Desktop/Capstone/code/Trail/img/archive/myntradataset/images/subset/46922.jpg,46922.jpg
13967,/Users/tanmay/Desktop/Capstone/code/Trail/img/archive/myntradataset/images/subset/13967.jpg,13967.jpg
2867,/Users/tanmay/Desktop/Capstone/code/Trail/img/archive/myntradataset/images/subset/2867.jpg,2867.jpg
22475,/Users/tanmay/Desktop/Capstone/code/Trail/img/archive/myntradataset/images/subset/22475.jpg,22475.jpg
55110,/Users/tanmay/Desktop/Capstone/code/Trail/img/archive/myntradataset/images/subset/55110.jpg,55110.jpg
23956,/Users/tanmay/Desktop/Capstone/code/Trail/img/archive/myntradataset/images/subset/23956.jpg,23956.jpg
54495,/Users/tanmay/Desktop/Capstone/code/Trail/img/archive/myntradataset/images/subset/54495.jpg,54495.jpg
11008,/Users/tanmay/Desktop/Capstone/code/Trail/img/archive/myntradataset/images/subset/11008.jpg,11008.jpg
38681,/Users/tanmay/Desktop/Capstone/code/Trail/img/archive/myntradataset/images/subset/38681.jpg,38681.jpg
26992,/Users/tanmay/Desktop/Capstone/code/Trail/img/archive/myntradataset/images/subset/26992.jpg,26992.jpg
43699,/Users/tanmay/Desktop/Capstone/code/Trail/img/archive/myntradataset/images/subset/43699.jpg,43699.jpg
19925,/Users/tanmay/Desktop/Capstone/code/Trail/img/archive/myntradataset/images/subset/19925.jpg,19925.jpg
6820,/Users/tanmay/Desktop/Capstone/code/Trail/img/archive/myntradataset/images/subset/6820.jpg,6820.jpg
56908,/Users/tanmay/Desktop/Capstone/code/Trail/img/archive/myntradataset/images/subset/56908.jpg,56908.jpg
15117,/Users/tanmay/Desktop/Capstone/code/Trail/img/archive/myntradataset/images/subset/15117.jpg,15117.jpg
3896,/Users/tanmay/Desktop/Capstone/code/Trail/img/archive/myntradataset/images/subset/3896.jpg,3896.jpg
17626,/Users/tanmay/Desktop/Capstone/code/Trail/img/archive/myntradataset/images/subset/17626.jpg,17626.jpg
26879,/Users/tanmay/Desktop/Capstone/code/Trail/img/archive/myntradataset/images/subset/26879.jpg,26879.jpg
45047,/Users/tanmay/Desktop/Capstone/code/Trail/img/archive/myntradataset/images/subset/45047.jpg,45047.jpg
48916,/Users/tanmay/Desktop/Capstone/code/Trail/img/archive/myntradataset/images/subset/48916.jpg,48916.jpg
31645,/Users/tanmay/Desktop/Capstone/code/Trail/img/archive/myntradataset/images/subset/31645.jpg,31645.jpg
3375,/Users/tanmay/Desktop/Capstone/code/Trail/img/archive/myntradataset/images/subset/3375.jpg,3375.jpg
33017,/Users/tanmay/Desktop/Capstone/code/Trail/img/archive/myntradataset/images/subset/33017.jpg,33017.jpg
3088,/Users/tanmay/Desktop/Capstone/code/Trail/img/archive/myntradataset/images/subset/3088.jpg,3088.jpg
56602,/Users/tanmay/Desktop/Capstone/code/Trail/img/archive/myntradataset/images/subset/56602.jpg,56602.jpg
58013,/Users/tanmay/Desktop/Capstone/code/Trail/img/archive/myntradataset/images/subset/58013.jpg,58013.jpg
57089,/Users/tanmay/Desktop/Capstone/code/Trail/img/archive/myntradataset/images/subset/57089.jpg,57089.jpg
26529,/Users/tanmay/Desktop/Capstone/code/Trail/img/archive/myntradataset/images/subset/26529.jpg,26529.jpg
19909,/Users/tanmay/Desktop/Capstone/code/Trail/img/archive/myntradataset/images/subset/19909.jpg,19909.jpg
18200,/Users/tanmay/Desktop/Capstone/code/Trail/img/archive/myntradataset/images/subset/18200.jpg,18200.jpg
58695,/Users/tanmay/Desktop/Capstone/code/Trail/img/archive/myntradataset/images/subset/58695.jpg,58695.jpg
23135,/Users/tanmay/Desktop/Capstone/code/Trail/img/archive/myntradataset/images/subset/23135.jpg,23135.jpg
3737,/Users/tanmay/Desktop/Capstone/code/Trail/img/archive/myntradataset/images/subset/3737.jpg,3737.jpg
42816,/Users/tanmay/Desktop/Capstone/code/Trail/img/archive/myntradataset/images/subset/42816.jpg,42816.jpg
3881,/Users/tanmay/Desktop/Capstone/code/Trail/img/archive/myntradataset/images/subset/3881.jpg,3881.jpg
20733,/Users/tanmay/Desktop/Capstone/code/Trail/img/archive/myntradataset/images/subset/20733.jpg,20733.jpg
12849,/Users/tanmay/Desktop/Capstone/code/Trail/img/archive/myntradataset/images/subset/12849.jpg,12849.jpg
26437,/Users/tanmay/Desktop/Capstone/code/Trail/img/archive/myntradataset/images/subset/26437.jpg,26437.jpg
35472,/Users/tanmay/Desktop/Capstone/code/Trail/img/archive/myntradataset/images/subset/35472.jpg,35472.jpg
13378,/Users/tanmay/Desktop/Capstone/code/Trail/img/archive/myntradataset/images/subset/13378.jpg,13378.jpg
15000,/Users/tanmay/Desktop/Capstone/code/Trail/img/archive/myntradataset/images/subset/15000.jpg,15000.jpg
53657,/Users/tanmay/Desktop/Capstone/code/Trail/img/archive/myntradataset/images/subset/53657.jpg,53657.jpg
50911,/Users/tanmay/Desktop/Capstone/code/Trail/img/archive/myntradataset/images/subset/50911.jpg,50911.jpg
15683,/Users/tanmay/Desktop/Capstone/code/Trail/img/archive/myntradataset/images/subset/15683.jpg,15683.jpg
39414,/Users/tanmay/Desktop/Capstone/code/Trail/img/archive/myntradataset/images/subset/39414.jpg,39414.jpg
55068,/Users/tanmay/Desktop/Capstone/code/Trail/img/archive/myntradataset/images/subset/55068.jpg,55068.jpg
23473,/Users/tanmay/Desktop/Capstone/code/Trail/img/archive/myntradataset/images/subset/23473.jpg,23473.jpg
52075,/Users/tanmay/Desktop/Capstone/code/Trail/img/archive/myntradataset/images/subset/52075.jpg,52075.jpg
21351,/Users/tanmay/Desktop/Capstone/code/Trail/img/archive/myntradataset/images/subset/21351.jpg,21351.jpg
56106,/Users/tanmay/Desktop/Capstone/code/Trail/img/archive/myntradataset/images/subset/56106.jpg,56106.jpg
11472,/Users/tanmay/Desktop/Capstone/code/Trail/img/archive/myntradataset/images/subset/11472.jpg,11472.jpg
10299,/Users/tanmay/Desktop/Capstone/code/Trail/img/archive/myntradataset/images/subset/10299.jpg,10299.jpg
5661,/Users/tanmay/Desktop/Capstone/code/Trail/img/archive/myntradataset/images/subset/5661.jpg,5661.jpg
42041,/Users/tanmay/Desktop/Capstone/code/Trail/img/archive/myntradataset/images/subset/42041.jpg,42041.jpg
34234,/Users/tanmay/Desktop/Capstone/code/Trail/img/archive/myntradataset/images/subset/34234.jpg,34234.jpg
39173,/Users/tanmay/Desktop/Capstone/code/Trail/img/archive/myntradataset/images/subset/39173.jpg,39173.jpg
10455,/Users/tanmay/Desktop/Capstone/code/Trail/img/archive/myntradataset/images/subset/10455.jpg,10455.jpg
45134,/Users/tanmay/Desktop/Capstone/code/Trail/img/archive/myntradataset/images/subset/45134.jpg,45134.jpg
35272,/Users/tanmay/Desktop/Capstone/code/Trail/img/archive/myntradataset/images/subset/35272.jpg,35272.jpg
9161,/Users/tanmay/Desktop/Capstone/code/Trail/img/archive/myntradataset/images/subset/9161.jpg,9161.jpg
26220,/Users/tanmay/Desktop/Capstone/code/Trail/img/archive/myntradataset/images/subset/26220.jpg,26220.jpg
3884,/Users/tanmay/Desktop/Capstone/code/Trail/img/archive/myntradataset/images/subset/3884.jpg,3884.jpg
17516,/Users/tanmay/Desktop/Capstone/code/Trail/img/archive/myntradataset/images/subset/17516.jpg,17516.jpg
37315,/Users/tanmay/Desktop/Capstone/code/Trail/img/archive/myntradataset/images/subset/37315.jpg,37315.jpg
4016,/Users/tanmay/Desktop/Capstone/code/Trail/img/archive/myntradataset/images/subset/4016.jpg,4016.jpg
46613,/Users/tanmay/Desktop/Capstone/code/Trail/img/archive/myntradataset/images/subset/46613.jpg,46613.jpg
28345,/Users/tanmay/Desktop/Capstone/code/Trail/img/archive/myntradataset/images/subset/28345.jpg,28345.jpg
28044,/Users/tanmay/Desktop/Capstone/code/Trail/img/archive/myntradataset/images/subset/28044.jpg,28044.jpg
52487,/Users/tanmay/Desktop/Capstone/code/Trail/img/archive/myntradataset/images/subset/52487.jpg,52487.jpg
22911,/Users/tanmay/Desktop/Capstone/code/Trail/img/archive/myntradataset/images/subset/22911.jpg,22911.jpg
18539,/Users/tanmay/Desktop/Capstone/code/Trail/img/archive/myntradataset/images/subset/18539.jpg,18539.jpg
46866,/Users/tanmay/Desktop/Capstone/code/Trail/img/archive/myntradataset/images/subset/46866.jpg,46866.jpg
51204,/Users/tanmay/Desktop/Capstone/code/Trail/img/archive/myntradataset/images/subset/51204.jpg,51204.jpg
28033,/Users/tanmay/Desktop/Capstone/code/Trail/img/archive/myntradataset/images/subset/28033.jpg,28033.jpg
26728,/Users/tanmay/Desktop/Capstone/code/Trail/img/archive/myntradataset/images/subset/26728.jpg,26728.jpg
10489,/Users/tanmay/Desktop/Capstone/code/Trail/img/archive/myntradataset/images/subset/10489.jpg,10489.jpg
20601,/Users/tanmay/Desktop/Capstone/code/Trail/img/archive/myntradataset/images/subset/20601.jpg,20601.jpg
8276,/Users/tanmay/Desktop/Capstone/code/Trail/img/archive/myntradataset/images/subset/8276.jpg,8276.jpg
18345,/Users/tanmay/Desktop/Capstone/code/Trail/img/archive/myntradataset/images/subset/18345.jpg,18345.jpg
3847,/Users/tanmay/Desktop/Capstone/code/Trail/img/archive/myntradataset/images/subset/3847.jpg,3847.jpg
48744,/Users/tanmay/Desktop/Capstone/code/Trail/img/archive/myntradataset/images/subset/48744.jpg,48744.jpg
11391,/Users/tanmay/Desktop/Capstone/code/Trail/img/archive/myntradataset/images/subset/11391.jpg,11391.jpg
31289,/Users/tanmay/Desktop/Capstone/code/Trail/img/archive/myntradataset/images/subset/31289.jpg,31289.jpg
58118,/Users/tanmay/Desktop/Capstone/code/Trail/img/archive/myntradataset/images/subset/58118.jpg,58118.jpg
12913,/Users/tanmay/Desktop/Capstone/code/Trail/img/archive/myntradataset/images/subset/12913.jpg,12913.jpg
12755,/Users/tanmay/Desktop/Capstone/code/Trail/img/archive/myntradataset/images/subset/12755.jpg,12755.jpg
11345,/Users/tanmay/Desktop/Capstone/code/Trail/img/archive/myntradataset/images/subset/11345.jpg,11345.jpg
17816,/Users/tanmay/Desktop/Capstone/code/Trail/img/archive/myntradataset/images/subset/17816.jpg,17816.jpg
19323,/Users/tanmay/Desktop/Capstone/code/Trail/img/archive/myntradataset/images/subset/19323.jpg,19323.jpg
55438,/Users/tanmay/Desktop/Capstone/code/Trail/img/archive/myntradataset/images/subset/55438.jpg,55438.jpg
9077,/Users/tanmay/Desktop/Capstone/code/Trail/img/archive/myntradataset/images/subset/9077.jpg,9077.jpg
8901,/Users/tanmay/Desktop/Capstone/code/Trail/img/archive/myntradataset/images/subset/8901.jpg,8901.jpg
33342,/Users/tanmay/Desktop/Capstone/code/Trail/img/archive/myntradataset/images/subset/33342.jpg,33342.jpg
5547,/Users/tanmay/Desktop/Capstone/code/Trail/img/archive/myntradataset/images/subset/5547.jpg,5547.jpg
39841,/Users/tanmay/Desktop/Capstone/code/Trail/img/archive/myntradataset/images/subset/39841.jpg,39841.jpg
44343,/Users/tanmay/Desktop/Capstone/code/Trail/img/archive/myntradataset/images/subset/44343.jpg,44343.jpg
49755,/Users/tanmay/Desktop/Capstone/code/Trail/img/archive/myntradataset/images/subset/49755.jpg,49755.jpg
15228,/Users/tanmay/Desktop/Capstone/code/Trail/img/archive/myntradataset/images/subset/15228.jpg,15228.jpg
7630,/Users/tanmay/Desktop/Capstone/code/Trail/img/archive/myntradataset/images/subset/7630.jpg,7630.jpg
54955,/Users/tanmay/Desktop/Capstone/code/Trail/img/archive/myntradataset/images/subset/54955.jpg,54955.jpg
15310,/Users/tanmay/Desktop/Capstone/code/Trail/img/archive/myntradataset/images/subset/15310.jpg,15310.jpg
57042,/Users/tanmay/Desktop/Capstone/code/Trail/img/archive/myntradataset/images/subset/57042.jpg,57042.jpg
7196,/Users/tanmay/Desktop/Capstone/code/Trail/img/archive/myntradataset/images/subset/7196.jpg,7196.jpg
5647,/Users/tanmay/Desktop/Capstone/code/Trail/img/archive/myntradataset/images/subset/5647.jpg,5647.jpg
35229,/Users/tanmay/Desktop/Capstone/code/Trail/img/archive/myntradataset/images/subset/35229.jpg,35229.jpg
41276,/Users/tanmay/Desktop/Capstone/code/Trail/img/archive/myntradataset/images/subset/41276.jpg,41276.jpg
14450,/Users/tanmay/Desktop/Capstone/code/Trail/img/archive/myntradataset/images/subset/14450.jpg,14450.jpg
6126,/Users/tanmay/Desktop/Capstone/code/Trail/img/archive/myntradataset/images/subset/6126.jpg,6126.jpg
42019,/Users/tanmay/Desktop/Capstone/code/Trail/img/archive/myntradataset/images/subset/42019.jpg,42019.jpg
54570,/Users/tanmay/Desktop/Capstone/code/Trail/img/archive/myntradataset/images/subset/54570.jpg,54570.jpg
27772,/Users/tanmay/Desktop/Capstone/code/Trail/img/archive/myntradataset/images/subset/27772.jpg,27772.jpg
22305,/Users/tanmay/Desktop/Capstone/code/Trail/img/archive/myntradataset/images/subset/22305.jpg,22305.jpg
16734,/Users/tanmay/Desktop/Capstone/code/Trail/img/archive/myntradataset/images/subset/16734.jpg,16734.jpg
11573,/Users/tanmay/Desktop/Capstone/code/Trail/img/archive/myntradataset/images/subset/11573.jpg,11573.jpg
28677,/Users/tanmay/Desktop/Capstone/code/Trail/img/archive/myntradataset/images/subset/28677.jpg,28677.jpg
15711,/Users/tanmay/Desktop/Capstone/code/Trail/img/archive/myntradataset/images/subset/15711.jpg,15711.jpg
6800,/Users/tanmay/Desktop/Capstone/code/Trail/img/archive/myntradataset/images/subset/6800.jpg,6800.jpg
39080,/Users/tanmay/Desktop/Capstone/code/Trail/img/archive/myntradataset/images/subset/39080.jpg,39080.jpg
25537,/Users/tanmay/Desktop/Capstone/code/Trail/img/archive/myntradataset/images/subset/25537.jpg,25537.jpg
26917,/Users/tanmay/Desktop/Capstone/code/Trail/img/archive/myntradataset/images/subset/26917.jpg,26917.jpg
56550,/Users/tanmay/Desktop/Capstone/code/Trail/img/archive/myntradataset/images/subset/56550.jpg,56550.jpg
57449,/Users/tanmay/Desktop/Capstone/code/Trail/img/archive/myntradataset/images/subset/57449.jpg,57449.jpg
15948,/Users/tanmay/Desktop/Capstone/code/Trail/img/archive/myntradataset/images/subset/15948.jpg,15948.jpg
30351,/Users/tanmay/Desktop/Capstone/code/Trail/img/archive/myntradataset/images/subset/30351.jpg,30351.jpg
28711,/Users/tanmay/Desktop/Capstone/code/Trail/img/archive/myntradataset/images/subset/28711.jpg,28711.jpg
33484,/Users/tanmay/Desktop/Capstone/code/Trail/img/archive/myntradataset/images/subset/33484.jpg,33484.jpg
40239,/Users/tanmay/Desktop/Capstone/code/Trail/img/archive/myntradataset/images/subset/40239.jpg,40239.jpg
7292,/Users/tanmay/Desktop/Capstone/code/Trail/img/archive/myntradataset/images/subset/7292.jpg,7292.jpg
32158,/Users/tanmay/Desktop/Capstone/code/Trail/img/archive/myntradataset/images/subset/32158.jpg,32158.jpg
55856,/Users/tanmay/Desktop/Capstone/code/Trail/img/archive/myntradataset/images/subset/55856.jpg,55856.jpg
44986,/Users/tanmay/Desktop/Capstone/code/Trail/img/archive/myntradataset/images/subset/44986.jpg,44986.jpg
24514,/Users/tanmay/Desktop/Capstone/code/Trail/img/archive/myntradataset/images/subset/24514.jpg,24514.jpg
31444,/Users/tanmay/Desktop/Capstone/code/Trail/img/archive/myntradataset/images/subset/31444.jpg,31444.jpg
14398,/Users/tanmay/Desktop/Capstone/code/Trail/img/archive/myntradataset/images/subset/14398.jpg,14398.jpg
41689,/Users/tanmay/Desktop/Capstone/code/Trail/img/archive/myntradataset/images/subset/41689.jpg,41689.jpg
34340,/Users/tanmay/Desktop/Capstone/code/Trail/img/archive/myntradataset/images/subset/34340.jpg,34340.jpg
42223,/Users/tanmay/Desktop/Capstone/code/Trail/img/archive/myntradataset/images/subset/42223.jpg,42223.jpg
32464,/Users/tanmay/Desktop/Capstone/code/Trail/img/archive/myntradataset/images/subset/32464.jpg,32464.jpg
30609,/Users/tanmay/Desktop/Capstone/code/Trail/img/archive/myntradataset/images/subset/30609.jpg,30609.jpg
50224,/Users/tanmay/Desktop/Capstone/code/Trail/img/archive/myntradataset/images/subset/50224.jpg,50224.jpg
20780,/Users/tanmay/Desktop/Capstone/code/Trail/img/archive/myntradataset/images/subset/20780.jpg,20780.jpg
44755,/Users/tanmay/Desktop/Capstone/code/Trail/img/archive/myntradataset/images/subset/44755.jpg,44755.jpg
3605,/Users/tanmay/Desktop/Capstone/code/Trail/img/archive/myntradataset/images/subset/3605.jpg,3605.jpg
54306,/Users/tanmay/Desktop/Capstone/code/Trail/img/archive/myntradataset/images/subset/54306.jpg,54306.jpg
13567,/Users/tanmay/Desktop/Capstone/code/Trail/img/archive/myntradataset/images/subset/13567.jpg,13567.jpg
26548,/Users/tanmay/Desktop/Capstone/code/Trail/img/archive/myntradataset/images/subset/26548.jpg,26548.jpg
34052,/Users/tanmay/Desktop/Capstone/code/Trail/img/archive/myntradataset/images/subset/34052.jpg,34052.jpg
22962,/Users/tanmay/Desktop/Capstone/code/Trail/img/archive/myntradataset/images/subset/22962.jpg,22962.jpg
36441,/Users/tanmay/Desktop/Capstone/code/Trail/img/archive/myntradataset/images/subset/36441.jpg,36441.jpg
6141,/Users/tanmay/Desktop/Capstone/code/Trail/img/archive/myntradataset/images/subset/6141.jpg,6141.jpg
16915,/Users/tanmay/Desktop/Capstone/code/Trail/img/archive/myntradataset/images/subset/16915.jpg,16915.jpg
20313,/Users/tanmay/Desktop/Capstone/code/Trail/img/archive/myntradataset/images/subset/20313.jpg,20313.jpg
57059,/Users/tanmay/Desktop/Capstone/code/Trail/img/archive/myntradataset/images/subset/57059.jpg,57059.jpg
15201,/Users/tanmay/Desktop/Capstone/code/Trail/img/archive/myntradataset/images/subset/15201.jpg,15201.jpg
25821,/Users/tanmay/Desktop/Capstone/code/Trail/img/archive/myntradataset/images/subset/25821.jpg,25821.jpg
26652,/Users/tanmay/Desktop/Capstone/code/Trail/img/archive/myntradataset/images/subset/26652.jpg,26652.jpg
31356,/Users/tanmay/Desktop/Capstone/code/Trail/img/archive/myntradataset/images/subset/31356.jpg,31356.jpg
20669,/Users/tanmay/Desktop/Capstone/code/Trail/img/archive/myntradataset/images/subset/20669.jpg,20669.jpg
11828,/Users/tanmay/Desktop/Capstone/code/Trail/img/archive/myntradataset/images/subset/11828.jpg,11828.jpg
49976,/Users/tanmay/Desktop/Capstone/code/Trail/img/archive/myntradataset/images/subset/49976.jpg,49976.jpg
18304,/Users/tanmay/Desktop/Capstone/code/Trail/img/archive/myntradataset/images/subset/18304.jpg,18304.jpg
15321,/Users/tanmay/Desktop/Capstone/code/Trail/img/archive/myntradataset/images/subset/15321.jpg,15321.jpg
37047,/Users/tanmay/Desktop/Capstone/code/Trail/img/archive/myntradataset/images/subset/37047.jpg,37047.jpg
31300,/Users/tanmay/Desktop/Capstone/code/Trail/img/archive/myntradataset/images/subset/31300.jpg,31300.jpg
30335,/Users/tanmay/Desktop/Capstone/code/Trail/img/archive/myntradataset/images/subset/30335.jpg,30335.jpg
35147,/Users/tanmay/Desktop/Capstone/code/Trail/img/archive/myntradataset/images/subset/35147.jpg,35147.jpg
42856,/Users/tanmay/Desktop/Capstone/code/Trail/img/archive/myntradataset/images/subset/42856.jpg,42856.jpg
50171,/Users/tanmay/Desktop/Capstone/code/Trail/img/archive/myntradataset/images/subset/50171.jpg,50171.jpg
55032,/Users/tanmay/Desktop/Capstone/code/Trail/img/archive/myntradataset/images/subset/55032.jpg,55032.jpg
5238,/Users/tanmay/Desktop/Capstone/code/Trail/img/archive/myntradataset/images/subset/5238.jpg,5238.jpg
15705,/Users/tanmay/Desktop/Capstone/code/Trail/img/archive/myntradataset/images/subset/15705.jpg,15705.jpg
15761,/Users/tanmay/Desktop/Capstone/code/Trail/img/archive/myntradataset/images/subset/15761.jpg,15761.jpg
56031,/Users/tanmay/Desktop/Capstone/code/Trail/img/archive/myntradataset/images/subset/56031.jpg,56031.jpg
51622,/Users/tanmay/Desktop/Capstone/code/Trail/img/archive/myntradataset/images/subset/51622.jpg,51622.jpg
29584,/Users/tanmay/Desktop/Capstone/code/Trail/img/archive/myntradataset/images/subset/29584.jpg,29584.jpg
6274,/Users/tanmay/Desktop/Capstone/code/Trail/img/archive/myntradataset/images/subset/6274.jpg,6274.jpg
6778,/Users/tanmay/Desktop/Capstone/code/Trail/img/archive/myntradataset/images/subset/6778.jpg,6778.jpg
11964,/Users/tanmay/Desktop/Capstone/code/Trail/img/archive/myntradataset/images/subset/11964.jpg,11964.jpg
15050,/Users/tanmay/Desktop/Capstone/code/Trail/img/archive/myntradataset/images/subset/15050.jpg,15050.jpg
14666,/Users/tanmay/Desktop/Capstone/code/Trail/img/archive/myntradataset/images/subset/14666.jpg,14666.jpg
52883,/Users/tanmay/Desktop/Capstone/code/Trail/img/archive/myntradataset/images/subset/52883.jpg,52883.jpg
4015,/Users/tanmay/Desktop/Capstone/code/Trail/img/archive/myntradataset/images/subset/4015.jpg,4015.jpg
50553,/Users/tanmay/Desktop/Capstone/code/Trail/img/archive/myntradataset/images/subset/50553.jpg,50553.jpg
14922,/Users/tanmay/Desktop/Capstone/code/Trail/img/archive/myntradataset/images/subset/14922.jpg,14922.jpg
28918,/Users/tanmay/Desktop/Capstone/code/Trail/img/archive/myntradataset/images/subset/28918.jpg,28918.jpg
28986,/Users/tanmay/Desktop/Capstone/code/Trail/img/archive/myntradataset/images/subset/28986.jpg,28986.jpg
43614,/Users/tanmay/Desktop/Capstone/code/Trail/img/archive/myntradataset/images/subset/43614.jpg,43614.jpg
5817,/Users/tanmay/Desktop/Capstone/code/Trail/img/archive/myntradataset/images/subset/5817.jpg,5817.jpg
44460,/Users/tanmay/Desktop/Capstone/code/Trail/img/archive/myntradataset/images/subset/44460.jpg,44460.jpg
24858,/Users/tanmay/Desktop/Capstone/code/Trail/img/archive/myntradataset/images/subset/24858.jpg,24858.jpg
28037,/Users/tanmay/Desktop/Capstone/code/Trail/img/archive/myntradataset/images/subset/28037.jpg,28037.jpg
11938,/Users/tanmay/Desktop/Capstone/code/Trail/img/archive/myntradataset/images/subset/11938.jpg,11938.jpg
2354,/Users/tanmay/Desktop/Capstone/code/Trail/img/archive/myntradataset/images/subset/2354.jpg,2354.jpg
48725,/Users/tanmay/Desktop/Capstone/code/Trail/img/archive/myntradataset/images/subset/48725.jpg,48725.jpg
5699,/Users/tanmay/Desktop/Capstone/code/Trail/img/archive/myntradataset/images/subset/5699.jpg,5699.jpg
25698,/Users/tanmay/Desktop/Capstone/code/Trail/img/archive/myntradataset/images/subset/25698.jpg,25698.jpg
10032,/Users/tanmay/Desktop/Capstone/code/Trail/img/archive/myntradataset/images/subset/10032.jpg,10032.jpg
50611,/Users/tanmay/Desktop/Capstone/code/Trail/img/archive/myntradataset/images/subset/50611.jpg,50611.jpg
3055,/Users/tanmay/Desktop/Capstone/code/Trail/img/archive/myntradataset/images/subset/3055.jpg,3055.jpg
4740,/Users/tanmay/Desktop/Capstone/code/Trail/img/archive/myntradataset/images/subset/4740.jpg,4740.jpg
23522,/Users/tanmay/Desktop/Capstone/code/Trail/img/archive/myntradataset/images/subset/23522.jpg,23522.jpg
20247,/Users/tanmay/Desktop/Capstone/code/Trail/img/archive/myntradataset/images/subset/20247.jpg,20247.jpg
4908,/Users/tanmay/Desktop/Capstone/code/Trail/img/archive/myntradataset/images/subset/4908.jpg,4908.jpg
2116,/Users/tanmay/Desktop/Capstone/code/Trail/img/archive/myntradataset/images/subset/2116.jpg,2116.jpg
35322,/Users/tanmay/Desktop/Capstone/code/Trail/img/archive/myntradataset/images/subset/35322.jpg,35322.jpg
12025,/Users/tanmay/Desktop/Capstone/code/Trail/img/archive/myntradataset/images/subset/12025.jpg,12025.jpg
57037,/Users/tanmay/Desktop/Capstone/code/Trail/img/archive/myntradataset/images/subset/57037.jpg,57037.jpg
45152,/Users/tanmay/Desktop/Capstone/code/Trail/img/archive/myntradataset/images/subset/45152.jpg,45152.jpg
48183,/Users/tanmay/Desktop/Capstone/code/Trail/img/archive/myntradataset/images/subset/48183.jpg,48183.jpg
16919,/Users/tanmay/Desktop/Capstone/code/Trail/img/archive/myntradataset/images/subset/16919.jpg,16919.jpg
43487,/Users/tanmay/Desktop/Capstone/code/Trail/img/archive/myntradataset/images/subset/43487.jpg,43487.jpg
4904,/Users/tanmay/Desktop/Capstone/code/Trail/img/archive/myntradataset/images/subset/4904.jpg,4904.jpg
54408,/Users/tanmay/Desktop/Capstone/code/Trail/img/archive/myntradataset/images/subset/54408.jpg,54408.jpg
28570,/Users/tanmay/Desktop/Capstone/code/Trail/img/archive/myntradataset/images/subset/28570.jpg,28570.jpg
55482,/Users/tanmay/Desktop/Capstone/code/Trail/img/archive/myntradataset/images/subset/55482.jpg,55482.jpg
4543,/Users/tanmay/Desktop/Capstone/code/Trail/img/archive/myntradataset/images/subset/4543.jpg,4543.jpg
23301,/Users/tanmay/Desktop/Capstone/code/Trail/img/archive/myntradataset/images/subset/23301.jpg,23301.jpg
2317,/Users/tanmay/Desktop/Capstone/code/Trail/img/archive/myntradataset/images/subset/2317.jpg,2317.jpg
7104,/Users/tanmay/Desktop/Capstone/code/Trail/img/archive/myntradataset/images/subset/7104.jpg,7104.jpg
53090,/Users/tanmay/Desktop/Capstone/code/Trail/img/archive/myntradataset/images/subset/53090.jpg,53090.jpg
57936,/Users/tanmay/Desktop/Capstone/code/Trail/img/archive/myntradataset/images/subset/57936.jpg,57936.jpg
11406,/Users/tanmay/Desktop/Capstone/code/Trail/img/archive/myntradataset/images/subset/11406.jpg,11406.jpg
57600,/Users/tanmay/Desktop/Capstone/code/Trail/img/archive/myntradataset/images/subset/57600.jpg,57600.jpg
19942,/Users/tanmay/Desktop/Capstone/code/Trail/img/archive/myntradataset/images/subset/19942.jpg,19942.jpg
47434,/Users/tanmay/Desktop/Capstone/code/Trail/img/archive/myntradataset/images/subset/47434.jpg,47434.jpg
24508,/Users/tanmay/Desktop/Capstone/code/Trail/img/archive/myntradataset/images/subset/24508.jpg,24508.jpg
46123,/Users/tanmay/Desktop/Capstone/code/Trail/img/archive/myntradataset/images/subset/46123.jpg,46123.jpg
49914,/Users/tanmay/Desktop/Capstone/code/Trail/img/archive/myntradataset/images/subset/49914.jpg,49914.jpg
40026,/Users/tanmay/Desktop/Capstone/code/Trail/img/archive/myntradataset/images/subset/40026.jpg,40026.jpg
22784,/Users/tanmay/Desktop/Capstone/code/Trail/img/archive/myntradataset/images/subset/22784.jpg,22784.jpg
48712,/Users/tanmay/Desktop/Capstone/code/Trail/img/archive/myntradataset/images/subset/48712.jpg,48712.jpg
5280,/Users/tanmay/Desktop/Capstone/code/Trail/img/archive/myntradataset/images/subset/5280.jpg,5280.jpg
31896,/Users/tanmay/Desktop/Capstone/code/Trail/img/archive/myntradataset/images/subset/31896.jpg,31896.jpg
46284,/Users/tanmay/Desktop/Capstone/code/Trail/img/archive/myntradataset/images/subset/46284.jpg,46284.jpg
57168,/Users/tanmay/Desktop/Capstone/code/Trail/img/archive/myntradataset/images/subset/57168.jpg,57168.jpg
54874,/Users/tanmay/Desktop/Capstone/code/Trail/img/archive/myntradataset/images/subset/54874.jpg,54874.jpg
5930,/Users/tanmay/Desktop/Capstone/code/Trail/img/archive/myntradataset/images/subset/5930.jpg,5930.jpg
17527,/Users/tanmay/Desktop/Capstone/code/Trail/img/archive/myntradataset/images/subset/17527.jpg,17527.jpg
22458,/Users/tanmay/Desktop/Capstone/code/Trail/img/archive/myntradataset/images/subset/22458.jpg,22458.jpg
28304,/Users/tanmay/Desktop/Capstone/code/Trail/img/archive/myntradataset/images/subset/28304.jpg,28304.jpg
16862,/Users/tanmay/Desktop/Capstone/code/Trail/img/archive/myntradataset/images/subset/16862.jpg,16862.jpg
5074,/Users/tanmay/Desktop/Capstone/code/Trail/img/archive/myntradataset/images/subset/5074.jpg,5074.jpg
26620,/Users/tanmay/Desktop/Capstone/code/Trail/img/archive/myntradataset/images/subset/26620.jpg,26620.jpg
10370,/Users/tanmay/Desktop/Capstone/code/Trail/img/archive/myntradataset/images/subset/10370.jpg,10370.jpg
20457,/Users/tanmay/Desktop/Capstone/code/Trail/img/archive/myntradataset/images/subset/20457.jpg,20457.jpg
8196,/Users/tanmay/Desktop/Capstone/code/Trail/img/archive/myntradataset/images/subset/8196.jpg,8196.jpg
51730,/Users/tanmay/Desktop/Capstone/code/Trail/img/archive/myntradataset/images/subset/51730.jpg,51730.jpg
50533,/Users/tanmay/Desktop/Capstone/code/Trail/img/archive/myntradataset/images/subset/50533.jpg,50533.jpg
39861,/Users/tanmay/Desktop/Capstone/code/Trail/img/archive/myntradataset/images/subset/39861.jpg,39861.jpg
21285,/Users/tanmay/Desktop/Capstone/code/Trail/img/archive/myntradataset/images/subset/21285.jpg,21285.jpg
15867,/Users/tanmay/Desktop/Capstone/code/Trail/img/archive/myntradataset/images/subset/15867.jpg,15867.jpg
22680,/Users/tanmay/Desktop/Capstone/code/Trail/img/archive/myntradataset/images/subset/22680.jpg,22680.jpg
15236,/Users/tanmay/Desktop/Capstone/code/Trail/img/archive/myntradataset/images/subset/15236.jpg,15236.jpg
46332,/Users/tanmay/Desktop/Capstone/code/Trail/img/archive/myntradataset/images/subset/46332.jpg,46332.jpg
33951,/Users/tanmay/Desktop/Capstone/code/Trail/img/archive/myntradataset/images/subset/33951.jpg,33951.jpg
18978,/Users/tanmay/Desktop/Capstone/code/Trail/img/archive/myntradataset/images/subset/18978.jpg,18978.jpg
28645,/Users/tanmay/Desktop/Capstone/code/Trail/img/archive/myntradataset/images/subset/28645.jpg,28645.jpg
14410,/Users/tanmay/Desktop/Capstone/code/Trail/img/archive/myntradataset/images/subset/14410.jpg,14410.jpg
10482,/Users/tanmay/Desktop/Capstone/code/Trail/img/archive/myntradataset/images/subset/10482.jpg,10482.jpg
46297,/Users/tanmay/Desktop/Capstone/code/Trail/img/archive/myntradataset/images/subset/46297.jpg,46297.jpg
34986,/Users/tanmay/Desktop/Capstone/code/Trail/img/archive/myntradataset/images/subset/34986.jpg,34986.jpg
7875,/Users/tanmay/Desktop/Capstone/code/Trail/img/archive/myntradataset/images/subset/7875.jpg,7875.jpg
39966,/Users/tanmay/Desktop/Capstone/code/Trail/img/archive/myntradataset/images/subset/39966.jpg,39966.jpg
59056,/Users/tanmay/Desktop/Capstone/code/Trail/img/archive/myntradataset/images/subset/59056.jpg,59056.jpg
4974,/Users/tanmay/Desktop/Capstone/code/Trail/img/archive/myntradataset/images/subset/4974.jpg,4974.jpg
19232,/Users/tanmay/Desktop/Capstone/code/Trail/img/archive/myntradataset/images/subset/19232.jpg,19232.jpg
34877,/Users/tanmay/Desktop/Capstone/code/Trail/img/archive/myntradataset/images/subset/34877.jpg,34877.jpg
9033,/Users/tanmay/Desktop/Capstone/code/Trail/img/archive/myntradataset/images/subset/9033.jpg,9033.jpg
30847,/Users/tanmay/Desktop/Capstone/code/Trail/img/archive/myntradataset/images/subset/30847.jpg,30847.jpg
7641,/Users/tanmay/Desktop/Capstone/code/Trail/img/archive/myntradataset/images/subset/7641.jpg,7641.jpg
58678,/Users/tanmay/Desktop/Capstone/code/Trail/img/archive/myntradataset/images/subset/58678.jpg,58678.jpg
57058,/Users/tanmay/Desktop/Capstone/code/Trail/img/archive/myntradataset/images/subset/57058.jpg,57058.jpg
6646,/Users/tanmay/Desktop/Capstone/code/Trail/img/archive/myntradataset/images/subset/6646.jpg,6646.jpg
45209,/Users/tanmay/Desktop/Capstone/code/Trail/img/archive/myntradataset/images/subset/45209.jpg,45209.jpg
42024,/Users/tanmay/Desktop/Capstone/code/Trail/img/archive/myntradataset/images/subset/42024.jpg,42024.jpg
19878,/Users/tanmay/Desktop/Capstone/code/Trail/img/archive/myntradataset/images/subset/19878.jpg,19878.jpg
27921,/Users/tanmay/Desktop/Capstone/code/Trail/img/archive/myntradataset/images/subset/27921.jpg,27921.jpg
49678,/Users/tanmay/Desktop/Capstone/code/Trail/img/archive/myntradataset/images/subset/49678.jpg,49678.jpg
42262,/Users/tanmay/Desktop/Capstone/code/Trail/img/archive/myntradataset/images/subset/42262.jpg,42262.jpg
44870,/Users/tanmay/Desktop/Capstone/code/Trail/img/archive/myntradataset/images/subset/44870.jpg,44870.jpg
23561,/Users/tanmay/Desktop/Capstone/code/Trail/img/archive/myntradataset/images/subset/23561.jpg,23561.jpg
13174,/Users/tanmay/Desktop/Capstone/code/Trail/img/archive/myntradataset/images/subset/13174.jpg,13174.jpg
35029,/Users/tanmay/Desktop/Capstone/code/Trail/img/archive/myntradataset/images/subset/35029.jpg,35029.jpg
37683,/Users/tanmay/Desktop/Capstone/code/Trail/img/archive/myntradataset/images/subset/37683.jpg,37683.jpg
42641,/Users/tanmay/Desktop/Capstone/code/Trail/img/archive/myntradataset/images/subset/42641.jpg,42641.jpg
34733,/Users/tanmay/Desktop/Capstone/code/Trail/img/archive/myntradataset/images/subset/34733.jpg,34733.jpg
33909,/Users/tanmay/Desktop/Capstone/code/Trail/img/archive/myntradataset/images/subset/33909.jpg,33909.jpg
32593,/Users/tanmay/Desktop/Capstone/code/Trail/img/archive/myntradataset/images/subset/32593.jpg,32593.jpg
33090,/Users/tanmay/Desktop/Capstone/code/Trail/img/archive/myntradataset/images/subset/33090.jpg,33090.jpg
26199,/Users/tanmay/Desktop/Capstone/code/Trail/img/archive/myntradataset/images/subset/26199.jpg,26199.jpg
7794,/Users/tanmay/Desktop/Capstone/code/Trail/img/archive/myntradataset/images/subset/7794.jpg,7794.jpg
47401,/Users/tanmay/Desktop/Capstone/code/Trail/img/archive/myntradataset/images/subset/47401.jpg,47401.jpg
52895,/Users/tanmay/Desktop/Capstone/code/Trail/img/archive/myntradataset/images/subset/52895.jpg,52895.jpg
36660,/Users/tanmay/Desktop/Capstone/code/Trail/img/archive/myntradataset/images/subset/36660.jpg,36660.jpg
17176,/Users/tanmay/Desktop/Capstone/code/Trail/img/archive/myntradataset/images/subset/17176.jpg,17176.jpg
16881,/Users/tanmay/Desktop/Capstone/code/Trail/img/archive/myntradataset/images/subset/16881.jpg,16881.jpg
2389,/Users/tanmay/Desktop/Capstone/code/Trail/img/archive/myntradataset/images/subset/2389.jpg,2389.jpg
58149,/Users/tanmay/Desktop/Capstone/code/Trail/img/archive/myntradataset/images/subset/58149.jpg,58149.jpg
18584,/Users/tanmay/Desktop/Capstone/code/Trail/img/archive/myntradataset/images/subset/18584.jpg,18584.jpg
57987,/Users/tanmay/Desktop/Capstone/code/Trail/img/archive/myntradataset/images/subset/57987.jpg,57987.jpg
25578,/Users/tanmay/Desktop/Capstone/code/Trail/img/archive/myntradataset/images/subset/25578.jpg,25578.jpg
55005,/Users/tanmay/Desktop/Capstone/code/Trail/img/archive/myntradataset/images/subset/55005.jpg,55005.jpg
28043,/Users/tanmay/Desktop/Capstone/code/Trail/img/archive/myntradataset/images/subset/28043.jpg,28043.jpg
34516,/Users/tanmay/Desktop/Capstone/code/Trail/img/archive/myntradataset/images/subset/34516.jpg,34516.jpg
28722,/Users/tanmay/Desktop/Capstone/code/Trail/img/archive/myntradataset/images/subset/28722.jpg,28722.jpg
8096,/Users/tanmay/Desktop/Capstone/code/Trail/img/archive/myntradataset/images/subset/8096.jpg,8096.jpg
32419,/Users/tanmay/Desktop/Capstone/code/Trail/img/archive/myntradataset/images/subset/32419.jpg,32419.jpg
20847,/Users/tanmay/Desktop/Capstone/code/Trail/img/archive/myntradataset/images/subset/20847.jpg,20847.jpg
19084,/Users/tanmay/Desktop/Capstone/code/Trail/img/archive/myntradataset/images/subset/19084.jpg,19084.jpg
29750,/Users/tanmay/Desktop/Capstone/code/Trail/img/archive/myntradataset/images/subset/29750.jpg,29750.jpg
34796,/Users/tanmay/Desktop/Capstone/code/Trail/img/archive/myntradataset/images/subset/34796.jpg,34796.jpg
13447,/Users/tanmay/Desktop/Capstone/code/Trail/img/archive/myntradataset/images/subset/13447.jpg,13447.jpg
28329,/Users/tanmay/Desktop/Capstone/code/Trail/img/archive/myntradataset/images/subset/28329.jpg,28329.jpg
39607,/Users/tanmay/Desktop/Capstone/code/Trail/img/archive/myntradataset/images/subset/39607.jpg,39607.jpg
54959,/Users/tanmay/Desktop/Capstone/code/Trail/img/archive/myntradataset/images/subset/54959.jpg,54959.jpg
21602,/Users/tanmay/Desktop/Capstone/code/Trail/img/archive/myntradataset/images/subset/21602.jpg,21602.jpg
40275,/Users/tanmay/Desktop/Capstone/code/Trail/img/archive/myntradataset/images/subset/40275.jpg,40275.jpg
40987,/Users/tanmay/Desktop/Capstone/code/Trail/img/archive/myntradataset/images/subset/40987.jpg,40987.jpg
3824,/Users/tanmay/Desktop/Capstone/code/Trail/img/archive/myntradataset/images/subset/3824.jpg,3824.jpg
55946,/Users/tanmay/Desktop/Capstone/code/Trail/img/archive/myntradataset/images/subset/55946.jpg,55946.jpg
53145,/Users/tanmay/Desktop/Capstone/code/Trail/img/archive/myntradataset/images/subset/53145.jpg,53145.jpg
38982,/Users/tanmay/Desktop/Capstone/code/Trail/img/archive/myntradataset/images/subset/38982.jpg,38982.jpg
53149,/Users/tanmay/Desktop/Capstone/code/Trail/img/archive/myntradataset/images/subset/53149.jpg,53149.jpg
53747,/Users/tanmay/Desktop/Capstone/code/Trail/img/archive/myntradataset/images/subset/53747.jpg,53747.jpg
27512,/Users/tanmay/Desktop/Capstone/code/Trail/img/archive/myntradataset/images/subset/27512.jpg,27512.jpg
22100,/Users/tanmay/Desktop/Capstone/code/Trail/img/archive/myntradataset/images/subset/22100.jpg,22100.jpg
42542,/Users/tanmay/Desktop/Capstone/code/Trail/img/archive/myntradataset/images/subset/42542.jpg,42542.jpg
11674,/Users/tanmay/Desktop/Capstone/code/Trail/img/archive/myntradataset/images/subset/11674.jpg,11674.jpg
49125,/Users/tanmay/Desktop/Capstone/code/Trail/img/archive/myntradataset/images/subset/49125.jpg,49125.jpg
15003,/Users/tanmay/Desktop/Capstone/code/Trail/img/archive/myntradataset/images/subset/15003.jpg,15003.jpg
56798,/Users/tanmay/Desktop/Capstone/code/Trail/img/archive/myntradataset/images/subset/56798.jpg,56798.jpg
36332,/Users/tanmay/Desktop/Capstone/code/Trail/img/archive/myntradataset/images/subset/36332.jpg,36332.jpg
34179,/Users/tanmay/Desktop/Capstone/code/Trail/img/archive/myntradataset/images/subset/34179.jpg,34179.jpg
8837,/Users/tanmay/Desktop/Capstone/code/Trail/img/archive/myntradataset/images/subset/8837.jpg,8837.jpg
58943,/Users/tanmay/Desktop/Capstone/code/Trail/img/archive/myntradataset/images/subset/58943.jpg,58943.jpg
29224,/Users/tanmay/Desktop/Capstone/code/Trail/img/archive/myntradataset/images/subset/29224.jpg,29224.jpg
30501,/Users/tanmay/Desktop/Capstone/code/Trail/img/archive/myntradataset/images/subset/30501.jpg,30501.jpg
12879,/Users/tanmay/Desktop/Capstone/code/Trail/img/archive/myntradataset/images/subset/12879.jpg,12879.jpg
9408,/Users/tanmay/Desktop/Capstone/code/Trail/img/archive/myntradataset/images/subset/9408.jpg,9408.jpg
24724,/Users/tanmay/Desktop/Capstone/code/Trail/img/archive/myntradataset/images/subset/24724.jpg,24724.jpg
31250,/Users/tanmay/Desktop/Capstone/code/Trail/img/archive/myntradataset/images/subset/31250.jpg,31250.jpg
25232,/Users/tanmay/Desktop/Capstone/code/Trail/img/archive/myntradataset/images/subset/25232.jpg,25232.jpg
16628,/Users/tanmay/Desktop/Capstone/code/Trail/img/archive/myntradataset/images/subset/16628.jpg,16628.jpg
22173,/Users/tanmay/Desktop/Capstone/code/Trail/img/archive/myntradataset/images/subset/22173.jpg,22173.jpg
52652,/Users/tanmay/Desktop/Capstone/code/Trail/img/archive/myntradataset/images/subset/52652.jpg,52652.jpg
35011,/Users/tanmay/Desktop/Capstone/code/Trail/img/archive/myntradataset/images/subset/35011.jpg,35011.jpg
27907,/Users/tanmay/Desktop/Capstone/code/Trail/img/archive/myntradataset/images/subset/27907.jpg,27907.jpg
20187,/Users/tanmay/Desktop/Capstone/code/Trail/img/archive/myntradataset/images/subset/20187.jpg,20187.jpg
21584,/Users/tanmay/Desktop/Capstone/code/Trail/img/archive/myntradataset/images/subset/21584.jpg,21584.jpg
29051,/Users/tanmay/Desktop/Capstone/code/Trail/img/archive/myntradataset/images/subset/29051.jpg,29051.jpg
20225,/Users/tanmay/Desktop/Capstone/code/Trail/img/archive/myntradataset/images/subset/20225.jpg,20225.jpg
38014,/Users/tanmay/Desktop/Capstone/code/Trail/img/archive/myntradataset/images/subset/38014.jpg,38014.jpg
49749,/Users/tanmay/Desktop/Capstone/code/Trail/img/archive/myntradataset/images/subset/49749.jpg,49749.jpg
23597,/Users/tanmay/Desktop/Capstone/code/Trail/img/archive/myntradataset/images/subset/23597.jpg,23597.jpg
51325,/Users/tanmay/Desktop/Capstone/code/Trail/img/archive/myntradataset/images/subset/51325.jpg,51325.jpg
3016,/Users/tanmay/Desktop/Capstone/code/Trail/img/archive/myntradataset/images/subset/3016.jpg,3016.jpg
53804,/Users/tanmay/Desktop/Capstone/code/Trail/img/archive/myntradataset/images/subset/53804.jpg,53804.jpg
35421,/Users/tanmay/Desktop/Capstone/code/Trail/img/archive/myntradataset/images/subset/35421.jpg,35421.jpg
23774,/Users/tanmay/Desktop/Capstone/code/Trail/img/archive/myntradataset/images/subset/23774.jpg,23774.jpg
35590,/Users/tanmay/Desktop/Capstone/code/Trail/img/archive/myntradataset/images/subset/35590.jpg,35590.jpg
13289,/Users/tanmay/Desktop/Capstone/code/Trail/img/archive/myntradataset/images/subset/13289.jpg,13289.jpg
14356,/Users/tanmay/Desktop/Capstone/code/Trail/img/archive/myntradataset/images/subset/14356.jpg,14356.jpg
34609,/Users/tanmay/Desktop/Capstone/code/Trail/img/archive/myntradataset/images/subset/34609.jpg,34609.jpg
14168,/Users/tanmay/Desktop/Capstone/code/Trail/img/archive/myntradataset/images/subset/14168.jpg,14168.jpg
19549,/Users/tanmay/Desktop/Capstone/code/Trail/img/archive/myntradataset/images/subset/19549.jpg,19549.jpg
54924,/Users/tanmay/Desktop/Capstone/code/Trail/img/archive/myntradataset/images/subset/54924.jpg,54924.jpg
45080,/Users/tanmay/Desktop/Capstone/code/Trail/img/archive/myntradataset/images/subset/45080.jpg,45080.jpg
58527,/Users/tanmay/Desktop/Capstone/code/Trail/img/archive/myntradataset/images/subset/58527.jpg,58527.jpg
17279,/Users/tanmay/Desktop/Capstone/code/Trail/img/archive/myntradataset/images/subset/17279.jpg,17279.jpg
30772,/Users/tanmay/Desktop/Capstone/code/Trail/img/archive/myntradataset/images/subset/30772.jpg,30772.jpg
3791,/Users/tanmay/Desktop/Capstone/code/Trail/img/archive/myntradataset/images/subset/3791.jpg,3791.jpg
30586,/Users/tanmay/Desktop/Capstone/code/Trail/img/archive/myntradataset/images/subset/30586.jpg,30586.jpg
49733,/Users/tanmay/Desktop/Capstone/code/Trail/img/archive/myntradataset/images/subset/49733.jpg,49733.jpg
41821,/Users/tanmay/Desktop/Capstone/code/Trail/img/archive/myntradataset/images/subset/41821.jpg,41821.jpg
29409,/Users/tanmay/Desktop/Capstone/code/Trail/img/archive/myntradataset/images/subset/29409.jpg,29409.jpg
24760,/Users/tanmay/Desktop/Capstone/code/Trail/img/archive/myntradataset/images/subset/24760.jpg,24760.jpg
14911,/Users/tanmay/Desktop/Capstone/code/Trail/img/archive/myntradataset/images/subset/14911.jpg,14911.jpg
44389,/Users/tanmay/Desktop/Capstone/code/Trail/img/archive/myntradataset/images/subset/44389.jpg,44389.jpg
47330,/Users/tanmay/Desktop/Capstone/code/Trail/img/archive/myntradataset/images/subset/47330.jpg,47330.jpg
5149,/Users/tanmay/Desktop/Capstone/code/Trail/img/archive/myntradataset/images/subset/5149.jpg,5149.jpg
55227,/Users/tanmay/Desktop/Capstone/code/Trail/img/archive/myntradataset/images/subset/55227.jpg,55227.jpg
3527,/Users/tanmay/Desktop/Capstone/code/Trail/img/archive/myntradataset/images/subset/3527.jpg,3527.jpg
49974,/Users/tanmay/Desktop/Capstone/code/Trail/img/archive/myntradataset/images/subset/49974.jpg,49974.jpg
53376,/Users/tanmay/Desktop/Capstone/code/Trail/img/archive/myntradataset/images/subset/53376.jpg,53376.jpg
50592,/Users/tanmay/Desktop/Capstone/code/Trail/img/archive/myntradataset/images/subset/50592.jpg,50592.jpg
59742,/Users/tanmay/Desktop/Capstone/code/Trail/img/archive/myntradataset/images/subset/59742.jpg,59742.jpg
29692,/Users/tanmay/Desktop/Capstone/code/Trail/img/archive/myntradataset/images/subset/29692.jpg,29692.jpg
31212,/Users/tanmay/Desktop/Capstone/code/Trail/img/archive/myntradataset/images/subset/31212.jpg,31212.jpg
34082,/Users/tanmay/Desktop/Capstone/code/Trail/img/archive/myntradataset/images/subset/34082.jpg,34082.jpg
59887,/Users/tanmay/Desktop/Capstone/code/Trail/img/archive/myntradataset/images/subset/59887.jpg,59887.jpg
29071,/Users/tanmay/Desktop/Capstone/code/Trail/img/archive/myntradataset/images/subset/29071.jpg,29071.jpg
40313,/Users/tanmay/Desktop/Capstone/code/Trail/img/archive/myntradataset/images/subset/40313.jpg,40313.jpg
11950,/Users/tanmay/Desktop/Capstone/code/Trail/img/archive/myntradataset/images/subset/11950.jpg,11950.jpg
47857,/Users/tanmay/Desktop/Capstone/code/Trail/img/archive/myntradataset/images/subset/47857.jpg,47857.jpg
34839,/Users/tanmay/Desktop/Capstone/code/Trail/img/archive/myntradataset/images/subset/34839.jpg,34839.jpg
29031,/Users/tanmay/Desktop/Capstone/code/Trail/img/archive/myntradataset/images/subset/29031.jpg,29031.jpg
35452,/Users/tanmay/Desktop/Capstone/code/Trail/img/archive/myntradataset/images/subset/35452.jpg,35452.jpg
5453,/Users/tanmay/Desktop/Capstone/code/Trail/img/archive/myntradataset/images/subset/5453.jpg,5453.jpg
22479,/Users/tanmay/Desktop/Capstone/code/Trail/img/archive/myntradataset/images/subset/22479.jpg,22479.jpg
55111,/Users/tanmay/Desktop/Capstone/code/Trail/img/archive/myntradataset/images/subset/55111.jpg,55111.jpg
29689,/Users/tanmay/Desktop/Capstone/code/Trail/img/archive/myntradataset/images/subset/29689.jpg,29689.jpg
23876,/Users/tanmay/Desktop/Capstone/code/Trail/img/archive/myntradataset/images/subset/23876.jpg,23876.jpg
34577,/Users/tanmay/Desktop/Capstone/code/Trail/img/archive/myntradataset/images/subset/34577.jpg,34577.jpg
55315,/Users/tanmay/Desktop/Capstone/code/Trail/img/archive/myntradataset/images/subset/55315.jpg,55315.jpg
15975,/Users/tanmay/Desktop/Capstone/code/Trail/img/archive/myntradataset/images/subset/15975.jpg,15975.jpg
45139,/Users/tanmay/Desktop/Capstone/code/Trail/img/archive/myntradataset/images/subset/45139.jpg,45139.jpg
18553,/Users/tanmay/Desktop/Capstone/code/Trail/img/archive/myntradataset/images/subset/18553.jpg,18553.jpg
5021,/Users/tanmay/Desktop/Capstone/code/Trail/img/archive/myntradataset/images/subset/5021.jpg,5021.jpg
16747,/Users/tanmay/Desktop/Capstone/code/Trail/img/archive/myntradataset/images/subset/16747.jpg,16747.jpg
32435,/Users/tanmay/Desktop/Capstone/code/Trail/img/archive/myntradataset/images/subset/32435.jpg,32435.jpg
23181,/Users/tanmay/Desktop/Capstone/code/Trail/img/archive/myntradataset/images/subset/23181.jpg,23181.jpg
25894,/Users/tanmay/Desktop/Capstone/code/Trail/img/archive/myntradataset/images/subset/25894.jpg,25894.jpg
18998,/Users/tanmay/Desktop/Capstone/code/Trail/img/archive/myntradataset/images/subset/18998.jpg,18998.jpg
25238,/Users/tanmay/Desktop/Capstone/code/Trail/img/archive/myntradataset/images/subset/25238.jpg,25238.jpg
38529,/Users/tanmay/Desktop/Capstone/code/Trail/img/archive/myntradataset/images/subset/38529.jpg,38529.jpg
3372,/Users/tanmay/Desktop/Capstone/code/Trail/img/archive/myntradataset/images/subset/3372.jpg,3372.jpg
35102,/Users/tanmay/Desktop/Capstone/code/Trail/img/archive/myntradataset/images/subset/35102.jpg,35102.jpg
21396,/Users/tanmay/Desktop/Capstone/code/Trail/img/archive/myntradataset/images/subset/21396.jpg,21396.jpg
56476,/Users/tanmay/Desktop/Capstone/code/Trail/img/archive/myntradataset/images/subset/56476.jpg,56476.jpg
14333,/Users/tanmay/Desktop/Capstone/code/Trail/img/archive/myntradataset/images/subset/14333.jpg,14333.jpg
23502,/Users/tanmay/Desktop/Capstone/code/Trail/img/archive/myntradataset/images/subset/23502.jpg,23502.jpg
46195,/Users/tanmay/Desktop/Capstone/code/Trail/img/archive/myntradataset/images/subset/46195.jpg,46195.jpg
39825,/Users/tanmay/Desktop/Capstone/code/Trail/img/archive/myntradataset/images/subset/39825.jpg,39825.jpg
51465,/Users/tanmay/Desktop/Capstone/code/Trail/img/archive/myntradataset/images/subset/51465.jpg,51465.jpg
24496,/Users/tanmay/Desktop/Capstone/code/Trail/img/archive/myntradataset/images/subset/24496.jpg,24496.jpg
49096,/Users/tanmay/Desktop/Capstone/code/Trail/img/archive/myntradataset/images/subset/49096.jpg,49096.jpg
2010,/Users/tanmay/Desktop/Capstone/code/Trail/img/archive/myntradataset/images/subset/2010.jpg,2010.jpg
22755,/Users/tanmay/Desktop/Capstone/code/Trail/img/archive/myntradataset/images/subset/22755.jpg,22755.jpg
21920,/Users/tanmay/Desktop/Capstone/code/Trail/img/archive/myntradataset/images/subset/21920.jpg,21920.jpg
43771,/Users/tanmay/Desktop/Capstone/code/Trail/img/archive/myntradataset/images/subset/43771.jpg,43771.jpg
14602,/Users/tanmay/Desktop/Capstone/code/Trail/img/archive/myntradataset/images/subset/14602.jpg,14602.jpg
54476,/Users/tanmay/Desktop/Capstone/code/Trail/img/archive/myntradataset/images/subset/54476.jpg,54476.jpg
52198,/Users/tanmay/Desktop/Capstone/code/Trail/img/archive/myntradataset/images/subset/52198.jpg,52198.jpg
2542,/Users/tanmay/Desktop/Capstone/code/Trail/img/archive/myntradataset/images/subset/2542.jpg,2542.jpg
52314,/Users/tanmay/Desktop/Capstone/code/Trail/img/archive/myntradataset/images/subset/52314.jpg,52314.jpg
54567,/Users/tanmay/Desktop/Capstone/code/Trail/img/archive/myntradataset/images/subset/54567.jpg,54567.jpg
53152,/Users/tanmay/Desktop/Capstone/code/Trail/img/archive/myntradataset/images/subset/53152.jpg,53152.jpg
33995,/Users/tanmay/Desktop/Capstone/code/Trail/img/archive/myntradataset/images/subset/33995.jpg,33995.jpg
10816,/Users/tanmay/Desktop/Capstone/code/Trail/img/archive/myntradataset/images/subset/10816.jpg,10816.jpg
11030,/Users/tanmay/Desktop/Capstone/code/Trail/img/archive/myntradataset/images/subset/11030.jpg,11030.jpg
24070,/Users/tanmay/Desktop/Capstone/code/Trail/img/archive/myntradataset/images/subset/24070.jpg,24070.jpg
22683,/Users/tanmay/Desktop/Capstone/code/Trail/img/archive/myntradataset/images/subset/22683.jpg,22683.jpg
15398,/Users/tanmay/Desktop/Capstone/code/Trail/img/archive/myntradataset/images/subset/15398.jpg,15398.jpg
26022,/Users/tanmay/Desktop/Capstone/code/Trail/img/archive/myntradataset/images/subset/26022.jpg,26022.jpg
25528,/Users/tanmay/Desktop/Capstone/code/Trail/img/archive/myntradataset/images/subset/25528.jpg,25528.jpg
45769,/Users/tanmay/Desktop/Capstone/code/Trail/img/archive/myntradataset/images/subset/45769.jpg,45769.jpg
33890,/Users/tanmay/Desktop/Capstone/code/Trail/img/archive/myntradataset/images/subset/33890.jpg,33890.jpg
34408,/Users/tanmay/Desktop/Capstone/code/Trail/img/archive/myntradataset/images/subset/34408.jpg,34408.jpg
28045,/Users/tanmay/Desktop/Capstone/code/Trail/img/archive/myntradataset/images/subset/28045.jpg,28045.jpg
29006,/Users/tanmay/Desktop/Capstone/code/Trail/img/archive/myntradataset/images/subset/29006.jpg,29006.jpg
9689,/Users/tanmay/Desktop/Capstone/code/Trail/img/archive/myntradataset/images/subset/9689.jpg,9689.jpg
9546,/Users/tanmay/Desktop/Capstone/code/Trail/img/archive/myntradataset/images/subset/9546.jpg,9546.jpg
22641,/Users/tanmay/Desktop/Capstone/code/Trail/img/archive/myntradataset/images/subset/22641.jpg,22641.jpg
50939,/Users/tanmay/Desktop/Capstone/code/Trail/img/archive/myntradataset/images/subset/50939.jpg,50939.jpg
39852,/Users/tanmay/Desktop/Capstone/code/Trail/img/archive/myntradataset/images/subset/39852.jpg,39852.jpg
11107,/Users/tanmay/Desktop/Capstone/code/Trail/img/archive/myntradataset/images/subset/11107.jpg,11107.jpg
50504,/Users/tanmay/Desktop/Capstone/code/Trail/img/archive/myntradataset/images/subset/50504.jpg,50504.jpg
6804,/Users/tanmay/Desktop/Capstone/code/Trail/img/archive/myntradataset/images/subset/6804.jpg,6804.jpg
24380,/Users/tanmay/Desktop/Capstone/code/Trail/img/archive/myntradataset/images/subset/24380.jpg,24380.jpg
42391,/Users/tanmay/Desktop/Capstone/code/Trail/img/archive/myntradataset/images/subset/42391.jpg,42391.jpg
8486,/Users/tanmay/Desktop/Capstone/code/Trail/img/archive/myntradataset/images/subset/8486.jpg,8486.jpg
34564,/Users/tanmay/Desktop/Capstone/code/Trail/img/archive/myntradataset/images/subset/34564.jpg,34564.jpg
25429,/Users/tanmay/Desktop/Capstone/code/Trail/img/archive/myntradataset/images/subset/25429.jpg,25429.jpg
28704,/Users/tanmay/Desktop/Capstone/code/Trail/img/archive/myntradataset/images/subset/28704.jpg,28704.jpg
35560,/Users/tanmay/Desktop/Capstone/code/Trail/img/archive/myntradataset/images/subset/35560.jpg,35560.jpg
37440,/Users/tanmay/Desktop/Capstone/code/Trail/img/archive/myntradataset/images/subset/37440.jpg,37440.jpg
50826,/Users/tanmay/Desktop/Capstone/code/Trail/img/archive/myntradataset/images/subset/50826.jpg,50826.jpg
45287,/Users/tanmay/Desktop/Capstone/code/Trail/img/archive/myntradataset/images/subset/45287.jpg,45287.jpg
34537,/Users/tanmay/Desktop/Capstone/code/Trail/img/archive/myntradataset/images/subset/34537.jpg,34537.jpg
28070,/Users/tanmay/Desktop/Capstone/code/Trail/img/archive/myntradataset/images/subset/28070.jpg,28070.jpg
46408,/Users/tanmay/Desktop/Capstone/code/Trail/img/archive/myntradataset/images/subset/46408.jpg,46408.jpg
39304,/Users/tanmay/Desktop/Capstone/code/Trail/img/archive/myntradataset/images/subset/39304.jpg,39304.jpg
5842,/Users/tanmay/Desktop/Capstone/code/Trail/img/archive/myntradataset/images/subset/5842.jpg,5842.jpg
24312,/Users/tanmay/Desktop/Capstone/code/Trail/img/archive/myntradataset/images/subset/24312.jpg,24312.jpg
26123,/Users/tanmay/Desktop/Capstone/code/Trail/img/archive/myntradataset/images/subset/26123.jpg,26123.jpg
49752,/Users/tanmay/Desktop/Capstone/code/Trail/img/archive/myntradataset/images/subset/49752.jpg,49752.jpg
7410,/Users/tanmay/Desktop/Capstone/code/Trail/img/archive/myntradataset/images/subset/7410.jpg,7410.jpg
40135,/Users/tanmay/Desktop/Capstone/code/Trail/img/archive/myntradataset/images/subset/40135.jpg,40135.jpg
51643,/Users/tanmay/Desktop/Capstone/code/Trail/img/archive/myntradataset/images/subset/51643.jpg,51643.jpg
46095,/Users/tanmay/Desktop/Capstone/code/Trail/img/archive/myntradataset/images/subset/46095.jpg,46095.jpg
28591,/Users/tanmay/Desktop/Capstone/code/Trail/img/archive/myntradataset/images/subset/28591.jpg,28591.jpg
55790,/Users/tanmay/Desktop/Capstone/code/Trail/img/archive/myntradataset/images/subset/55790.jpg,55790.jpg
37880,/Users/tanmay/Desktop/Capstone/code/Trail/img/archive/myntradataset/images/subset/37880.jpg,37880.jpg
3497,/Users/tanmay/Desktop/Capstone/code/Trail/img/archive/myntradataset/images/subset/3497.jpg,3497.jpg
27994,/Users/tanmay/Desktop/Capstone/code/Trail/img/archive/myntradataset/images/subset/27994.jpg,27994.jpg
47533,/Users/tanmay/Desktop/Capstone/code/Trail/img/archive/myntradataset/images/subset/47533.jpg,47533.jpg
5444,/Users/tanmay/Desktop/Capstone/code/Trail/img/archive/myntradataset/images/subset/5444.jpg,5444.jpg
37719,/Users/tanmay/Desktop/Capstone/code/Trail/img/archive/myntradataset/images/subset/37719.jpg,37719.jpg
53935,/Users/tanmay/Desktop/Capstone/code/Trail/img/archive/myntradataset/images/subset/53935.jpg,53935.jpg
3103,/Users/tanmay/Desktop/Capstone/code/Trail/img/archive/myntradataset/images/subset/3103.jpg,3103.jpg
10828,/Users/tanmay/Desktop/Capstone/code/Trail/img/archive/myntradataset/images/subset/10828.jpg,10828.jpg
15171,/Users/tanmay/Desktop/Capstone/code/Trail/img/archive/myntradataset/images/subset/15171.jpg,15171.jpg
29490,/Users/tanmay/Desktop/Capstone/code/Trail/img/archive/myntradataset/images/subset/29490.jpg,29490.jpg
12663,/Users/tanmay/Desktop/Capstone/code/Trail/img/archive/myntradataset/images/subset/12663.jpg,12663.jpg
45087,/Users/tanmay/Desktop/Capstone/code/Trail/img/archive/myntradataset/images/subset/45087.jpg,45087.jpg
33241,/Users/tanmay/Desktop/Capstone/code/Trail/img/archive/myntradataset/images/subset/33241.jpg,33241.jpg
53750,/Users/tanmay/Desktop/Capstone/code/Trail/img/archive/myntradataset/images/subset/53750.jpg,53750.jpg
19969,/Users/tanmay/Desktop/Capstone/code/Trail/img/archive/myntradataset/images/subset/19969.jpg,19969.jpg
4874,/Users/tanmay/Desktop/Capstone/code/Trail/img/archive/myntradataset/images/subset/4874.jpg,4874.jpg
32502,/Users/tanmay/Desktop/Capstone/code/Trail/img/archive/myntradataset/images/subset/32502.jpg,32502.jpg
58800,/Users/tanmay/Desktop/Capstone/code/Trail/img/archive/myntradataset/images/subset/58800.jpg,58800.jpg
9049,/Users/tanmay/Desktop/Capstone/code/Trail/img/archive/myntradataset/images/subset/9049.jpg,9049.jpg
12161,/Users/tanmay/Desktop/Capstone/code/Trail/img/archive/myntradataset/images/subset/12161.jpg,12161.jpg
3724,/Users/tanmay/Desktop/Capstone/code/Trail/img/archive/myntradataset/images/subset/3724.jpg,3724.jpg
51466,/Users/tanmay/Desktop/Capstone/code/Trail/img/archive/myntradataset/images/subset/51466.jpg,51466.jpg
56700,/Users/tanmay/Desktop/Capstone/code/Trail/img/archive/myntradataset/images/subset/56700.jpg,56700.jpg
7261,/Users/tanmay/Desktop/Capstone/code/Trail/img/archive/myntradataset/images/subset/7261.jpg,7261.jpg
33400,/Users/tanmay/Desktop/Capstone/code/Trail/img/archive/myntradataset/images/subset/33400.jpg,33400.jpg
9565,/Users/tanmay/Desktop/Capstone/code/Trail/img/archive/myntradataset/images/subset/9565.jpg,9565.jpg
6684,/Users/tanmay/Desktop/Capstone/code/Trail/img/archive/myntradataset/images/subset/6684.jpg,6684.jpg
37673,/Users/tanmay/Desktop/Capstone/code/Trail/img/archive/myntradataset/images/subset/37673.jpg,37673.jpg
38171,/Users/tanmay/Desktop/Capstone/code/Trail/img/archive/myntradataset/images/subset/38171.jpg,38171.jpg
12388,/Users/tanmay/Desktop/Capstone/code/Trail/img/archive/myntradataset/images/subset/12388.jpg,12388.jpg
31279,/Users/tanmay/Desktop/Capstone/code/Trail/img/archive/myntradataset/images/subset/31279.jpg,31279.jpg
31430,/Users/tanmay/Desktop/Capstone/code/Trail/img/archive/myntradataset/images/subset/31430.jpg,31430.jpg
17788,/Users/tanmay/Desktop/Capstone/code/Trail/img/archive/myntradataset/images/subset/17788.jpg,17788.jpg
22655,/Users/tanmay/Desktop/Capstone/code/Trail/img/archive/myntradataset/images/subset/22655.jpg,22655.jpg
10280,/Users/tanmay/Desktop/Capstone/code/Trail/img/archive/myntradataset/images/subset/10280.jpg,10280.jpg
51906,/Users/tanmay/Desktop/Capstone/code/Trail/img/archive/myntradataset/images/subset/51906.jpg,51906.jpg
12910,/Users/tanmay/Desktop/Capstone/code/Trail/img/archive/myntradataset/images/subset/12910.jpg,12910.jpg
39987,/Users/tanmay/Desktop/Capstone/code/Trail/img/archive/myntradataset/images/subset/39987.jpg,39987.jpg
19846,/Users/tanmay/Desktop/Capstone/code/Trail/img/archive/myntradataset/images/subset/19846.jpg,19846.jpg
2488,/Users/tanmay/Desktop/Capstone/code/Trail/img/archive/myntradataset/images/subset/2488.jpg,2488.jpg
24854,/Users/tanmay/Desktop/Capstone/code/Trail/img/archive/myntradataset/images/subset/24854.jpg,24854.jpg
30575,/Users/tanmay/Desktop/Capstone/code/Trail/img/archive/myntradataset/images/subset/30575.jpg,30575.jpg
38974,/Users/tanmay/Desktop/Capstone/code/Trail/img/archive/myntradataset/images/subset/38974.jpg,38974.jpg
58823,/Users/tanmay/Desktop/Capstone/code/Trail/img/archive/myntradataset/images/subset/58823.jpg,58823.jpg
58807,/Users/tanmay/Desktop/Capstone/code/Trail/img/archive/myntradataset/images/subset/58807.jpg,58807.jpg
46921,/Users/tanmay/Desktop/Capstone/code/Trail/img/archive/myntradataset/images/subset/46921.jpg,46921.jpg
40773,/Users/tanmay/Desktop/Capstone/code/Trail/img/archive/myntradataset/images/subset/40773.jpg,40773.jpg
32655,/Users/tanmay/Desktop/Capstone/code/Trail/img/archive/myntradataset/images/subset/32655.jpg,32655.jpg
4500,/Users/tanmay/Desktop/Capstone/code/Trail/img/archive/myntradataset/images/subset/4500.jpg,4500.jpg
26258,/Users/tanmay/Desktop/Capstone/code/Trail/img/archive/myntradataset/images/subset/26258.jpg,26258.jpg
23463,/Users/tanmay/Desktop/Capstone/code/Trail/img/archive/myntradataset/images/subset/23463.jpg,23463.jpg
9772,/Users/tanmay/Desktop/Capstone/code/Trail/img/archive/myntradataset/images/subset/9772.jpg,9772.jpg
58966,/Users/tanmay/Desktop/Capstone/code/Trail/img/archive/myntradataset/images/subset/58966.jpg,58966.jpg
54877,/Users/tanmay/Desktop/Capstone/code/Trail/img/archive/myntradataset/images/subset/54877.jpg,54877.jpg
27772,/Users/tanmay/Desktop/Capstone/code/Trail/img/archive/myntradataset/images/subset/27772.jpg,27772.jpg
59659,/Users/tanmay/Desktop/Capstone/code/Trail/img/archive/myntradataset/images/subset/59659.jpg,59659.jpg
27783,/Users/tanmay/Desktop/Capstone/code/Trail/img/archive/myntradataset/images/subset/27783.jpg,27783.jpg
23131,/Users/tanmay/Desktop/Capstone/code/Trail/img/archive/myntradataset/images/subset/23131.jpg,23131.jpg
57056,/Users/tanmay/Desktop/Capstone/code/Trail/img/archive/myntradataset/images/subset/57056.jpg,57056.jpg
8647,/Users/tanmay/Desktop/Capstone/code/Trail/img/archive/myntradataset/images/subset/8647.jpg,8647.jpg
53764,/Users/tanmay/Desktop/Capstone/code/Trail/img/archive/myntradataset/images/subset/53764.jpg,53764.jpg
20620,/Users/tanmay/Desktop/Capstone/code/Trail/img/archive/myntradataset/images/subset/20620.jpg,20620.jpg
41473,/Users/tanmay/Desktop/Capstone/code/Trail/img/archive/myntradataset/images/subset/41473.jpg,41473.jpg
50334,/Users/tanmay/Desktop/Capstone/code/Trail/img/archive/myntradataset/images/subset/50334.jpg,50334.jpg
52235,/Users/tanmay/Desktop/Capstone/code/Trail/img/archive/myntradataset/images/subset/52235.jpg,52235.jpg
3009,/Users/tanmay/Desktop/Capstone/code/Trail/img/archive/myntradataset/images/subset/3009.jpg,3009.jpg
19223,/Users/tanmay/Desktop/Capstone/code/Trail/img/archive/myntradataset/images/subset/19223.jpg,19223.jpg
59636,/Users/tanmay/Desktop/Capstone/code/Trail/img/archive/myntradataset/images/subset/59636.jpg,59636.jpg
10102,/Users/tanmay/Desktop/Capstone/code/Trail/img/archive/myntradataset/images/subset/10102.jpg,10102.jpg
11671,/Users/tanmay/Desktop/Capstone/code/Trail/img/archive/myntradataset/images/subset/11671.jpg,11671.jpg
27830,/Users/tanmay/Desktop/Capstone/code/Trail/img/archive/myntradataset/images/subset/27830.jpg,27830.jpg
35403,/Users/tanmay/Desktop/Capstone/code/Trail/img/archive/myntradataset/images/subset/35403.jpg,35403.jpg
37433,/Users/tanmay/Desktop/Capstone/code/Trail/img/archive/myntradataset/images/subset/37433.jpg,37433.jpg
32802,/Users/tanmay/Desktop/Capstone/code/Trail/img/archive/myntradataset/images/subset/32802.jpg,32802.jpg
39809,/Users/tanmay/Desktop/Capstone/code/Trail/img/archive/myntradataset/images/subset/39809.jpg,39809.jpg
34441,/Users/tanmay/Desktop/Capstone/code/Trail/img/archive/myntradataset/images/subset/34441.jpg,34441.jpg
15540,/Users/tanmay/Desktop/Capstone/code/Trail/img/archive/myntradataset/images/subset/15540.jpg,15540.jpg
12866,/Users/tanmay/Desktop/Capstone/code/Trail/img/archive/myntradataset/images/subset/12866.jpg,12866.jpg
18384,/Users/tanmay/Desktop/Capstone/code/Trail/img/archive/myntradataset/images/subset/18384.jpg,18384.jpg
46641,/Users/tanmay/Desktop/Capstone/code/Trail/img/archive/myntradataset/images/subset/46641.jpg,46641.jpg
21665,/Users/tanmay/Desktop/Capstone/code/Trail/img/archive/myntradataset/images/subset/21665.jpg,21665.jpg
34399,/Users/tanmay/Desktop/Capstone/code/Trail/img/archive/myntradataset/images/subset/34399.jpg,34399.jpg
29352,/Users/tanmay/Desktop/Capstone/code/Trail/img/archive/myntradataset/images/subset/29352.jpg,29352.jpg
28786,/Users/tanmay/Desktop/Capstone/code/Trail/img/archive/myntradataset/images/subset/28786.jpg,28786.jpg
40089,/Users/tanmay/Desktop/Capstone/code/Trail/img/archive/myntradataset/images/subset/40089.jpg,40089.jpg
53724,/Users/tanmay/Desktop/Capstone/code/Trail/img/archive/myntradataset/images/subset/53724.jpg,53724.jpg
58991,/Users/tanmay/Desktop/Capstone/code/Trail/img/archive/myntradataset/images/subset/58991.jpg,58991.jpg
7418,/Users/tanmay/Desktop/Capstone/code/Trail/img/archive/myntradataset/images/subset/7418.jpg,7418.jpg
10472,/Users/tanmay/Desktop/Capstone/code/Trail/img/archive/myntradataset/images/subset/10472.jpg,10472.jpg
28856,/Users/tanmay/Desktop/Capstone/code/Trail/img/archive/myntradataset/images/subset/28856.jpg,28856.jpg
21964,/Users/tanmay/Desktop/Capstone/code/Trail/img/archive/myntradataset/images/subset/21964.jpg,21964.jpg
15928,/Users/tanmay/Desktop/Capstone/code/Trail/img/archive/myntradataset/images/subset/15928.jpg,15928.jpg
32555,/Users/tanmay/Desktop/Capstone/code/Trail/img/archive/myntradataset/images/subset/32555.jpg,32555.jpg
21817,/Users/tanmay/Desktop/Capstone/code/Trail/img/archive/myntradataset/images/subset/21817.jpg,21817.jpg
12072,/Users/tanmay/Desktop/Capstone/code/Trail/img/archive/myntradataset/images/subset/12072.jpg,12072.jpg
43360,/Users/tanmay/Desktop/Capstone/code/Trail/img/archive/myntradataset/images/subset/43360.jpg,43360.jpg
20403,/Users/tanmay/Desktop/Capstone/code/Trail/img/archive/myntradataset/images/subset/20403.jpg,20403.jpg
58485,/Users/tanmay/Desktop/Capstone/code/Trail/img/archive/myntradataset/images/subset/58485.jpg,58485.jpg
10364,/Users/tanmay/Desktop/Capstone/code/Trail/img/archive/myntradataset/images/subset/10364.jpg,10364.jpg
2894,/Users/tanmay/Desktop/Capstone/code/Trail/img/archive/myntradataset/images/subset/2894.jpg,2894.jpg
49538,/Users/tanmay/Desktop/Capstone/code/Trail/img/archive/myntradataset/images/subset/49538.jpg,49538.jpg
25104,/Users/tanmay/Desktop/Capstone/code/Trail/img/archive/myntradataset/images/subset/25104.jpg,25104.jpg
22492,/Users/tanmay/Desktop/Capstone/code/Trail/img/archive/myntradataset/images/subset/22492.jpg,22492.jpg
53091,/Users/tanmay/Desktop/Capstone/code/Trail/img/archive/myntradataset/images/subset/53091.jpg,53091.jpg
5729,/Users/tanmay/Desktop/Capstone/code/Trail/img/archive/myntradataset/images/subset/5729.jpg,5729.jpg
5379,/Users/tanmay/Desktop/Capstone/code/Trail/img/archive/myntradataset/images/subset/5379.jpg,5379.jpg
19356,/Users/tanmay/Desktop/Capstone/code/Trail/img/archive/myntradataset/images/subset/19356.jpg,19356.jpg
36719,/Users/tanmay/Desktop/Capstone/code/Trail/img/archive/myntradataset/images/subset/36719.jpg,36719.jpg
14073,/Users/tanmay/Desktop/Capstone/code/Trail/img/archive/myntradataset/images/subset/14073.jpg,14073.jpg
59734,/Users/tanmay/Desktop/Capstone/code/Trail/img/archive/myntradataset/images/subset/59734.jpg,59734.jpg
4340,/Users/tanmay/Desktop/Capstone/code/Trail/img/archive/myntradataset/images/subset/4340.jpg,4340.jpg
19807,/Users/tanmay/Desktop/Capstone/code/Trail/img/archive/myntradataset/images/subset/19807.jpg,19807.jpg
10430,/Users/tanmay/Desktop/Capstone/code/Trail/img/archive/myntradataset/images/subset/10430.jpg,10430.jpg
15835,/Users/tanmay/Desktop/Capstone/code/Trail/img/archive/myntradataset/images/subset/15835.jpg,15835.jpg
58821,/Users/tanmay/Desktop/Capstone/code/Trail/img/archive/myntradataset/images/subset/58821.jpg,58821.jpg
44292,/Users/tanmay/Desktop/Capstone/code/Trail/img/archive/myntradataset/images/subset/44292.jpg,44292.jpg
17947,/Users/tanmay/Desktop/Capstone/code/Trail/img/archive/myntradataset/images/subset/17947.jpg,17947.jpg
7773,/Users/tanmay/Desktop/Capstone/code/Trail/img/archive/myntradataset/images/subset/7773.jpg,7773.jpg
25102,/Users/tanmay/Desktop/Capstone/code/Trail/img/archive/myntradataset/images/subset/25102.jpg,25102.jpg
43593,/Users/tanmay/Desktop/Capstone/code/Trail/img/archive/myntradataset/images/subset/43593.jpg,43593.jpg
58744,/Users/tanmay/Desktop/Capstone/code/Trail/img/archive/myntradataset/images/subset/58744.jpg,58744.jpg
55093,/Users/tanmay/Desktop/Capstone/code/Trail/img/archive/myntradataset/images/subset/55093.jpg,55093.jpg
48415,/Users/tanmay/Desktop/Capstone/code/Trail/img/archive/myntradataset/images/subset/48415.jpg,48415.jpg
10861,/Users/tanmay/Desktop/Capstone/code/Trail/img/archive/myntradataset/images/subset/10861.jpg,10861.jpg
51325,/Users/tanmay/Desktop/Capstone/code/Trail/img/archive/myntradataset/images/subset/51325.jpg,51325.jpg
19402,/Users/tanmay/Desktop/Capstone/code/Trail/img/archive/myntradataset/images/subset/19402.jpg,19402.jpg
39478,/Users/tanmay/Desktop/Capstone/code/Trail/img/archive/myntradataset/images/subset/39478.jpg,39478.jpg
49867,/Users/tanmay/Desktop/Capstone/code/Trail/img/archive/myntradataset/images/subset/49867.jpg,49867.jpg
50428,/Users/tanmay/Desktop/Capstone/code/Trail/img/archive/myntradataset/images/subset/50428.jpg,50428.jpg
38183,/Users/tanmay/Desktop/Capstone/code/Trail/img/archive/myntradataset/images/subset/38183.jpg,38183.jpg
28872,/Users/tanmay/Desktop/Capstone/code/Trail/img/archive/myntradataset/images/subset/28872.jpg,28872.jpg
40500,/Users/tanmay/Desktop/Capstone/code/Trail/img/archive/myntradataset/images/subset/40500.jpg,40500.jpg
17848,/Users/tanmay/Desktop/Capstone/code/Trail/img/archive/myntradataset/images/subset/17848.jpg,17848.jpg
34985,/Users/tanmay/Desktop/Capstone/code/Trail/img/archive/myntradataset/images/subset/34985.jpg,34985.jpg
6563,/Users/tanmay/Desktop/Capstone/code/Trail/img/archive/myntradataset/images/subset/6563.jpg,6563.jpg
45401,/Users/tanmay/Desktop/Capstone/code/Trail/img/archive/myntradataset/images/subset/45401.jpg,45401.jpg
36321,/Users/tanmay/Desktop/Capstone/code/Trail/img/archive/myntradataset/images/subset/36321.jpg,36321.jpg
51013,/Users/tanmay/Desktop/Capstone/code/Trail/img/archive/myntradataset/images/subset/51013.jpg,51013.jpg
24356,/Users/tanmay/Desktop/Capstone/code/Trail/img/archive/myntradataset/images/subset/24356.jpg,24356.jpg
6181,/Users/tanmay/Desktop/Capstone/code/Trail/img/archive/myntradataset/images/subset/6181.jpg,6181.jpg
5917,/Users/tanmay/Desktop/Capstone/code/Trail/img/archive/myntradataset/images/subset/5917.jpg,5917.jpg
7389,/Users/tanmay/Desktop/Capstone/code/Trail/img/archive/myntradataset/images/subset/7389.jpg,7389.jpg
14352,/Users/tanmay/Desktop/Capstone/code/Trail/img/archive/myntradataset/images/subset/14352.jpg,14352.jpg
7942,/Users/tanmay/Desktop/Capstone/code/Trail/img/archive/myntradataset/images/subset/7942.jpg,7942.jpg
12897,/Users/tanmay/Desktop/Capstone/code/Trail/img/archive/myntradataset/images/subset/12897.jpg,12897.jpg
10210,/Users/tanmay/Desktop/Capstone/code/Trail/img/archive/myntradataset/images/subset/10210.jpg,10210.jpg
2786,/Users/tanmay/Desktop/Capstone/code/Trail/img/archive/myntradataset/images/subset/2786.jpg,2786.jpg
5385,/Users/tanmay/Desktop/Capstone/code/Trail/img/archive/myntradataset/images/subset/5385.jpg,5385.jpg
25030,/Users/tanmay/Desktop/Capstone/code/Trail/img/archive/myntradataset/images/subset/25030.jpg,25030.jpg
10019,/Users/tanmay/Desktop/Capstone/code/Trail/img/archive/myntradataset/images/subset/10019.jpg,10019.jpg
11139,/Users/tanmay/Desktop/Capstone/code/Trail/img/archive/myntradataset/images/subset/11139.jpg,11139.jpg
23808,/Users/tanmay/Desktop/Capstone/code/Trail/img/archive/myntradataset/images/subset/23808.jpg,23808.jpg
5504,/Users/tanmay/Desktop/Capstone/code/Trail/img/archive/myntradataset/images/subset/5504.jpg,5504.jpg
22240,/Users/tanmay/Desktop/Capstone/code/Trail/img/archive/myntradataset/images/subset/22240.jpg,22240.jpg
9871,/Users/tanmay/Desktop/Capstone/code/Trail/img/archive/myntradataset/images/subset/9871.jpg,9871.jpg
50515,/Users/tanmay/Desktop/Capstone/code/Trail/img/archive/myntradataset/images/subset/50515.jpg,50515.jpg
52749,/Users/tanmay/Desktop/Capstone/code/Trail/img/archive/myntradataset/images/subset/52749.jpg,52749.jpg
21940,/Users/tanmay/Desktop/Capstone/code/Trail/img/archive/myntradataset/images/subset/21940.jpg,21940.jpg
8859,/Users/tanmay/Desktop/Capstone/code/Trail/img/archive/myntradataset/images/subset/8859.jpg,8859.jpg
24472,/Users/tanmay/Desktop/Capstone/code/Trail/img/archive/myntradataset/images/subset/24472.jpg,24472.jpg
2384,/Users/tanmay/Desktop/Capstone/code/Trail/img/archive/myntradataset/images/subset/2384.jpg,2384.jpg
3668,/Users/tanmay/Desktop/Capstone/code/Trail/img/archive/myntradataset/images/subset/3668.jpg,3668.jpg
33068,/Users/tanmay/Desktop/Capstone/code/Trail/img/archive/myntradataset/images/subset/33068.jpg,33068.jpg
18965,/Users/tanmay/Desktop/Capstone/code/Trail/img/archive/myntradataset/images/subset/18965.jpg,18965.jpg
19254,/Users/tanmay/Desktop/Capstone/code/Trail/img/archive/myntradataset/images/subset/19254.jpg,19254.jpg
28112,/Users/tanmay/Desktop/Capstone/code/Trail/img/archive/myntradataset/images/subset/28112.jpg,28112.jpg
22730,/Users/tanmay/Desktop/Capstone/code/Trail/img/archive/myntradataset/images/subset/22730.jpg,22730.jpg
31865,/Users/tanmay/Desktop/Capstone/code/Trail/img/archive/myntradataset/images/subset/31865.jpg,31865.jpg
39534,/Users/tanmay/Desktop/Capstone/code/Trail/img/archive/myntradataset/images/subset/39534.jpg,39534.jpg
57744,/Users/tanmay/Desktop/Capstone/code/Trail/img/archive/myntradataset/images/subset/57744.jpg,57744.jpg
39385,/Users/tanmay/Desktop/Capstone/code/Trail/img/archive/myntradataset/images/subset/39385.jpg,39385.jpg
1809,/Users/tanmay/Desktop/Capstone/code/Trail/img/archive/myntradataset/images/subset/1809.jpg,1809.jpg
28021,/Users/tanmay/Desktop/Capstone/code/Trail/img/archive/myntradataset/images/subset/28021.jpg,28021.jpg
8751,/Users/tanmay/Desktop/Capstone/code/Trail/img/archive/myntradataset/images/subset/8751.jpg,8751.jpg
9763,/Users/tanmay/Desktop/Capstone/code/Trail/img/archive/myntradataset/images/subset/9763.jpg,9763.jpg
29885,/Users/tanmay/Desktop/Capstone/code/Trail/img/archive/myntradataset/images/subset/29885.jpg,29885.jpg
15311,/Users/tanmay/Desktop/Capstone/code/Trail/img/archive/myntradataset/images/subset/15311.jpg,15311.jpg
56769,/Users/tanmay/Desktop/Capstone/code/Trail/img/archive/myntradataset/images/subset/56769.jpg,56769.jpg
43063,/Users/tanmay/Desktop/Capstone/code/Trail/img/archive/myntradataset/images/subset/43063.jpg,43063.jpg
57458,/Users/tanmay/Desktop/Capstone/code/Trail/img/archive/myntradataset/images/subset/57458.jpg,57458.jpg
28321,/Users/tanmay/Desktop/Capstone/code/Trail/img/archive/myntradataset/images/subset/28321.jpg,28321.jpg
32841,/Users/tanmay/Desktop/Capstone/code/Trail/img/archive/myntradataset/images/subset/32841.jpg,32841.jpg
59380,/Users/tanmay/Desktop/Capstone/code/Trail/img/archive/myntradataset/images/subset/59380.jpg,59380.jpg
9214,/Users/tanmay/Desktop/Capstone/code/Trail/img/archive/myntradataset/images/subset/9214.jpg,9214.jpg
27398,/Users/tanmay/Desktop/Capstone/code/Trail/img/archive/myntradataset/images/subset/27398.jpg,27398.jpg
31105,/Users/tanmay/Desktop/Capstone/code/Trail/img/archive/myntradataset/images/subset/31105.jpg,31105.jpg
19678,/Users/tanmay/Desktop/Capstone/code/Trail/img/archive/myntradataset/images/subset/19678.jpg,19678.jpg
13828,/Users/tanmay/Desktop/Capstone/code/Trail/img/archive/myntradataset/images/subset/13828.jpg,13828.jpg
24689,/Users/tanmay/Desktop/Capstone/code/Trail/img/archive/myntradataset/images/subset/24689.jpg,24689.jpg
2298,/Users/tanmay/Desktop/Capstone/code/Trail/img/archive/myntradataset/images/subset/2298.jpg,2298.jpg
35323,/Users/tanmay/Desktop/Capstone/code/Trail/img/archive/myntradataset/images/subset/35323.jpg,35323.jpg
16183,/Users/tanmay/Desktop/Capstone/code/Trail/img/archive/myntradataset/images/subset/16183.jpg,16183.jpg
9096,/Users/tanmay/Desktop/Capstone/code/Trail/img/archive/myntradataset/images/subset/9096.jpg,9096.jpg
12469,/Users/tanmay/Desktop/Capstone/code/Trail/img/archive/myntradataset/images/subset/12469.jpg,12469.jpg
4830,/Users/tanmay/Desktop/Capstone/code/Trail/img/archive/myntradataset/images/subset/4830.jpg,4830.jpg
11492,/Users/tanmay/Desktop/Capstone/code/Trail/img/archive/myntradataset/images/subset/11492.jpg,11492.jpg
47362,/Users/tanmay/Desktop/Capstone/code/Trail/img/archive/myntradataset/images/subset/47362.jpg,47362.jpg
38656,/Users/tanmay/Desktop/Capstone/code/Trail/img/archive/myntradataset/images/subset/38656.jpg,38656.jpg
53798,/Users/tanmay/Desktop/Capstone/code/Trail/img/archive/myntradataset/images/subset/53798.jpg,53798.jpg
55549,/Users/tanmay/Desktop/Capstone/code/Trail/img/archive/myntradataset/images/subset/55549.jpg,55549.jpg
44027,/Users/tanmay/Desktop/Capstone/code/Trail/img/archive/myntradataset/images/subset/44027.jpg,44027.jpg
15990,/Users/tanmay/Desktop/Capstone/code/Trail/img/archive/myntradataset/images/subset/15990.jpg,15990.jpg
28559,/Users/tanmay/Desktop/Capstone/code/Trail/img/archive/myntradataset/images/subset/28559.jpg,28559.jpg
16960,/Users/tanmay/Desktop/Capstone/code/Trail/img/archive/myntradataset/images/subset/16960.jpg,16960.jpg
11405,/Users/tanmay/Desktop/Capstone/code/Trail/img/archive/myntradataset/images/subset/11405.jpg,11405.jpg
51215,/Users/tanmay/Desktop/Capstone/code/Trail/img/archive/myntradataset/images/subset/51215.jpg,51215.jpg
42584,/Users/tanmay/Desktop/Capstone/code/Trail/img/archive/myntradataset/images/subset/42584.jpg,42584.jpg
10994,/Users/tanmay/Desktop/Capstone/code/Trail/img/archive/myntradataset/images/subset/10994.jpg,10994.jpg
43082,/Users/tanmay/Desktop/Capstone/code/Trail/img/archive/myntradataset/images/subset/43082.jpg,43082.jpg
43565,/Users/tanmay/Desktop/Capstone/code/Trail/img/archive/myntradataset/images/subset/43565.jpg,43565.jpg
3928,/Users/tanmay/Desktop/Capstone/code/Trail/img/archive/myntradataset/images/subset/3928.jpg,3928.jpg
16469,/Users/tanmay/Desktop/Capstone/code/Trail/img/archive/myntradataset/images/subset/16469.jpg,16469.jpg
5659,/Users/tanmay/Desktop/Capstone/code/Trail/img/archive/myntradataset/images/subset/5659.jpg,5659.jpg
28356,/Users/tanmay/Desktop/Capstone/code/Trail/img/archive/myntradataset/images/subset/28356.jpg,28356.jpg
46302,/Users/tanmay/Desktop/Capstone/code/Trail/img/archive/myntradataset/images/subset/46302.jpg,46302.jpg
57305,/Users/tanmay/Desktop/Capstone/code/Trail/img/archive/myntradataset/images/subset/57305.jpg,57305.jpg
6379,/Users/tanmay/Desktop/Capstone/code/Trail/img/archive/myntradataset/images/subset/6379.jpg,6379.jpg
43061,/Users/tanmay/Desktop/Capstone/code/Trail/img/archive/myntradataset/images/subset/43061.jpg,43061.jpg
19732,/Users/tanmay/Desktop/Capstone/code/Trail/img/archive/myntradataset/images/subset/19732.jpg,19732.jpg
34163,/Users/tanmay/Desktop/Capstone/code/Trail/img/archive/myntradataset/images/subset/34163.jpg,34163.jpg
45044,/Users/tanmay/Desktop/Capstone/code/Trail/img/archive/myntradataset/images/subset/45044.jpg,45044.jpg
26967,/Users/tanmay/Desktop/Capstone/code/Trail/img/archive/myntradataset/images/subset/26967.jpg,26967.jpg
45132,/Users/tanmay/Desktop/Capstone/code/Trail/img/archive/myntradataset/images/subset/45132.jpg,45132.jpg
18220,/Users/tanmay/Desktop/Capstone/code/Trail/img/archive/myntradataset/images/subset/18220.jpg,18220.jpg
14675,/Users/tanmay/Desktop/Capstone/code/Trail/img/archive/myntradataset/images/subset/14675.jpg,14675.jpg
4723,/Users/tanmay/Desktop/Capstone/code/Trail/img/archive/myntradataset/images/subset/4723.jpg,4723.jpg
17859,/Users/tanmay/Desktop/Capstone/code/Trail/img/archive/myntradataset/images/subset/17859.jpg,17859.jpg
6147,/Users/tanmay/Desktop/Capstone/code/Trail/img/archive/myntradataset/images/subset/6147.jpg,6147.jpg
22743,/Users/tanmay/Desktop/Capstone/code/Trail/img/archive/myntradataset/images/subset/22743.jpg,22743.jpg
1764,/Users/tanmay/Desktop/Capstone/code/Trail/img/archive/myntradataset/images/subset/1764.jpg,1764.jpg
46389,/Users/tanmay/Desktop/Capstone/code/Trail/img/archive/myntradataset/images/subset/46389.jpg,46389.jpg
41775,/Users/tanmay/Desktop/Capstone/code/Trail/img/archive/myntradataset/images/subset/41775.jpg,41775.jpg
33316,/Users/tanmay/Desktop/Capstone/code/Trail/img/archive/myntradataset/images/subset/33316.jpg,33316.jpg
48224,/Users/tanmay/Desktop/Capstone/code/Trail/img/archive/myntradataset/images/subset/48224.jpg,48224.jpg
6347,/Users/tanmay/Desktop/Capstone/code/Trail/img/archive/myntradataset/images/subset/6347.jpg,6347.jpg
6144,/Users/tanmay/Desktop/Capstone/code/Trail/img/archive/myntradataset/images/subset/6144.jpg,6144.jpg
28404,/Users/tanmay/Desktop/Capstone/code/Trail/img/archive/myntradataset/images/subset/28404.jpg,28404.jpg
17290,/Users/tanmay/Desktop/Capstone/code/Trail/img/archive/myntradataset/images/subset/17290.jpg,17290.jpg
47888,/Users/tanmay/Desktop/Capstone/code/Trail/img/archive/myntradataset/images/subset/47888.jpg,47888.jpg
20782,/Users/tanmay/Desktop/Capstone/code/Trail/img/archive/myntradataset/images/subset/20782.jpg,20782.jpg
53438,/Users/tanmay/Desktop/Capstone/code/Trail/img/archive/myntradataset/images/subset/53438.jpg,53438.jpg
40468,/Users/tanmay/Desktop/Capstone/code/Trail/img/archive/myntradataset/images/subset/40468.jpg,40468.jpg
33760,/Users/tanmay/Desktop/Capstone/code/Trail/img/archive/myntradataset/images/subset/33760.jpg,33760.jpg
47323,/Users/tanmay/Desktop/Capstone/code/Trail/img/archive/myntradataset/images/subset/47323.jpg,47323.jpg
31828,/Users/tanmay/Desktop/Capstone/code/Trail/img/archive/myntradataset/images/subset/31828.jpg,31828.jpg
42556,/Users/tanmay/Desktop/Capstone/code/Trail/img/archive/myntradataset/images/subset/42556.jpg,42556.jpg
37936,/Users/tanmay/Desktop/Capstone/code/Trail/img/archive/myntradataset/images/subset/37936.jpg,37936.jpg
27982,/Users/tanmay/Desktop/Capstone/code/Trail/img/archive/myntradataset/images/subset/27982.jpg,27982.jpg
46521,/Users/tanmay/Desktop/Capstone/code/Trail/img/archive/myntradataset/images/subset/46521.jpg,46521.jpg
19172,/Users/tanmay/Desktop/Capstone/code/Trail/img/archive/myntradataset/images/subset/19172.jpg,19172.jpg
20426,/Users/tanmay/Desktop/Capstone/code/Trail/img/archive/myntradataset/images/subset/20426.jpg,20426.jpg
34973,/Users/tanmay/Desktop/Capstone/code/Trail/img/archive/myntradataset/images/subset/34973.jpg,34973.jpg
17513,/Users/tanmay/Desktop/Capstone/code/Trail/img/archive/myntradataset/images/subset/17513.jpg,17513.jpg
50740,/Users/tanmay/Desktop/Capstone/code/Trail/img/archive/myntradataset/images/subset/50740.jpg,50740.jpg
48803,/Users/tanmay/Desktop/Capstone/code/Trail/img/archive/myntradataset/images/subset/48803.jpg,48803.jpg
34239,/Users/tanmay/Desktop/Capstone/code/Trail/img/archive/myntradataset/images/subset/34239.jpg,34239.jpg
58629,/Users/tanmay/Desktop/Capstone/code/Trail/img/archive/myntradataset/images/subset/58629.jpg,58629.jpg
7782,/Users/tanmay/Desktop/Capstone/code/Trail/img/archive/myntradataset/images/subset/7782.jpg,7782.jpg
36022,/Users/tanmay/Desktop/Capstone/code/Trail/img/archive/myntradataset/images/subset/36022.jpg,36022.jpg
36699,/Users/tanmay/Desktop/Capstone/code/Trail/img/archive/myntradataset/images/subset/36699.jpg,36699.jpg
4426,/Users/tanmay/Desktop/Capstone/code/Trail/img/archive/myntradataset/images/subset/4426.jpg,4426.jpg
37909,/Users/tanmay/Desktop/Capstone/code/Trail/img/archive/myntradataset/images/subset/37909.jpg,37909.jpg
31814,/Users/tanmay/Desktop/Capstone/code/Trail/img/archive/myntradataset/images/subset/31814.jpg,31814.jpg
6189,/Users/tanmay/Desktop/Capstone/code/Trail/img/archive/myntradataset/images/subset/6189.jpg,6189.jpg
40181,/Users/tanmay/Desktop/Capstone/code/Trail/img/archive/myntradataset/images/subset/40181.jpg,40181.jpg
24652,/Users/tanmay/Desktop/Capstone/code/Trail/img/archive/myntradataset/images/subset/24652.jpg,24652.jpg
12922,/Users/tanmay/Desktop/Capstone/code/Trail/img/archive/myntradataset/images/subset/12922.jpg,12922.jpg
5319,/Users/tanmay/Desktop/Capstone/code/Trail/img/archive/myntradataset/images/subset/5319.jpg,5319.jpg
38479,/Users/tanmay/Desktop/Capstone/code/Trail/img/archive/myntradataset/images/subset/38479.jpg,38479.jpg
14520,/Users/tanmay/Desktop/Capstone/code/Trail/img/archive/myntradataset/images/subset/14520.jpg,14520.jpg
52466,/Users/tanmay/Desktop/Capstone/code/Trail/img/archive/myntradataset/images/subset/52466.jpg,52466.jpg
5899,/Users/tanmay/Desktop/Capstone/code/Trail/img/archive/myntradataset/images/subset/5899.jpg,5899.jpg
29977,/Users/tanmay/Desktop/Capstone/code/Trail/img/archive/myntradataset/images/subset/29977.jpg,29977.jpg
35205,/Users/tanmay/Desktop/Capstone/code/Trail/img/archive/myntradataset/images/subset/35205.jpg,35205.jpg
33512,/Users/tanmay/Desktop/Capstone/code/Trail/img/archive/myntradataset/images/subset/33512.jpg,33512.jpg
9792,/Users/tanmay/Desktop/Capstone/code/Trail/img/archive/myntradataset/images/subset/9792.jpg,9792.jpg
7640,/Users/tanmay/Desktop/Capstone/code/Trail/img/archive/myntradataset/images/subset/7640.jpg,7640.jpg
58194,/Users/tanmay/Desktop/Capstone/code/Trail/img/archive/myntradataset/images/subset/58194.jpg,58194.jpg
12285,/Users/tanmay/Desktop/Capstone/code/Trail/img/archive/myntradataset/images/subset/12285.jpg,12285.jpg
39344,/Users/tanmay/Desktop/Capstone/code/Trail/img/archive/myntradataset/images/subset/39344.jpg,39344.jpg
45248,/Users/tanmay/Desktop/Capstone/code/Trail/img/archive/myntradataset/images/subset/45248.jpg,45248.jpg
28152,/Users/tanmay/Desktop/Capstone/code/Trail/img/archive/myntradataset/images/subset/28152.jpg,28152.jpg
21990,/Users/tanmay/Desktop/Capstone/code/Trail/img/archive/myntradataset/images/subset/21990.jpg,21990.jpg
9982,/Users/tanmay/Desktop/Capstone/code/Trail/img/archive/myntradataset/images/subset/9982.jpg,9982.jpg
3057,/Users/tanmay/Desktop/Capstone/code/Trail/img/archive/myntradataset/images/subset/3057.jpg,3057.jpg
26349,/Users/tanmay/Desktop/Capstone/code/Trail/img/archive/myntradataset/images/subset/26349.jpg,26349.jpg
10593,/Users/tanmay/Desktop/Capstone/code/Trail/img/archive/myntradataset/images/subset/10593.jpg,10593.jpg
48149,/Users/tanmay/Desktop/Capstone/code/Trail/img/archive/myntradataset/images/subset/48149.jpg,48149.jpg
26126,/Users/tanmay/Desktop/Capstone/code/Trail/img/archive/myntradataset/images/subset/26126.jpg,26126.jpg
20628,/Users/tanmay/Desktop/Capstone/code/Trail/img/archive/myntradataset/images/subset/20628.jpg,20628.jpg
6283,/Users/tanmay/Desktop/Capstone/code/Trail/img/archive/myntradataset/images/subset/6283.jpg,6283.jpg
50573,/Users/tanmay/Desktop/Capstone/code/Trail/img/archive/myntradataset/images/subset/50573.jpg,50573.jpg
52452,/Users/tanmay/Desktop/Capstone/code/Trail/img/archive/myntradataset/images/subset/52452.jpg,52452.jpg
42558,/Users/tanmay/Desktop/Capstone/code/Trail/img/archive/myntradataset/images/subset/42558.jpg,42558.jpg
25864,/Users/tanmay/Desktop/Capstone/code/Trail/img/archive/myntradataset/images/subset/25864.jpg,25864.jpg
28715,/Users/tanmay/Desktop/Capstone/code/Trail/img/archive/myntradataset/images/subset/28715.jpg,28715.jpg
21884,/Users/tanmay/Desktop/Capstone/code/Trail/img/archive/myntradataset/images/subset/21884.jpg,21884.jpg
49675,/Users/tanmay/Desktop/Capstone/code/Trail/img/archive/myntradataset/images/subset/49675.jpg,49675.jpg
58509,/Users/tanmay/Desktop/Capstone/code/Trail/img/archive/myntradataset/images/subset/58509.jpg,58509.jpg
47598,/Users/tanmay/Desktop/Capstone/code/Trail/img/archive/myntradataset/images/subset/47598.jpg,47598.jpg
36407,/Users/tanmay/Desktop/Capstone/code/Trail/img/archive/myntradataset/images/subset/36407.jpg,36407.jpg
38546,/Users/tanmay/Desktop/Capstone/code/Trail/img/archive/myntradataset/images/subset/38546.jpg,38546.jpg
6692,/Users/tanmay/Desktop/Capstone/code/Trail/img/archive/myntradataset/images/subset/6692.jpg,6692.jpg
11881,/Users/tanmay/Desktop/Capstone/code/Trail/img/archive/myntradataset/images/subset/11881.jpg,11881.jpg
36742,/Users/tanmay/Desktop/Capstone/code/Trail/img/archive/myntradataset/images/subset/36742.jpg,36742.jpg
13760,/Users/tanmay/Desktop/Capstone/code/Trail/img/archive/myntradataset/images/subset/13760.jpg,13760.jpg
23249,/Users/tanmay/Desktop/Capstone/code/Trail/img/archive/myntradataset/images/subset/23249.jpg,23249.jpg
20261,/Users/tanmay/Desktop/Capstone/code/Trail/img/archive/myntradataset/images/subset/20261.jpg,20261.jpg
13571,/Users/tanmay/Desktop/Capstone/code/Trail/img/archive/myntradataset/images/subset/13571.jpg,13571.jpg
52093,/Users/tanmay/Desktop/Capstone/code/Trail/img/archive/myntradataset/images/subset/52093.jpg,52093.jpg
25393,/Users/tanmay/Desktop/Capstone/code/Trail/img/archive/myntradataset/images/subset/25393.jpg,25393.jpg
49301,/Users/tanmay/Desktop/Capstone/code/Trail/img/archive/myntradataset/images/subset/49301.jpg,49301.jpg
3705,/Users/tanmay/Desktop/Capstone/code/Trail/img/archive/myntradataset/images/subset/3705.jpg,3705.jpg
51708,/Users/tanmay/Desktop/Capstone/code/Trail/img/archive/myntradataset/images/subset/51708.jpg,51708.jpg
52979,/Users/tanmay/Desktop/Capstone/code/Trail/img/archive/myntradataset/images/subset/52979.jpg,52979.jpg
24473,/Users/tanmay/Desktop/Capstone/code/Trail/img/archive/myntradataset/images/subset/24473.jpg,24473.jpg
36890,/Users/tanmay/Desktop/Capstone/code/Trail/img/archive/myntradataset/images/subset/36890.jpg,36890.jpg
44113,/Users/tanmay/Desktop/Capstone/code/Trail/img/archive/myntradataset/images/subset/44113.jpg,44113.jpg
8700,/Users/tanmay/Desktop/Capstone/code/Trail/img/archive/myntradataset/images/subset/8700.jpg,8700.jpg
20303,/Users/tanmay/Desktop/Capstone/code/Trail/img/archive/myntradataset/images/subset/20303.jpg,20303.jpg
44668,/Users/tanmay/Desktop/Capstone/code/Trail/img/archive/myntradataset/images/subset/44668.jpg,44668.jpg
37224,/Users/tanmay/Desktop/Capstone/code/Trail/img/archive/myntradataset/images/subset/37224.jpg,37224.jpg
57235,/Users/tanmay/Desktop/Capstone/code/Trail/img/archive/myntradataset/images/subset/57235.jpg,57235.jpg
31971,/Users/tanmay/Desktop/Capstone/code/Trail/img/archive/myntradataset/images/subset/31971.jpg,31971.jpg
36436,/Users/tanmay/Desktop/Capstone/code/Trail/img/archive/myntradataset/images/subset/36436.jpg,36436.jpg
50986,/Users/tanmay/Desktop/Capstone/code/Trail/img/archive/myntradataset/images/subset/50986.jpg,50986.jpg
40003,/Users/tanmay/Desktop/Capstone/code/Trail/img/archive/myntradataset/images/subset/40003.jpg,40003.jpg
10033,/Users/tanmay/Desktop/Capstone/code/Trail/img/archive/myntradataset/images/subset/10033.jpg,10033.jpg
20813,/Users/tanmay/Desktop/Capstone/code/Trail/img/archive/myntradataset/images/subset/20813.jpg,20813.jpg
2265,/Users/tanmay/Desktop/Capstone/code/Trail/img/archive/myntradataset/images/subset/2265.jpg,2265.jpg
4006,/Users/tanmay/Desktop/Capstone/code/Trail/img/archive/myntradataset/images/subset/4006.jpg,4006.jpg
28769,/Users/tanmay/Desktop/Capstone/code/Trail/img/archive/myntradataset/images/subset/28769.jpg,28769.jpg
8924,/Users/tanmay/Desktop/Capstone/code/Trail/img/archive/myntradataset/images/subset/8924.jpg,8924.jpg
50172,/Users/tanmay/Desktop/Capstone/code/Trail/img/archive/myntradataset/images/subset/50172.jpg,50172.jpg
26592,/Users/tanmay/Desktop/Capstone/code/Trail/img/archive/myntradataset/images/subset/26592.jpg,26592.jpg
10598,/Users/tanmay/Desktop/Capstone/code/Trail/img/archive/myntradataset/images/subset/10598.jpg,10598.jpg
4125,/Users/tanmay/Desktop/Capstone/code/Trail/img/archive/myntradataset/images/subset/4125.jpg,4125.jpg
4259,/Users/tanmay/Desktop/Capstone/code/Trail/img/archive/myntradataset/images/subset/4259.jpg,4259.jpg
2051,/Users/tanmay/Desktop/Capstone/code/Trail/img/archive/myntradataset/images/subset/2051.jpg,2051.jpg
42145,/Users/tanmay/Desktop/Capstone/code/Trail/img/archive/myntradataset/images/subset/42145.jpg,42145.jpg
51019,/Users/tanmay/Desktop/Capstone/code/Trail/img/archive/myntradataset/images/subset/51019.jpg,51019.jpg
3141,/Users/tanmay/Desktop/Capstone/code/Trail/img/archive/myntradataset/images/subset/3141.jpg,3141.jpg
33141,/Users/tanmay/Desktop/Capstone/code/Trail/img/archive/myntradataset/images/subset/33141.jpg,33141.jpg
19532,/Users/tanmay/Desktop/Capstone/code/Trail/img/archive/myntradataset/images/subset/19532.jpg,19532.jpg
55260,/Users/tanmay/Desktop/Capstone/code/Trail/img/archive/myntradataset/images/subset/55260.jpg,55260.jpg
41460,/Users/tanmay/Desktop/Capstone/code/Trail/img/archive/myntradataset/images/subset/41460.jpg,41460.jpg
38617,/Users/tanmay/Desktop/Capstone/code/Trail/img/archive/myntradataset/images/subset/38617.jpg,38617.jpg
17901,/Users/tanmay/Desktop/Capstone/code/Trail/img/archive/myntradataset/images/subset/17901.jpg,17901.jpg
19623,/Users/tanmay/Desktop/Capstone/code/Trail/img/archive/myntradataset/images/subset/19623.jpg,19623.jpg
46842,/Users/tanmay/Desktop/Capstone/code/Trail/img/archive/myntradataset/images/subset/46842.jpg,46842.jpg
32249,/Users/tanmay/Desktop/Capstone/code/Trail/img/archive/myntradataset/images/subset/32249.jpg,32249.jpg
18932,/Users/tanmay/Desktop/Capstone/code/Trail/img/archive/myntradataset/images/subset/18932.jpg,18932.jpg
19734,/Users/tanmay/Desktop/Capstone/code/Trail/img/archive/myntradataset/images/subset/19734.jpg,19734.jpg
8444,/Users/tanmay/Desktop/Capstone/code/Trail/img/archive/myntradataset/images/subset/8444.jpg,8444.jpg
18263,/Users/tanmay/Desktop/Capstone/code/Trail/img/archive/myntradataset/images/subset/18263.jpg,18263.jpg
5018,/Users/tanmay/Desktop/Capstone/code/Trail/img/archive/myntradataset/images/subset/5018.jpg,5018.jpg
15570,/Users/tanmay/Desktop/Capstone/code/Trail/img/archive/myntradataset/images/subset/15570.jpg,15570.jpg
26615,/Users/tanmay/Desktop/Capstone/code/Trail/img/archive/myntradataset/images/subset/26615.jpg,26615.jpg
28990,/Users/tanmay/Desktop/Capstone/code/Trail/img/archive/myntradataset/images/subset/28990.jpg,28990.jpg
2225,/Users/tanmay/Desktop/Capstone/code/Trail/img/archive/myntradataset/images/subset/2225.jpg,2225.jpg
57024,/Users/tanmay/Desktop/Capstone/code/Trail/img/archive/myntradataset/images/subset/57024.jpg,57024.jpg
49810,/Users/tanmay/Desktop/Capstone/code/Trail/img/archive/myntradataset/images/subset/49810.jpg,49810.jpg
11991,/Users/tanmay/Desktop/Capstone/code/Trail/img/archive/myntradataset/images/subset/11991.jpg,11991.jpg
4311,/Users/tanmay/Desktop/Capstone/code/Trail/img/archive/myntradataset/images/subset/4311.jpg,4311.jpg
6200,/Users/tanmay/Desktop/Capstone/code/Trail/img/archive/myntradataset/images/subset/6200.jpg,6200.jpg
9248,/Users/tanmay/Desktop/Capstone/code/Trail/img/archive/myntradataset/images/subset/9248.jpg,9248.jpg
34908,/Users/tanmay/Desktop/Capstone/code/Trail/img/archive/myntradataset/images/subset/34908.jpg,34908.jpg
4061,/Users/tanmay/Desktop/Capstone/code/Trail/img/archive/myntradataset/images/subset/4061.jpg,4061.jpg
33527,/Users/tanmay/Desktop/Capstone/code/Trail/img/archive/myntradataset/images/subset/33527.jpg,33527.jpg
43313,/Users/tanmay/Desktop/Capstone/code/Trail/img/archive/myntradataset/images/subset/43313.jpg,43313.jpg
4111,/Users/tanmay/Desktop/Capstone/code/Trail/img/archive/myntradataset/images/subset/4111.jpg,4111.jpg
19881,/Users/tanmay/Desktop/Capstone/code/Trail/img/archive/myntradataset/images/subset/19881.jpg,19881.jpg
22398,/Users/tanmay/Desktop/Capstone/code/Trail/img/archive/myntradataset/images/subset/22398.jpg,22398.jpg
20188,/Users/tanmay/Desktop/Capstone/code/Trail/img/archive/myntradataset/images/subset/20188.jpg,20188.jpg
38130,/Users/tanmay/Desktop/Capstone/code/Trail/img/archive/myntradataset/images/subset/38130.jpg,38130.jpg
47181,/Users/tanmay/Desktop/Capstone/code/Trail/img/archive/myntradataset/images/subset/47181.jpg,47181.jpg
23860,/Users/tanmay/Desktop/Capstone/code/Trail/img/archive/myntradataset/images/subset/23860.jpg,23860.jpg
36383,/Users/tanmay/Desktop/Capstone/code/Trail/img/archive/myntradataset/images/subset/36383.jpg,36383.jpg
33724,/Users/tanmay/Desktop/Capstone/code/Trail/img/archive/myntradataset/images/subset/33724.jpg,33724.jpg
50532,/Users/tanmay/Desktop/Capstone/code/Trail/img/archive/myntradataset/images/subset/50532.jpg,50532.jpg
42903,/Users/tanmay/Desktop/Capstone/code/Trail/img/archive/myntradataset/images/subset/42903.jpg,42903.jpg
49537,/Users/tanmay/Desktop/Capstone/code/Trail/img/archive/myntradataset/images/subset/49537.jpg,49537.jpg
5815,/Users/tanmay/Desktop/Capstone/code/Trail/img/archive/myntradataset/images/subset/5815.jpg,5815.jpg
25644,/Users/tanmay/Desktop/Capstone/code/Trail/img/archive/myntradataset/images/subset/25644.jpg,25644.jpg
14052,/Users/tanmay/Desktop/Capstone/code/Trail/img/archive/myntradataset/images/subset/14052.jpg,14052.jpg
23165,/Users/tanmay/Desktop/Capstone/code/Trail/img/archive/myntradataset/images/subset/23165.jpg,23165.jpg
5672,/Users/tanmay/Desktop/Capstone/code/Trail/img/archive/myntradataset/images/subset/5672.jpg,5672.jpg
11116,/Users/tanmay/Desktop/Capstone/code/Trail/img/archive/myntradataset/images/subset/11116.jpg,11116.jpg
43660,/Users/tanmay/Desktop/Capstone/code/Trail/img/archive/myntradataset/images/subset/43660.jpg,43660.jpg
16640,/Users/tanmay/Desktop/Capstone/code/Trail/img/archive/myntradataset/images/subset/16640.jpg,16640.jpg
25398,/Users/tanmay/Desktop/Capstone/code/Trail/img/archive/myntradataset/images/subset/25398.jpg,25398.jpg
6704,/Users/tanmay/Desktop/Capstone/code/Trail/img/archive/myntradataset/images/subset/6704.jpg,6704.jpg
13138,/Users/tanmay/Desktop/Capstone/code/Trail/img/archive/myntradataset/images/subset/13138.jpg,13138.jpg
54389,/Users/tanmay/Desktop/Capstone/code/Trail/img/archive/myntradataset/images/subset/54389.jpg,54389.jpg
40137,/Users/tanmay/Desktop/Capstone/code/Trail/img/archive/myntradataset/images/subset/40137.jpg,40137.jpg
57949,/Users/tanmay/Desktop/Capstone/code/Trail/img/archive/myntradataset/images/subset/57949.jpg,57949.jpg
15889,/Users/tanmay/Desktop/Capstone/code/Trail/img/archive/myntradataset/images/subset/15889.jpg,15889.jpg
29551,/Users/tanmay/Desktop/Capstone/code/Trail/img/archive/myntradataset/images/subset/29551.jpg,29551.jpg
17167,/Users/tanmay/Desktop/Capstone/code/Trail/img/archive/myntradataset/images/subset/17167.jpg,17167.jpg
59767,/Users/tanmay/Desktop/Capstone/code/Trail/img/archive/myntradataset/images/subset/59767.jpg,59767.jpg
4056,/Users/tanmay/Desktop/Capstone/code/Trail/img/archive/myntradataset/images/subset/4056.jpg,4056.jpg
46475,/Users/tanmay/Desktop/Capstone/code/Trail/img/archive/myntradataset/images/subset/46475.jpg,46475.jpg
47115,/Users/tanmay/Desktop/Capstone/code/Trail/img/archive/myntradataset/images/subset/47115.jpg,47115.jpg
41682,/Users/tanmay/Desktop/Capstone/code/Trail/img/archive/myntradataset/images/subset/41682.jpg,41682.jpg
39851,/Users/tanmay/Desktop/Capstone/code/Trail/img/archive/myntradataset/images/subset/39851.jpg,39851.jpg
49063,/Users/tanmay/Desktop/Capstone/code/Trail/img/archive/myntradataset/images/subset/49063.jpg,49063.jpg
11824,/Users/tanmay/Desktop/Capstone/code/Trail/img/archive/myntradataset/images/subset/11824.jpg,11824.jpg
50890,/Users/tanmay/Desktop/Capstone/code/Trail/img/archive/myntradataset/images/subset/50890.jpg,50890.jpg
51011,/Users/tanmay/Desktop/Capstone/code/Trail/img/archive/myntradataset/images/subset/51011.jpg,51011.jpg
15060,/Users/tanmay/Desktop/Capstone/code/Trail/img/archive/myntradataset/images/subset/15060.jpg,15060.jpg
29594,/Users/tanmay/Desktop/Capstone/code/Trail/img/archive/myntradataset/images/subset/29594.jpg,29594.jpg
13338,/Users/tanmay/Desktop/Capstone/code/Trail/img/archive/myntradataset/images/subset/13338.jpg,13338.jpg
39139,/Users/tanmay/Desktop/Capstone/code/Trail/img/archive/myntradataset/images/subset/39139.jpg,39139.jpg
6844,/Users/tanmay/Desktop/Capstone/code/Trail/img/archive/myntradataset/images/subset/6844.jpg,6844.jpg
43521,/Users/tanmay/Desktop/Capstone/code/Trail/img/archive/myntradataset/images/subset/43521.jpg,43521.jpg
46948,/Users/tanmay/Desktop/Capstone/code/Trail/img/archive/myntradataset/images/subset/46948.jpg,46948.jpg
36146,/Users/tanmay/Desktop/Capstone/code/Trail/img/archive/myntradataset/images/subset/36146.jpg,36146.jpg
53490,/Users/tanmay/Desktop/Capstone/code/Trail/img/archive/myntradataset/images/subset/53490.jpg,53490.jpg
41981,/Users/tanmay/Desktop/Capstone/code/Trail/img/archive/myntradataset/images/subset/41981.jpg,41981.jpg
4868,/Users/tanmay/Desktop/Capstone/code/Trail/img/archive/myntradataset/images/subset/4868.jpg,4868.jpg
12877,/Users/tanmay/Desktop/Capstone/code/Trail/img/archive/myntradataset/images/subset/12877.jpg,12877.jpg
7624,/Users/tanmay/Desktop/Capstone/code/Trail/img/archive/myntradataset/images/subset/7624.jpg,7624.jpg
15007,/Users/tanmay/Desktop/Capstone/code/Trail/img/archive/myntradataset/images/subset/15007.jpg,15007.jpg
50524,/Users/tanmay/Desktop/Capstone/code/Trail/img/archive/myntradataset/images/subset/50524.jpg,50524.jpg
9150,/Users/tanmay/Desktop/Capstone/code/Trail/img/archive/myntradataset/images/subset/9150.jpg,9150.jpg
36676,/Users/tanmay/Desktop/Capstone/code/Trail/img/archive/myntradataset/images/subset/36676.jpg,36676.jpg
19424,/Users/tanmay/Desktop/Capstone/code/Trail/img/archive/myntradataset/images/subset/19424.jpg,19424.jpg
43256,/Users/tanmay/Desktop/Capstone/code/Trail/img/archive/myntradataset/images/subset/43256.jpg,43256.jpg
25125,/Users/tanmay/Desktop/Capstone/code/Trail/img/archive/myntradataset/images/subset/25125.jpg,25125.jpg
57749,/Users/tanmay/Desktop/Capstone/code/Trail/img/archive/myntradataset/images/subset/57749.jpg,57749.jpg
40693,/Users/tanmay/Desktop/Capstone/code/Trail/img/archive/myntradataset/images/subset/40693.jpg,40693.jpg
43157,/Users/tanmay/Desktop/Capstone/code/Trail/img/archive/myntradataset/images/subset/43157.jpg,43157.jpg
47336,/Users/tanmay/Desktop/Capstone/code/Trail/img/archive/myntradataset/images/subset/47336.jpg,47336.jpg
10079,/Users/tanmay/Desktop/Capstone/code/Trail/img/archive/myntradataset/images/subset/10079.jpg,10079.jpg
46384,/Users/tanmay/Desktop/Capstone/code/Trail/img/archive/myntradataset/images/subset/46384.jpg,46384.jpg
31654,/Users/tanmay/Desktop/Capstone/code/Trail/img/archive/myntradataset/images/subset/31654.jpg,31654.jpg
18472,/Users/tanmay/Desktop/Capstone/code/Trail/img/archive/myntradataset/images/subset/18472.jpg,18472.jpg
13391,/Users/tanmay/Desktop/Capstone/code/Trail/img/archive/myntradataset/images/subset/13391.jpg,13391.jpg
51800,/Users/tanmay/Desktop/Capstone/code/Trail/img/archive/myntradataset/images/subset/51800.jpg,51800.jpg
20772,/Users/tanmay/Desktop/Capstone/code/Trail/img/archive/myntradataset/images/subset/20772.jpg,20772.jpg
7085,/Users/tanmay/Desktop/Capstone/code/Trail/img/archive/myntradataset/images/subset/7085.jpg,7085.jpg
29316,/Users/tanmay/Desktop/Capstone/code/Trail/img/archive/myntradataset/images/subset/29316.jpg,29316.jpg
33044,/Users/tanmay/Desktop/Capstone/code/Trail/img/archive/myntradataset/images/subset/33044.jpg,33044.jpg
22952,/Users/tanmay/Desktop/Capstone/code/Trail/img/archive/myntradataset/images/subset/22952.jpg,22952.jpg
31818,/Users/tanmay/Desktop/Capstone/code/Trail/img/archive/myntradataset/images/subset/31818.jpg,31818.jpg
12331,/Users/tanmay/Desktop/Capstone/code/Trail/img/archive/myntradataset/images/subset/12331.jpg,12331.jpg
3479,/Users/tanmay/Desktop/Capstone/code/Trail/img/archive/myntradataset/images/subset/3479.jpg,3479.jpg
33316,/Users/tanmay/Desktop/Capstone/code/Trail/img/archive/myntradataset/images/subset/33316.jpg,33316.jpg
41451,/Users/tanmay/Desktop/Capstone/code/Trail/img/archive/myntradataset/images/subset/41451.jpg,41451.jpg
2985,/Users/tanmay/Desktop/Capstone/code/Trail/img/archive/myntradataset/images/subset/2985.jpg,2985.jpg
36459,/Users/tanmay/Desktop/Capstone/code/Trail/img/archive/myntradataset/images/subset/36459.jpg,36459.jpg
26983,/Users/tanmay/Desktop/Capstone/code/Trail/img/archive/myntradataset/images/subset/26983.jpg,26983.jpg
15129,/Users/tanmay/Desktop/Capstone/code/Trail/img/archive/myntradataset/images/subset/15129.jpg,15129.jpg
58283,/Users/tanmay/Desktop/Capstone/code/Trail/img/archive/myntradataset/images/subset/58283.jpg,58283.jpg
10314,/Users/tanmay/Desktop/Capstone/code/Trail/img/archive/myntradataset/images/subset/10314.jpg,10314.jpg
57969,/Users/tanmay/Desktop/Capstone/code/Trail/img/archive/myntradataset/images/subset/57969.jpg,57969.jpg
6481,/Users/tanmay/Desktop/Capstone/code/Trail/img/archive/myntradataset/images/subset/6481.jpg,6481.jpg
33929,/Users/tanmay/Desktop/Capstone/code/Trail/img/archive/myntradataset/images/subset/33929.jpg,33929.jpg
59982,/Users/tanmay/Desktop/Capstone/code/Trail/img/archive/myntradataset/images/subset/59982.jpg,59982.jpg
7670,/Users/tanmay/Desktop/Capstone/code/Trail/img/archive/myntradataset/images/subset/7670.jpg,7670.jpg
38165,/Users/tanmay/Desktop/Capstone/code/Trail/img/archive/myntradataset/images/subset/38165.jpg,38165.jpg
8130,/Users/tanmay/Desktop/Capstone/code/Trail/img/archive/myntradataset/images/subset/8130.jpg,8130.jpg
6988,/Users/tanmay/Desktop/Capstone/code/Trail/img/archive/myntradataset/images/subset/6988.jpg,6988.jpg
3650,/Users/tanmay/Desktop/Capstone/code/Trail/img/archive/myntradataset/images/subset/3650.jpg,3650.jpg
45395,/Users/tanmay/Desktop/Capstone/code/Trail/img/archive/myntradataset/images/subset/45395.jpg,45395.jpg
3315,/Users/tanmay/Desktop/Capstone/code/Trail/img/archive/myntradataset/images/subset/3315.jpg,3315.jpg
41354,/Users/tanmay/Desktop/Capstone/code/Trail/img/archive/myntradataset/images/subset/41354.jpg,41354.jpg
30739,/Users/tanmay/Desktop/Capstone/code/Trail/img/archive/myntradataset/images/subset/30739.jpg,30739.jpg
49547,/Users/tanmay/Desktop/Capstone/code/Trail/img/archive/myntradataset/images/subset/49547.jpg,49547.jpg
3667,/Users/tanmay/Desktop/Capstone/code/Trail/img/archive/myntradataset/images/subset/3667.jpg,3667.jpg
38644,/Users/tanmay/Desktop/Capstone/code/Trail/img/archive/myntradataset/images/subset/38644.jpg,38644.jpg
15772,/Users/tanmay/Desktop/Capstone/code/Trail/img/archive/myntradataset/images/subset/15772.jpg,15772.jpg
47456,/Users/tanmay/Desktop/Capstone/code/Trail/img/archive/myntradataset/images/subset/47456.jpg,47456.jpg
27771,/Users/tanmay/Desktop/Capstone/code/Trail/img/archive/myntradataset/images/subset/27771.jpg,27771.jpg
26451,/Users/tanmay/Desktop/Capstone/code/Trail/img/archive/myntradataset/images/subset/26451.jpg,26451.jpg
54989,/Users/tanmay/Desktop/Capstone/code/Trail/img/archive/myntradataset/images/subset/54989.jpg,54989.jpg
36371,/Users/tanmay/Desktop/Capstone/code/Trail/img/archive/myntradataset/images/subset/36371.jpg,36371.jpg
11750,/Users/tanmay/Desktop/Capstone/code/Trail/img/archive/myntradataset/images/subset/11750.jpg,11750.jpg
55472,/Users/tanmay/Desktop/Capstone/code/Trail/img/archive/myntradataset/images/subset/55472.jpg,55472.jpg
10825,/Users/tanmay/Desktop/Capstone/code/Trail/img/archive/myntradataset/images/subset/10825.jpg,10825.jpg
34013,/Users/tanmay/Desktop/Capstone/code/Trail/img/archive/myntradataset/images/subset/34013.jpg,34013.jpg
36987,/Users/tanmay/Desktop/Capstone/code/Trail/img/archive/myntradataset/images/subset/36987.jpg,36987.jpg
44873,/Users/tanmay/Desktop/Capstone/code/Trail/img/archive/myntradataset/images/subset/44873.jpg,44873.jpg
36444,/Users/tanmay/Desktop/Capstone/code/Trail/img/archive/myntradataset/images/subset/36444.jpg,36444.jpg
34948,/Users/tanmay/Desktop/Capstone/code/Trail/img/archive/myntradataset/images/subset/34948.jpg,34948.jpg
46145,/Users/tanmay/Desktop/Capstone/code/Trail/img/archive/myntradataset/images/subset/46145.jpg,46145.jpg
28246,/Users/tanmay/Desktop/Capstone/code/Trail/img/archive/myntradataset/images/subset/28246.jpg,28246.jpg
41474,/Users/tanmay/Desktop/Capstone/code/Trail/img/archive/myntradataset/images/subset/41474.jpg,41474.jpg
18704,/Users/tanmay/Desktop/Capstone/code/Trail/img/archive/myntradataset/images/subset/18704.jpg,18704.jpg
27525,/Users/tanmay/Desktop/Capstone/code/Trail/img/archive/myntradataset/images/subset/27525.jpg,27525.jpg
52632,/Users/tanmay/Desktop/Capstone/code/Trail/img/archive/myntradataset/images/subset/52632.jpg,52632.jpg
39880,/Users/tanmay/Desktop/Capstone/code/Trail/img/archive/myntradataset/images/subset/39880.jpg,39880.jpg
17429,/Users/tanmay/Desktop/Capstone/code/Trail/img/archive/myntradataset/images/subset/17429.jpg,17429.jpg
52887,/Users/tanmay/Desktop/Capstone/code/Trail/img/archive/myntradataset/images/subset/52887.jpg,52887.jpg
38992,/Users/tanmay/Desktop/Capstone/code/Trail/img/archive/myntradataset/images/subset/38992.jpg,38992.jpg
24741,/Users/tanmay/Desktop/Capstone/code/Trail/img/archive/myntradataset/images/subset/24741.jpg,24741.jpg
13818,/Users/tanmay/Desktop/Capstone/code/Trail/img/archive/myntradataset/images/subset/13818.jpg,13818.jpg
30908,/Users/tanmay/Desktop/Capstone/code/Trail/img/archive/myntradataset/images/subset/30908.jpg,30908.jpg
4563,/Users/tanmay/Desktop/Capstone/code/Trail/img/archive/myntradataset/images/subset/4563.jpg,4563.jpg
7307,/Users/tanmay/Desktop/Capstone/code/Trail/img/archive/myntradataset/images/subset/7307.jpg,7307.jpg
45676,/Users/tanmay/Desktop/Capstone/code/Trail/img/archive/myntradataset/images/subset/45676.jpg,45676.jpg
56230,/Users/tanmay/Desktop/Capstone/code/Trail/img/archive/myntradataset/images/subset/56230.jpg,56230.jpg
31943,/Users/tanmay/Desktop/Capstone/code/Trail/img/archive/myntradataset/images/subset/31943.jpg,31943.jpg
48742,/Users/tanmay/Desktop/Capstone/code/Trail/img/archive/myntradataset/images/subset/48742.jpg,48742.jpg
7404,/Users/tanmay/Desktop/Capstone/code/Trail/img/archive/myntradataset/images/subset/7404.jpg,7404.jpg
16741,/Users/tanmay/Desktop/Capstone/code/Trail/img/archive/myntradataset/images/subset/16741.jpg,16741.jpg
25309,/Users/tanmay/Desktop/Capstone/code/Trail/img/archive/myntradataset/images/subset/25309.jpg,25309.jpg
7667,/Users/tanmay/Desktop/Capstone/code/Trail/img/archive/myntradataset/images/subset/7667.jpg,7667.jpg
15692,/Users/tanmay/Desktop/Capstone/code/Trail/img/archive/myntradataset/images/subset/15692.jpg,15692.jpg
27933,/Users/tanmay/Desktop/Capstone/code/Trail/img/archive/myntradataset/images/subset/27933.jpg,27933.jpg
32624,/Users/tanmay/Desktop/Capstone/code/Trail/img/archive/myntradataset/images/subset/32624.jpg,32624.jpg
57162,/Users/tanmay/Desktop/Capstone/code/Trail/img/archive/myntradataset/images/subset/57162.jpg,57162.jpg
28700,/Users/tanmay/Desktop/Capstone/code/Trail/img/archive/myntradataset/images/subset/28700.jpg,28700.jpg
3084,/Users/tanmay/Desktop/Capstone/code/Trail/img/archive/myntradataset/images/subset/3084.jpg,3084.jpg
44771,/Users/tanmay/Desktop/Capstone/code/Trail/img/archive/myntradataset/images/subset/44771.jpg,44771.jpg
25891,/Users/tanmay/Desktop/Capstone/code/Trail/img/archive/myntradataset/images/subset/25891.jpg,25891.jpg
18667,/Users/tanmay/Desktop/Capstone/code/Trail/img/archive/myntradataset/images/subset/18667.jpg,18667.jpg
7964,/Users/tanmay/Desktop/Capstone/code/Trail/img/archive/myntradataset/images/subset/7964.jpg,7964.jpg
16460,/Users/tanmay/Desktop/Capstone/code/Trail/img/archive/myntradataset/images/subset/16460.jpg,16460.jpg
28406,/Users/tanmay/Desktop/Capstone/code/Trail/img/archive/myntradataset/images/subset/28406.jpg,28406.jpg
2026,/Users/tanmay/Desktop/Capstone/code/Trail/img/archive/myntradataset/images/subset/2026.jpg,2026.jpg
26609,/Users/tanmay/Desktop/Capstone/code/Trail/img/archive/myntradataset/images/subset/26609.jpg,26609.jpg
55134,/Users/tanmay/Desktop/Capstone/code/Trail/img/archive/myntradataset/images/subset/55134.jpg,55134.jpg
42427,/Users/tanmay/Desktop/Capstone/code/Trail/img/archive/myntradataset/images/subset/42427.jpg,42427.jpg
22065,/Users/tanmay/Desktop/Capstone/code/Trail/img/archive/myntradataset/images/subset/22065.jpg,22065.jpg
47288,/Users/tanmay/Desktop/Capstone/code/Trail/img/archive/myntradataset/images/subset/47288.jpg,47288.jpg
38671,/Users/tanmay/Desktop/Capstone/code/Trail/img/archive/myntradataset/images/subset/38671.jpg,38671.jpg
18590,/Users/tanmay/Desktop/Capstone/code/Trail/img/archive/myntradataset/images/subset/18590.jpg,18590.jpg
27217,/Users/tanmay/Desktop/Capstone/code/Trail/img/archive/myntradataset/images/subset/27217.jpg,27217.jpg
42986,/Users/tanmay/Desktop/Capstone/code/Trail/img/archive/myntradataset/images/subset/42986.jpg,42986.jpg
3317,/Users/tanmay/Desktop/Capstone/code/Trail/img/archive/myntradataset/images/subset/3317.jpg,3317.jpg
25660,/Users/tanmay/Desktop/Capstone/code/Trail/img/archive/myntradataset/images/subset/25660.jpg,25660.jpg
21660,/Users/tanmay/Desktop/Capstone/code/Trail/img/archive/myntradataset/images/subset/21660.jpg,21660.jpg
6107,/Users/tanmay/Desktop/Capstone/code/Trail/img/archive/myntradataset/images/subset/6107.jpg,6107.jpg
55829,/Users/tanmay/Desktop/Capstone/code/Trail/img/archive/myntradataset/images/subset/55829.jpg,55829.jpg
19862,/Users/tanmay/Desktop/Capstone/code/Trail/img/archive/myntradataset/images/subset/19862.jpg,19862.jpg
4022,/Users/tanmay/Desktop/Capstone/code/Trail/img/archive/myntradataset/images/subset/4022.jpg,4022.jpg
22311,/Users/tanmay/Desktop/Capstone/code/Trail/img/archive/myntradataset/images/subset/22311.jpg,22311.jpg
25821,/Users/tanmay/Desktop/Capstone/code/Trail/img/archive/myntradataset/images/subset/25821.jpg,25821.jpg
59464,/Users/tanmay/Desktop/Capstone/code/Trail/img/archive/myntradataset/images/subset/59464.jpg,59464.jpg
31946,/Users/tanmay/Desktop/Capstone/code/Trail/img/archive/myntradataset/images/subset/31946.jpg,31946.jpg
31233,/Users/tanmay/Desktop/Capstone/code/Trail/img/archive/myntradataset/images/subset/31233.jpg,31233.jpg
27317,/Users/tanmay/Desktop/Capstone/code/Trail/img/archive/myntradataset/images/subset/27317.jpg,27317.jpg
40780,/Users/tanmay/Desktop/Capstone/code/Trail/img/archive/myntradataset/images/subset/40780.jpg,40780.jpg
38409,/Users/tanmay/Desktop/Capstone/code/Trail/img/archive/myntradataset/images/subset/38409.jpg,38409.jpg
12851,/Users/tanmay/Desktop/Capstone/code/Trail/img/archive/myntradataset/images/subset/12851.jpg,12851.jpg
16194,/Users/tanmay/Desktop/Capstone/code/Trail/img/archive/myntradataset/images/subset/16194.jpg,16194.jpg
27876,/Users/tanmay/Desktop/Capstone/code/Trail/img/archive/myntradataset/images/subset/27876.jpg,27876.jpg
55904,/Users/tanmay/Desktop/Capstone/code/Trail/img/archive/myntradataset/images/subset/55904.jpg,55904.jpg
23785,/Users/tanmay/Desktop/Capstone/code/Trail/img/archive/myntradataset/images/subset/23785.jpg,23785.jpg
19476,/Users/tanmay/Desktop/Capstone/code/Trail/img/archive/myntradataset/images/subset/19476.jpg,19476.jpg
20059,/Users/tanmay/Desktop/Capstone/code/Trail/img/archive/myntradataset/images/subset/20059.jpg,20059.jpg
29773,/Users/tanmay/Desktop/Capstone/code/Trail/img/archive/myntradataset/images/subset/29773.jpg,29773.jpg
2143,/Users/tanmay/Desktop/Capstone/code/Trail/img/archive/myntradataset/images/subset/2143.jpg,2143.jpg
11618,/Users/tanmay/Desktop/Capstone/code/Trail/img/archive/myntradataset/images/subset/11618.jpg,11618.jpg
17965,/Users/tanmay/Desktop/Capstone/code/Trail/img/archive/myntradataset/images/subset/17965.jpg,17965.jpg
50560,/Users/tanmay/Desktop/Capstone/code/Trail/img/archive/myntradataset/images/subset/50560.jpg,50560.jpg
59254,/Users/tanmay/Desktop/Capstone/code/Trail/img/archive/myntradataset/images/subset/59254.jpg,59254.jpg
21967,/Users/tanmay/Desktop/Capstone/code/Trail/img/archive/myntradataset/images/subset/21967.jpg,21967.jpg
26504,/Users/tanmay/Desktop/Capstone/code/Trail/img/archive/myntradataset/images/subset/26504.jpg,26504.jpg
37867,/Users/tanmay/Desktop/Capstone/code/Trail/img/archive/myntradataset/images/subset/37867.jpg,37867.jpg
28875,/Users/tanmay/Desktop/Capstone/code/Trail/img/archive/myntradataset/images/subset/28875.jpg,28875.jpg
53367,/Users/tanmay/Desktop/Capstone/code/Trail/img/archive/myntradataset/images/subset/53367.jpg,53367.jpg
58210,/Users/tanmay/Desktop/Capstone/code/Trail/img/archive/myntradataset/images/subset/58210.jpg,58210.jpg
18610,/Users/tanmay/Desktop/Capstone/code/Trail/img/archive/myntradataset/images/subset/18610.jpg,18610.jpg
10738,/Users/tanmay/Desktop/Capstone/code/Trail/img/archive/myntradataset/images/subset/10738.jpg,10738.jpg
50391,/Users/tanmay/Desktop/Capstone/code/Trail/img/archive/myntradataset/images/subset/50391.jpg,50391.jpg
40019,/Users/tanmay/Desktop/Capstone/code/Trail/img/archive/myntradataset/images/subset/40019.jpg,40019.jpg
38324,/Users/tanmay/Desktop/Capstone/code/Trail/img/archive/myntradataset/images/subset/38324.jpg,38324.jpg
8211,/Users/tanmay/Desktop/Capstone/code/Trail/img/archive/myntradataset/images/subset/8211.jpg,8211.jpg
23865,/Users/tanmay/Desktop/Capstone/code/Trail/img/archive/myntradataset/images/subset/23865.jpg,23865.jpg
3614,/Users/tanmay/Desktop/Capstone/code/Trail/img/archive/myntradataset/images/subset/3614.jpg,3614.jpg
29109,/Users/tanmay/Desktop/Capstone/code/Trail/img/archive/myntradataset/images/subset/29109.jpg,29109.jpg
43510,/Users/tanmay/Desktop/Capstone/code/Trail/img/archive/myntradataset/images/subset/43510.jpg,43510.jpg
46168,/Users/tanmay/Desktop/Capstone/code/Trail/img/archive/myntradataset/images/subset/46168.jpg,46168.jpg
35305,/Users/tanmay/Desktop/Capstone/code/Trail/img/archive/myntradataset/images/subset/35305.jpg,35305.jpg
23261,/Users/tanmay/Desktop/Capstone/code/Trail/img/archive/myntradataset/images/subset/23261.jpg,23261.jpg
25740,/Users/tanmay/Desktop/Capstone/code/Trail/img/archive/myntradataset/images/subset/25740.jpg,25740.jpg
56864,/Users/tanmay/Desktop/Capstone/code/Trail/img/archive/myntradataset/images/subset/56864.jpg,56864.jpg
29234,/Users/tanmay/Desktop/Capstone/code/Trail/img/archive/myntradataset/images/subset/29234.jpg,29234.jpg
12940,/Users/tanmay/Desktop/Capstone/code/Trail/img/archive/myntradataset/images/subset/12940.jpg,12940.jpg
16223,/Users/tanmay/Desktop/Capstone/code/Trail/img/archive/myntradataset/images/subset/16223.jpg,16223.jpg
44230,/Users/tanmay/Desktop/Capstone/code/Trail/img/archive/myntradataset/images/subset/44230.jpg,44230.jpg
7810,/Users/tanmay/Desktop/Capstone/code/Trail/img/archive/myntradataset/images/subset/7810.jpg,7810.jpg
9926,/Users/tanmay/Desktop/Capstone/code/Trail/img/archive/myntradataset/images/subset/9926.jpg,9926.jpg
19007,/Users/tanmay/Desktop/Capstone/code/Trail/img/archive/myntradataset/images/subset/19007.jpg,19007.jpg
23850,/Users/tanmay/Desktop/Capstone/code/Trail/img/archive/myntradataset/images/subset/23850.jpg,23850.jpg
26113,/Users/tanmay/Desktop/Capstone/code/Trail/img/archive/myntradataset/images/subset/26113.jpg,26113.jpg
22750,/Users/tanmay/Desktop/Capstone/code/Trail/img/archive/myntradataset/images/subset/22750.jpg,22750.jpg
43698,/Users/tanmay/Desktop/Capstone/code/Trail/img/archive/myntradataset/images/subset/43698.jpg,43698.jpg
58889,/Users/tanmay/Desktop/Capstone/code/Trail/img/archive/myntradataset/images/subset/58889.jpg,58889.jpg
11529,/Users/tanmay/Desktop/Capstone/code/Trail/img/archive/myntradataset/images/subset/11529.jpg,11529.jpg
10134,/Users/tanmay/Desktop/Capstone/code/Trail/img/archive/myntradataset/images/subset/10134.jpg,10134.jpg
3235,/Users/tanmay/Desktop/Capstone/code/Trail/img/archive/myntradataset/images/subset/3235.jpg,3235.jpg
13676,/Users/tanmay/Desktop/Capstone/code/Trail/img/archive/myntradataset/images/subset/13676.jpg,13676.jpg
49485,/Users/tanmay/Desktop/Capstone/code/Trail/img/archive/myntradataset/images/subset/49485.jpg,49485.jpg
16643,/Users/tanmay/Desktop/Capstone/code/Trail/img/archive/myntradataset/images/subset/16643.jpg,16643.jpg
42091,/Users/tanmay/Desktop/Capstone/code/Trail/img/archive/myntradataset/images/subset/42091.jpg,42091.jpg
34831,/Users/tanmay/Desktop/Capstone/code/Trail/img/archive/myntradataset/images/subset/34831.jpg,34831.jpg
22163,/Users/tanmay/Desktop/Capstone/code/Trail/img/archive/myntradataset/images/subset/22163.jpg,22163.jpg
17997,/Users/tanmay/Desktop/Capstone/code/Trail/img/archive/myntradataset/images/subset/17997.jpg,17997.jpg
58286,/Users/tanmay/Desktop/Capstone/code/Trail/img/archive/myntradataset/images/subset/58286.jpg,58286.jpg
25471,/Users/tanmay/Desktop/Capstone/code/Trail/img/archive/myntradataset/images/subset/25471.jpg,25471.jpg
7650,/Users/tanmay/Desktop/Capstone/code/Trail/img/archive/myntradataset/images/subset/7650.jpg,7650.jpg
17644,/Users/tanmay/Desktop/Capstone/code/Trail/img/archive/myntradataset/images/subset/17644.jpg,17644.jpg
57397,/Users/tanmay/Desktop/Capstone/code/Trail/img/archive/myntradataset/images/subset/57397.jpg,57397.jpg
20891,/Users/tanmay/Desktop/Capstone/code/Trail/img/archive/myntradataset/images/subset/20891.jpg,20891.jpg
57728,/Users/tanmay/Desktop/Capstone/code/Trail/img/archive/myntradataset/images/subset/57728.jpg,57728.jpg
20048,/Users/tanmay/Desktop/Capstone/code/Trail/img/archive/myntradataset/images/subset/20048.jpg,20048.jpg
31129,/Users/tanmay/Desktop/Capstone/code/Trail/img/archive/myntradataset/images/subset/31129.jpg,31129.jpg
56935,/Users/tanmay/Desktop/Capstone/code/Trail/img/archive/myntradataset/images/subset/56935.jpg,56935.jpg
13917,/Users/tanmay/Desktop/Capstone/code/Trail/img/archive/myntradataset/images/subset/13917.jpg,13917.jpg
5710,/Users/tanmay/Desktop/Capstone/code/Trail/img/archive/myntradataset/images/subset/5710.jpg,5710.jpg
3770,/Users/tanmay/Desktop/Capstone/code/Trail/img/archive/myntradataset/images/subset/3770.jpg,3770.jpg
43653,/Users/tanmay/Desktop/Capstone/code/Trail/img/archive/myntradataset/images/subset/43653.jpg,43653.jpg
17230,/Users/tanmay/Desktop/Capstone/code/Trail/img/archive/myntradataset/images/subset/17230.jpg,17230.jpg
54545,/Users/tanmay/Desktop/Capstone/code/Trail/img/archive/myntradataset/images/subset/54545.jpg,54545.jpg
53928,/Users/tanmay/Desktop/Capstone/code/Trail/img/archive/myntradataset/images/subset/53928.jpg,53928.jpg
7856,/Users/tanmay/Desktop/Capstone/code/Trail/img/archive/myntradataset/images/subset/7856.jpg,7856.jpg
34539,/Users/tanmay/Desktop/Capstone/code/Trail/img/archive/myntradataset/images/subset/34539.jpg,34539.jpg
1603,/Users/tanmay/Desktop/Capstone/code/Trail/img/archive/myntradataset/images/subset/1603.jpg,1603.jpg
26388,/Users/tanmay/Desktop/Capstone/code/Trail/img/archive/myntradataset/images/subset/26388.jpg,26388.jpg
45085,/Users/tanmay/Desktop/Capstone/code/Trail/img/archive/myntradataset/images/subset/45085.jpg,45085.jpg
13353,/Users/tanmay/Desktop/Capstone/code/Trail/img/archive/myntradataset/images/subset/13353.jpg,13353.jpg
3389,/Users/tanmay/Desktop/Capstone/code/Trail/img/archive/myntradataset/images/subset/3389.jpg,3389.jpg
8368,/Users/tanmay/Desktop/Capstone/code/Trail/img/archive/myntradataset/images/subset/8368.jpg,8368.jpg
9199,/Users/tanmay/Desktop/Capstone/code/Trail/img/archive/myntradataset/images/subset/9199.jpg,9199.jpg
46628,/Users/tanmay/Desktop/Capstone/code/Trail/img/archive/myntradataset/images/subset/46628.jpg,46628.jpg
20502,/Users/tanmay/Desktop/Capstone/code/Trail/img/archive/myntradataset/images/subset/20502.jpg,20502.jpg
7557,/Users/tanmay/Desktop/Capstone/code/Trail/img/archive/myntradataset/images/subset/7557.jpg,7557.jpg
52117,/Users/tanmay/Desktop/Capstone/code/Trail/img/archive/myntradataset/images/subset/52117.jpg,52117.jpg
37738,/Users/tanmay/Desktop/Capstone/code/Trail/img/archive/myntradataset/images/subset/37738.jpg,37738.jpg
15535,/Users/tanmay/Desktop/Capstone/code/Trail/img/archive/myntradataset/images/subset/15535.jpg,15535.jpg
59690,/Users/tanmay/Desktop/Capstone/code/Trail/img/archive/myntradataset/images/subset/59690.jpg,59690.jpg
49584,/Users/tanmay/Desktop/Capstone/code/Trail/img/archive/myntradataset/images/subset/49584.jpg,49584.jpg
29642,/Users/tanmay/Desktop/Capstone/code/Trail/img/archive/myntradataset/images/subset/29642.jpg,29642.jpg
17664,/Users/tanmay/Desktop/Capstone/code/Trail/img/archive/myntradataset/images/subset/17664.jpg,17664.jpg
29629,/Users/tanmay/Desktop/Capstone/code/Trail/img/archive/myntradataset/images/subset/29629.jpg,29629.jpg
12667,/Users/tanmay/Desktop/Capstone/code/Trail/img/archive/myntradataset/images/subset/12667.jpg,12667.jpg
18645,/Users/tanmay/Desktop/Capstone/code/Trail/img/archive/myntradataset/images/subset/18645.jpg,18645.jpg
26210,/Users/tanmay/Desktop/Capstone/code/Trail/img/archive/myntradataset/images/subset/26210.jpg,26210.jpg
6154,/Users/tanmay/Desktop/Capstone/code/Trail/img/archive/myntradataset/images/subset/6154.jpg,6154.jpg
45357,/Users/tanmay/Desktop/Capstone/code/Trail/img/archive/myntradataset/images/subset/45357.jpg,45357.jpg
8258,/Users/tanmay/Desktop/Capstone/code/Trail/img/archive/myntradataset/images/subset/8258.jpg,8258.jpg
55953,/Users/tanmay/Desktop/Capstone/code/Trail/img/archive/myntradataset/images/subset/55953.jpg,55953.jpg
48583,/Users/tanmay/Desktop/Capstone/code/Trail/img/archive/myntradataset/images/subset/48583.jpg,48583.jpg
21524,/Users/tanmay/Desktop/Capstone/code/Trail/img/archive/myntradataset/images/subset/21524.jpg,21524.jpg
7838,/Users/tanmay/Desktop/Capstone/code/Trail/img/archive/myntradataset/images/subset/7838.jpg,7838.jpg
55847,/Users/tanmay/Desktop/Capstone/code/Trail/img/archive/myntradataset/images/subset/55847.jpg,55847.jpg
10684,/Users/tanmay/Desktop/Capstone/code/Trail/img/archive/myntradataset/images/subset/10684.jpg,10684.jpg
12715,/Users/tanmay/Desktop/Capstone/code/Trail/img/archive/myntradataset/images/subset/12715.jpg,12715.jpg
20909,/Users/tanmay/Desktop/Capstone/code/Trail/img/archive/myntradataset/images/subset/20909.jpg,20909.jpg
47373,/Users/tanmay/Desktop/Capstone/code/Trail/img/archive/myntradataset/images/subset/47373.jpg,47373.jpg
37226,/Users/tanmay/Desktop/Capstone/code/Trail/img/archive/myntradataset/images/subset/37226.jpg,37226.jpg
36097,/Users/tanmay/Desktop/Capstone/code/Trail/img/archive/myntradataset/images/subset/36097.jpg,36097.jpg
31855,/Users/tanmay/Desktop/Capstone/code/Trail/img/archive/myntradataset/images/subset/31855.jpg,31855.jpg
51337,/Users/tanmay/Desktop/Capstone/code/Trail/img/archive/myntradataset/images/subset/51337.jpg,51337.jpg
49579,/Users/tanmay/Desktop/Capstone/code/Trail/img/archive/myntradataset/images/subset/49579.jpg,49579.jpg
24199,/Users/tanmay/Desktop/Capstone/code/Trail/img/archive/myntradataset/images/subset/24199.jpg,24199.jpg
51523,/Users/tanmay/Desktop/Capstone/code/Trail/img/archive/myntradataset/images/subset/51523.jpg,51523.jpg
53054,/Users/tanmay/Desktop/Capstone/code/Trail/img/archive/myntradataset/images/subset/53054.jpg,53054.jpg
16509,/Users/tanmay/Desktop/Capstone/code/Trail/img/archive/myntradataset/images/subset/16509.jpg,16509.jpg
50005,/Users/tanmay/Desktop/Capstone/code/Trail/img/archive/myntradataset/images/subset/50005.jpg,50005.jpg
52962,/Users/tanmay/Desktop/Capstone/code/Trail/img/archive/myntradataset/images/subset/52962.jpg,52962.jpg
26057,/Users/tanmay/Desktop/Capstone/code/Trail/img/archive/myntradataset/images/subset/26057.jpg,26057.jpg
9681,/Users/tanmay/Desktop/Capstone/code/Trail/img/archive/myntradataset/images/subset/9681.jpg,9681.jpg
17151,/Users/tanmay/Desktop/Capstone/code/Trail/img/archive/myntradataset/images/subset/17151.jpg,17151.jpg
30415,/Users/tanmay/Desktop/Capstone/code/Trail/img/archive/myntradataset/images/subset/30415.jpg,30415.jpg
17374,/Users/tanmay/Desktop/Capstone/code/Trail/img/archive/myntradataset/images/subset/17374.jpg,17374.jpg
28861,/Users/tanmay/Desktop/Capstone/code/Trail/img/archive/myntradataset/images/subset/28861.jpg,28861.jpg
27552,/Users/tanmay/Desktop/Capstone/code/Trail/img/archive/myntradataset/images/subset/27552.jpg,27552.jpg
25546,/Users/tanmay/Desktop/Capstone/code/Trail/img/archive/myntradataset/images/subset/25546.jpg,25546.jpg
15416,/Users/tanmay/Desktop/Capstone/code/Trail/img/archive/myntradataset/images/subset/15416.jpg,15416.jpg
28542,/Users/tanmay/Desktop/Capstone/code/Trail/img/archive/myntradataset/images/subset/28542.jpg,28542.jpg
45959,/Users/tanmay/Desktop/Capstone/code/Trail/img/archive/myntradataset/images/subset/45959.jpg,45959.jpg
7606,/Users/tanmay/Desktop/Capstone/code/Trail/img/archive/myntradataset/images/subset/7606.jpg,7606.jpg
23325,/Users/tanmay/Desktop/Capstone/code/Trail/img/archive/myntradataset/images/subset/23325.jpg,23325.jpg
56891,/Users/tanmay/Desktop/Capstone/code/Trail/img/archive/myntradataset/images/subset/56891.jpg,56891.jpg
13957,/Users/tanmay/Desktop/Capstone/code/Trail/img/archive/myntradataset/images/subset/13957.jpg,13957.jpg
35882,/Users/tanmay/Desktop/Capstone/code/Trail/img/archive/myntradataset/images/subset/35882.jpg,35882.jpg
23154,/Users/tanmay/Desktop/Capstone/code/Trail/img/archive/myntradataset/images/subset/23154.jpg,23154.jpg
23247,/Users/tanmay/Desktop/Capstone/code/Trail/img/archive/myntradataset/images/subset/23247.jpg,23247.jpg
25818,/Users/tanmay/Desktop/Capstone/code/Trail/img/archive/myntradataset/images/subset/25818.jpg,25818.jpg
3338,/Users/tanmay/Desktop/Capstone/code/Trail/img/archive/myntradataset/images/subset/3338.jpg,3338.jpg
32070,/Users/tanmay/Desktop/Capstone/code/Trail/img/archive/myntradataset/images/subset/32070.jpg,32070.jpg
21507,/Users/tanmay/Desktop/Capstone/code/Trail/img/archive/myntradataset/images/subset/21507.jpg,21507.jpg
49804,/Users/tanmay/Desktop/Capstone/code/Trail/img/archive/myntradataset/images/subset/49804.jpg,49804.jpg
16157,/Users/tanmay/Desktop/Capstone/code/Trail/img/archive/myntradataset/images/subset/16157.jpg,16157.jpg
20058,/Users/tanmay/Desktop/Capstone/code/Trail/img/archive/myntradataset/images/subset/20058.jpg,20058.jpg
15399,/Users/tanmay/Desktop/Capstone/code/Trail/img/archive/myntradataset/images/subset/15399.jpg,15399.jpg
49103,/Users/tanmay/Desktop/Capstone/code/Trail/img/archive/myntradataset/images/subset/49103.jpg,49103.jpg
33237,/Users/tanmay/Desktop/Capstone/code/Trail/img/archive/myntradataset/images/subset/33237.jpg,33237.jpg
39783,/Users/tanmay/Desktop/Capstone/code/Trail/img/archive/myntradataset/images/subset/39783.jpg,39783.jpg
36746,/Users/tanmay/Desktop/Capstone/code/Trail/img/archive/myntradataset/images/subset/36746.jpg,36746.jpg
14628,/Users/tanmay/Desktop/Capstone/code/Trail/img/archive/myntradataset/images/subset/14628.jpg,14628.jpg
37730,/Users/tanmay/Desktop/Capstone/code/Trail/img/archive/myntradataset/images/subset/37730.jpg,37730.jpg
20686,/Users/tanmay/Desktop/Capstone/code/Trail/img/archive/myntradataset/images/subset/20686.jpg,20686.jpg
18485,/Users/tanmay/Desktop/Capstone/code/Trail/img/archive/myntradataset/images/subset/18485.jpg,18485.jpg
3777,/Users/tanmay/Desktop/Capstone/code/Trail/img/archive/myntradataset/images/subset/3777.jpg,3777.jpg
48454,/Users/tanmay/Desktop/Capstone/code/Trail/img/archive/myntradataset/images/subset/48454.jpg,48454.jpg
36423,/Users/tanmay/Desktop/Capstone/code/Trail/img/archive/myntradataset/images/subset/36423.jpg,36423.jpg
4581,/Users/tanmay/Desktop/Capstone/code/Trail/img/archive/myntradataset/images/subset/4581.jpg,4581.jpg
31997,/Users/tanmay/Desktop/Capstone/code/Trail/img/archive/myntradataset/images/subset/31997.jpg,31997.jpg
21373,/Users/tanmay/Desktop/Capstone/code/Trail/img/archive/myntradataset/images/subset/21373.jpg,21373.jpg
40950,/Users/tanmay/Desktop/Capstone/code/Trail/img/archive/myntradataset/images/subset/40950.jpg,40950.jpg
9941,/Users/tanmay/Desktop/Capstone/code/Trail/img/archive/myntradataset/images/subset/9941.jpg,9941.jpg
37957,/Users/tanmay/Desktop/Capstone/code/Trail/img/archive/myntradataset/images/subset/37957.jpg,37957.jpg
45409,/Users/tanmay/Desktop/Capstone/code/Trail/img/archive/myntradataset/images/subset/45409.jpg,45409.jpg
24785,/Users/tanmay/Desktop/Capstone/code/Trail/img/archive/myntradataset/images/subset/24785.jpg,24785.jpg
8494,/Users/tanmay/Desktop/Capstone/code/Trail/img/archive/myntradataset/images/subset/8494.jpg,8494.jpg
17421,/Users/tanmay/Desktop/Capstone/code/Trail/img/archive/myntradataset/images/subset/17421.jpg,17421.jpg
43547,/Users/tanmay/Desktop/Capstone/code/Trail/img/archive/myntradataset/images/subset/43547.jpg,43547.jpg
31358,/Users/tanmay/Desktop/Capstone/code/Trail/img/archive/myntradataset/images/subset/31358.jpg,31358.jpg
44045,/Users/tanmay/Desktop/Capstone/code/Trail/img/archive/myntradataset/images/subset/44045.jpg,44045.jpg
4175,/Users/tanmay/Desktop/Capstone/code/Trail/img/archive/myntradataset/images/subset/4175.jpg,4175.jpg
27739,/Users/tanmay/Desktop/Capstone/code/Trail/img/archive/myntradataset/images/subset/27739.jpg,27739.jpg
41299,/Users/tanmay/Desktop/Capstone/code/Trail/img/archive/myntradataset/images/subset/41299.jpg,41299.jpg
21593,/Users/tanmay/Desktop/Capstone/code/Trail/img/archive/myntradataset/images/subset/21593.jpg,21593.jpg
56288,/Users/tanmay/Desktop/Capstone/code/Trail/img/archive/myntradataset/images/subset/56288.jpg,56288.jpg
16851,/Users/tanmay/Desktop/Capstone/code/Trail/img/archive/myntradataset/images/subset/16851.jpg,16851.jpg
27668,/Users/tanmay/Desktop/Capstone/code/Trail/img/archive/myntradataset/images/subset/27668.jpg,27668.jpg
57457,/Users/tanmay/Desktop/Capstone/code/Trail/img/archive/myntradataset/images/subset/57457.jpg,57457.jpg
38295,/Users/tanmay/Desktop/Capstone/code/Trail/img/archive/myntradataset/images/subset/38295.jpg,38295.jpg
47991,/Users/tanmay/Desktop/Capstone/code/Trail/img/archive/myntradataset/images/subset/47991.jpg,47991.jpg
13746,/Users/tanmay/Desktop/Capstone/code/Trail/img/archive/myntradataset/images/subset/13746.jpg,13746.jpg
47504,/Users/tanmay/Desktop/Capstone/code/Trail/img/archive/myntradataset/images/subset/47504.jpg,47504.jpg
14782,/Users/tanmay/Desktop/Capstone/code/Trail/img/archive/myntradataset/images/subset/14782.jpg,14782.jpg
31718,/Users/tanmay/Desktop/Capstone/code/Trail/img/archive/myntradataset/images/subset/31718.jpg,31718.jpg
36245,/Users/tanmay/Desktop/Capstone/code/Trail/img/archive/myntradataset/images/subset/36245.jpg,36245.jpg
14948,/Users/tanmay/Desktop/Capstone/code/Trail/img/archive/myntradataset/images/subset/14948.jpg,14948.jpg
36615,/Users/tanmay/Desktop/Capstone/code/Trail/img/archive/myntradataset/images/subset/36615.jpg,36615.jpg
11052,/Users/tanmay/Desktop/Capstone/code/Trail/img/archive/myntradataset/images/subset/11052.jpg,11052.jpg
38365,/Users/tanmay/Desktop/Capstone/code/Trail/img/archive/myntradataset/images/subset/38365.jpg,38365.jpg
24284,/Users/tanmay/Desktop/Capstone/code/Trail/img/archive/myntradataset/images/subset/24284.jpg,24284.jpg
3676,/Users/tanmay/Desktop/Capstone/code/Trail/img/archive/myntradataset/images/subset/3676.jpg,3676.jpg
50653,/Users/tanmay/Desktop/Capstone/code/Trail/img/archive/myntradataset/images/subset/50653.jpg,50653.jpg
33238,/Users/tanmay/Desktop/Capstone/code/Trail/img/archive/myntradataset/images/subset/33238.jpg,33238.jpg
43661,/Users/tanmay/Desktop/Capstone/code/Trail/img/archive/myntradataset/images/subset/43661.jpg,43661.jpg
21436,/Users/tanmay/Desktop/Capstone/code/Trail/img/archive/myntradataset/images/subset/21436.jpg,21436.jpg
5994,/Users/tanmay/Desktop/Capstone/code/Trail/img/archive/myntradataset/images/subset/5994.jpg,5994.jpg
17248,/Users/tanmay/Desktop/Capstone/code/Trail/img/archive/myntradataset/images/subset/17248.jpg,17248.jpg
51595,/Users/tanmay/Desktop/Capstone/code/Trail/img/archive/myntradataset/images/subset/51595.jpg,51595.jpg
20939,/Users/tanmay/Desktop/Capstone/code/Trail/img/archive/myntradataset/images/subset/20939.jpg,20939.jpg
42178,/Users/tanmay/Desktop/Capstone/code/Trail/img/archive/myntradataset/images/subset/42178.jpg,42178.jpg
12546,/Users/tanmay/Desktop/Capstone/code/Trail/img/archive/myntradataset/images/subset/12546.jpg,12546.jpg
24071,/Users/tanmay/Desktop/Capstone/code/Trail/img/archive/myntradataset/images/subset/24071.jpg,24071.jpg
29282,/Users/tanmay/Desktop/Capstone/code/Trail/img/archive/myntradataset/images/subset/29282.jpg,29282.jpg
48791,/Users/tanmay/Desktop/Capstone/code/Trail/img/archive/myntradataset/images/subset/48791.jpg,48791.jpg
36442,/Users/tanmay/Desktop/Capstone/code/Trail/img/archive/myntradataset/images/subset/36442.jpg,36442.jpg
52139,/Users/tanmay/Desktop/Capstone/code/Trail/img/archive/myntradataset/images/subset/52139.jpg,52139.jpg
48903,/Users/tanmay/Desktop/Capstone/code/Trail/img/archive/myntradataset/images/subset/48903.jpg,48903.jpg
31447,/Users/tanmay/Desktop/Capstone/code/Trail/img/archive/myntradataset/images/subset/31447.jpg,31447.jpg
56248,/Users/tanmay/Desktop/Capstone/code/Trail/img/archive/myntradataset/images/subset/56248.jpg,56248.jpg
52920,/Users/tanmay/Desktop/Capstone/code/Trail/img/archive/myntradataset/images/subset/52920.jpg,52920.jpg
5804,/Users/tanmay/Desktop/Capstone/code/Trail/img/archive/myntradataset/images/subset/5804.jpg,5804.jpg
38612,/Users/tanmay/Desktop/Capstone/code/Trail/img/archive/myntradataset/images/subset/38612.jpg,38612.jpg
44774,/Users/tanmay/Desktop/Capstone/code/Trail/img/archive/myntradataset/images/subset/44774.jpg,44774.jpg
57066,/Users/tanmay/Desktop/Capstone/code/Trail/img/archive/myntradataset/images/subset/57066.jpg,57066.jpg
3687,/Users/tanmay/Desktop/Capstone/code/Trail/img/archive/myntradataset/images/subset/3687.jpg,3687.jpg
11558,/Users/tanmay/Desktop/Capstone/code/Trail/img/archive/myntradataset/images/subset/11558.jpg,11558.jpg
39113,/Users/tanmay/Desktop/Capstone/code/Trail/img/archive/myntradataset/images/subset/39113.jpg,39113.jpg
36780,/Users/tanmay/Desktop/Capstone/code/Trail/img/archive/myntradataset/images/subset/36780.jpg,36780.jpg
39318,/Users/tanmay/Desktop/Capstone/code/Trail/img/archive/myntradataset/images/subset/39318.jpg,39318.jpg
58466,/Users/tanmay/Desktop/Capstone/code/Trail/img/archive/myntradataset/images/subset/58466.jpg,58466.jpg
43402,/Users/tanmay/Desktop/Capstone/code/Trail/img/archive/myntradataset/images/subset/43402.jpg,43402.jpg
38560,/Users/tanmay/Desktop/Capstone/code/Trail/img/archive/myntradataset/images/subset/38560.jpg,38560.jpg
16101,/Users/tanmay/Desktop/Capstone/code/Trail/img/archive/myntradataset/images/subset/16101.jpg,16101.jpg
27415,/Users/tanmay/Desktop/Capstone/code/Trail/img/archive/myntradataset/images/subset/27415.jpg,27415.jpg
25108,/Users/tanmay/Desktop/Capstone/code/Trail/img/archive/myntradataset/images/subset/25108.jpg,25108.jpg
3551,/Users/tanmay/Desktop/Capstone/code/Trail/img/archive/myntradataset/images/subset/3551.jpg,3551.jpg
54888,/Users/tanmay/Desktop/Capstone/code/Trail/img/archive/myntradataset/images/subset/54888.jpg,54888.jpg
5369,/Users/tanmay/Desktop/Capstone/code/Trail/img/archive/myntradataset/images/subset/5369.jpg,5369.jpg
56517,/Users/tanmay/Desktop/Capstone/code/Trail/img/archive/myntradataset/images/subset/56517.jpg,56517.jpg
44610,/Users/tanmay/Desktop/Capstone/code/Trail/img/archive/myntradataset/images/subset/44610.jpg,44610.jpg
25594,/Users/tanmay/Desktop/Capstone/code/Trail/img/archive/myntradataset/images/subset/25594.jpg,25594.jpg
29036,/Users/tanmay/Desktop/Capstone/code/Trail/img/archive/myntradataset/images/subset/29036.jpg,29036.jpg
46483,/Users/tanmay/Desktop/Capstone/code/Trail/img/archive/myntradataset/images/subset/46483.jpg,46483.jpg
13405,/Users/tanmay/Desktop/Capstone/code/Trail/img/archive/myntradataset/images/subset/13405.jpg,13405.jpg
11629,/Users/tanmay/Desktop/Capstone/code/Trail/img/archive/myntradataset/images/subset/11629.jpg,11629.jpg
46406,/Users/tanmay/Desktop/Capstone/code/Trail/img/archive/myntradataset/images/subset/46406.jpg,46406.jpg
26587,/Users/tanmay/Desktop/Capstone/code/Trail/img/archive/myntradataset/images/subset/26587.jpg,26587.jpg
30645,/Users/tanmay/Desktop/Capstone/code/Trail/img/archive/myntradataset/images/subset/30645.jpg,30645.jpg
57780,/Users/tanmay/Desktop/Capstone/code/Trail/img/archive/myntradataset/images/subset/57780.jpg,57780.jpg
25464,/Users/tanmay/Desktop/Capstone/code/Trail/img/archive/myntradataset/images/subset/25464.jpg,25464.jpg
12821,/Users/tanmay/Desktop/Capstone/code/Trail/img/archive/myntradataset/images/subset/12821.jpg,12821.jpg
5474,/Users/tanmay/Desktop/Capstone/code/Trail/img/archive/myntradataset/images/subset/5474.jpg,5474.jpg
8930,/Users/tanmay/Desktop/Capstone/code/Trail/img/archive/myntradataset/images/subset/8930.jpg,8930.jpg
7518,/Users/tanmay/Desktop/Capstone/code/Trail/img/archive/myntradataset/images/subset/7518.jpg,7518.jpg
4429,/Users/tanmay/Desktop/Capstone/code/Trail/img/archive/myntradataset/images/subset/4429.jpg,4429.jpg
20665,/Users/tanmay/Desktop/Capstone/code/Trail/img/archive/myntradataset/images/subset/20665.jpg,20665.jpg
8695,/Users/tanmay/Desktop/Capstone/code/Trail/img/archive/myntradataset/images/subset/8695.jpg,8695.jpg
11317,/Users/tanmay/Desktop/Capstone/code/Trail/img/archive/myntradataset/images/subset/11317.jpg,11317.jpg
10991,/Users/tanmay/Desktop/Capstone/code/Trail/img/archive/myntradataset/images/subset/10991.jpg,10991.jpg
19905,/Users/tanmay/Desktop/Capstone/code/Trail/img/archive/myntradataset/images/subset/19905.jpg,19905.jpg
17468,/Users/tanmay/Desktop/Capstone/code/Trail/img/archive/myntradataset/images/subset/17468.jpg,17468.jpg
16083,/Users/tanmay/Desktop/Capstone/code/Trail/img/archive/myntradataset/images/subset/16083.jpg,16083.jpg
11531,/Users/tanmay/Desktop/Capstone/code/Trail/img/archive/myntradataset/images/subset/11531.jpg,11531.jpg
40039,/Users/tanmay/Desktop/Capstone/code/Trail/img/archive/myntradataset/images/subset/40039.jpg,40039.jpg
39172,/Users/tanmay/Desktop/Capstone/code/Trail/img/archive/myntradataset/images/subset/39172.jpg,39172.jpg
5981,/Users/tanmay/Desktop/Capstone/code/Trail/img/archive/myntradataset/images/subset/5981.jpg,5981.jpg
39500,/Users/tanmay/Desktop/Capstone/code/Trail/img/archive/myntradataset/images/subset/39500.jpg,39500.jpg
35885,/Users/tanmay/Desktop/Capstone/code/Trail/img/archive/myntradataset/images/subset/35885.jpg,35885.jpg
30497,/Users/tanmay/Desktop/Capstone/code/Trail/img/archive/myntradataset/images/subset/30497.jpg,30497.jpg
56209,/Users/tanmay/Desktop/Capstone/code/Trail/img/archive/myntradataset/images/subset/56209.jpg,56209.jpg
24805,/Users/tanmay/Desktop/Capstone/code/Trail/img/archive/myntradataset/images/subset/24805.jpg,24805.jpg
55977,/Users/tanmay/Desktop/Capstone/code/Trail/img/archive/myntradataset/images/subset/55977.jpg,55977.jpg
36481,/Users/tanmay/Desktop/Capstone/code/Trail/img/archive/myntradataset/images/subset/36481.jpg,36481.jpg
22848,/Users/tanmay/Desktop/Capstone/code/Trail/img/archive/myntradataset/images/subset/22848.jpg,22848.jpg
8267,/Users/tanmay/Desktop/Capstone/code/Trail/img/archive/myntradataset/images/subset/8267.jpg,8267.jpg
49134,/Users/tanmay/Desktop/Capstone/code/Trail/img/archive/myntradataset/images/subset/49134.jpg,49134.jpg
48789,/Users/tanmay/Desktop/Capstone/code/Trail/img/archive/myntradataset/images/subset/48789.jpg,48789.jpg
7675,/Users/tanmay/Desktop/Capstone/code/Trail/img/archive/myntradataset/images/subset/7675.jpg,7675.jpg
33865,/Users/tanmay/Desktop/Capstone/code/Trail/img/archive/myntradataset/images/subset/33865.jpg,33865.jpg
20961,/Users/tanmay/Desktop/Capstone/code/Trail/img/archive/myntradataset/images/subset/20961.jpg,20961.jpg
1832,/Users/tanmay/Desktop/Capstone/code/Trail/img/archive/myntradataset/images/subset/1832.jpg,1832.jpg
38596,/Users/tanmay/Desktop/Capstone/code/Trail/img/archive/myntradataset/images/subset/38596.jpg,38596.jpg
23188,/Users/tanmay/Desktop/Capstone/code/Trail/img/archive/myntradataset/images/subset/23188.jpg,23188.jpg
3829,/Users/tanmay/Desktop/Capstone/code/Trail/img/archive/myntradataset/images/subset/3829.jpg,3829.jpg
52952,/Users/tanmay/Desktop/Capstone/code/Trail/img/archive/myntradataset/images/subset/52952.jpg,52952.jpg
44830,/Users/tanmay/Desktop/Capstone/code/Trail/img/archive/myntradataset/images/subset/44830.jpg,44830.jpg
40740,/Users/tanmay/Desktop/Capstone/code/Trail/img/archive/myntradataset/images/subset/40740.jpg,40740.jpg
27338,/Users/tanmay/Desktop/Capstone/code/Trail/img/archive/myntradataset/images/subset/27338.jpg,27338.jpg
11753,/Users/tanmay/Desktop/Capstone/code/Trail/img/archive/myntradataset/images/subset/11753.jpg,11753.jpg
40692,/Users/tanmay/Desktop/Capstone/code/Trail/img/archive/myntradataset/images/subset/40692.jpg,40692.jpg
7510,/Users/tanmay/Desktop/Capstone/code/Trail/img/archive/myntradataset/images/subset/7510.jpg,7510.jpg
32426,/Users/tanmay/Desktop/Capstone/code/Trail/img/archive/myntradataset/images/subset/32426.jpg,32426.jpg
21388,/Users/tanmay/Desktop/Capstone/code/Trail/img/archive/myntradataset/images/subset/21388.jpg,21388.jpg
25889,/Users/tanmay/Desktop/Capstone/code/Trail/img/archive/myntradataset/images/subset/25889.jpg,25889.jpg
20863,/Users/tanmay/Desktop/Capstone/code/Trail/img/archive/myntradataset/images/subset/20863.jpg,20863.jpg
15305,/Users/tanmay/Desktop/Capstone/code/Trail/img/archive/myntradataset/images/subset/15305.jpg,15305.jpg
25853,/Users/tanmay/Desktop/Capstone/code/Trail/img/archive/myntradataset/images/subset/25853.jpg,25853.jpg
3229,/Users/tanmay/Desktop/Capstone/code/Trail/img/archive/myntradataset/images/subset/3229.jpg,3229.jpg
13892,/Users/tanmay/Desktop/Capstone/code/Trail/img/archive/myntradataset/images/subset/13892.jpg,13892.jpg
33603,/Users/tanmay/Desktop/Capstone/code/Trail/img/archive/myntradataset/images/subset/33603.jpg,33603.jpg
23815,/Users/tanmay/Desktop/Capstone/code/Trail/img/archive/myntradataset/images/subset/23815.jpg,23815.jpg
4068,/Users/tanmay/Desktop/Capstone/code/Trail/img/archive/myntradataset/images/subset/4068.jpg,4068.jpg
29657,/Users/tanmay/Desktop/Capstone/code/Trail/img/archive/myntradataset/images/subset/29657.jpg,29657.jpg
29178,/Users/tanmay/Desktop/Capstone/code/Trail/img/archive/myntradataset/images/subset/29178.jpg,29178.jpg
55526,/Users/tanmay/Desktop/Capstone/code/Trail/img/archive/myntradataset/images/subset/55526.jpg,55526.jpg
44982,/Users/tanmay/Desktop/Capstone/code/Trail/img/archive/myntradataset/images/subset/44982.jpg,44982.jpg
50691,/Users/tanmay/Desktop/Capstone/code/Trail/img/archive/myntradataset/images/subset/50691.jpg,50691.jpg
54559,/Users/tanmay/Desktop/Capstone/code/Trail/img/archive/myntradataset/images/subset/54559.jpg,54559.jpg
30670,/Users/tanmay/Desktop/Capstone/code/Trail/img/archive/myntradataset/images/subset/30670.jpg,30670.jpg
30746,/Users/tanmay/Desktop/Capstone/code/Trail/img/archive/myntradataset/images/subset/30746.jpg,30746.jpg
56814,/Users/tanmay/Desktop/Capstone/code/Trail/img/archive/myntradataset/images/subset/56814.jpg,56814.jpg
12909,/Users/tanmay/Desktop/Capstone/code/Trail/img/archive/myntradataset/images/subset/12909.jpg,12909.jpg
39868,/Users/tanmay/Desktop/Capstone/code/Trail/img/archive/myntradataset/images/subset/39868.jpg,39868.jpg
57166,/Users/tanmay/Desktop/Capstone/code/Trail/img/archive/myntradataset/images/subset/57166.jpg,57166.jpg
17770,/Users/tanmay/Desktop/Capstone/code/Trail/img/archive/myntradataset/images/subset/17770.jpg,17770.jpg
34117,/Users/tanmay/Desktop/Capstone/code/Trail/img/archive/myntradataset/images/subset/34117.jpg,34117.jpg
7698,/Users/tanmay/Desktop/Capstone/code/Trail/img/archive/myntradataset/images/subset/7698.jpg,7698.jpg
6555,/Users/tanmay/Desktop/Capstone/code/Trail/img/archive/myntradataset/images/subset/6555.jpg,6555.jpg
40185,/Users/tanmay/Desktop/Capstone/code/Trail/img/archive/myntradataset/images/subset/40185.jpg,40185.jpg
21758,/Users/tanmay/Desktop/Capstone/code/Trail/img/archive/myntradataset/images/subset/21758.jpg,21758.jpg
13035,/Users/tanmay/Desktop/Capstone/code/Trail/img/archive/myntradataset/images/subset/13035.jpg,13035.jpg
35363,/Users/tanmay/Desktop/Capstone/code/Trail/img/archive/myntradataset/images/subset/35363.jpg,35363.jpg
6285,/Users/tanmay/Desktop/Capstone/code/Trail/img/archive/myntradataset/images/subset/6285.jpg,6285.jpg
53850,/Users/tanmay/Desktop/Capstone/code/Trail/img/archive/myntradataset/images/subset/53850.jpg,53850.jpg
50230,/Users/tanmay/Desktop/Capstone/code/Trail/img/archive/myntradataset/images/subset/50230.jpg,50230.jpg
53615,/Users/tanmay/Desktop/Capstone/code/Trail/img/archive/myntradataset/images/subset/53615.jpg,53615.jpg
48590,/Users/tanmay/Desktop/Capstone/code/Trail/img/archive/myntradataset/images/subset/48590.jpg,48590.jpg
31644,/Users/tanmay/Desktop/Capstone/code/Trail/img/archive/myntradataset/images/subset/31644.jpg,31644.jpg
34064,/Users/tanmay/Desktop/Capstone/code/Trail/img/archive/myntradataset/images/subset/34064.jpg,34064.jpg
11408,/Users/tanmay/Desktop/Capstone/code/Trail/img/archive/myntradataset/images/subset/11408.jpg,11408.jpg
28745,/Users/tanmay/Desktop/Capstone/code/Trail/img/archive/myntradataset/images/subset/28745.jpg,28745.jpg
33366,/Users/tanmay/Desktop/Capstone/code/Trail/img/archive/myntradataset/images/subset/33366.jpg,33366.jpg
18565,/Users/tanmay/Desktop/Capstone/code/Trail/img/archive/myntradataset/images/subset/18565.jpg,18565.jpg
32426,/Users/tanmay/Desktop/Capstone/code/Trail/img/archive/myntradataset/images/subset/32426.jpg,32426.jpg
58475,/Users/tanmay/Desktop/Capstone/code/Trail/img/archive/myntradataset/images/subset/58475.jpg,58475.jpg
33467,/Users/tanmay/Desktop/Capstone/code/Trail/img/archive/myntradataset/images/subset/33467.jpg,33467.jpg
27352,/Users/tanmay/Desktop/Capstone/code/Trail/img/archive/myntradataset/images/subset/27352.jpg,27352.jpg
44285,/Users/tanmay/Desktop/Capstone/code/Trail/img/archive/myntradataset/images/subset/44285.jpg,44285.jpg
54143,/Users/tanmay/Desktop/Capstone/code/Trail/img/archive/myntradataset/images/subset/54143.jpg,54143.jpg
49733,/Users/tanmay/Desktop/Capstone/code/Trail/img/archive/myntradataset/images/subset/49733.jpg,49733.jpg
30197,/Users/tanmay/Desktop/Capstone/code/Trail/img/archive/myntradataset/images/subset/30197.jpg,30197.jpg
25347,/Users/tanmay/Desktop/Capstone/code/Trail/img/archive/myntradataset/images/subset/25347.jpg,25347.jpg
23840,/Users/tanmay/Desktop/Capstone/code/Trail/img/archive/myntradataset/images/subset/23840.jpg,23840.jpg
4628,/Users/tanmay/Desktop/Capstone/code/Trail/img/archive/myntradataset/images/subset/4628.jpg,4628.jpg
14899,/Users/tanmay/Desktop/Capstone/code/Trail/img/archive/myntradataset/images/subset/14899.jpg,14899.jpg
3733,/Users/tanmay/Desktop/Capstone/code/Trail/img/archive/myntradataset/images/subset/3733.jpg,3733.jpg
41273,/Users/tanmay/Desktop/Capstone/code/Trail/img/archive/myntradataset/images/subset/41273.jpg,41273.jpg
54882,/Users/tanmay/Desktop/Capstone/code/Trail/img/archive/myntradataset/images/subset/54882.jpg,54882.jpg
41980,/Users/tanmay/Desktop/Capstone/code/Trail/img/archive/myntradataset/images/subset/41980.jpg,41980.jpg
6640,/Users/tanmay/Desktop/Capstone/code/Trail/img/archive/myntradataset/images/subset/6640.jpg,6640.jpg
4504,/Users/tanmay/Desktop/Capstone/code/Trail/img/archive/myntradataset/images/subset/4504.jpg,4504.jpg
48581,/Users/tanmay/Desktop/Capstone/code/Trail/img/archive/myntradataset/images/subset/48581.jpg,48581.jpg
25525,/Users/tanmay/Desktop/Capstone/code/Trail/img/archive/myntradataset/images/subset/25525.jpg,25525.jpg
35827,/Users/tanmay/Desktop/Capstone/code/Trail/img/archive/myntradataset/images/subset/35827.jpg,35827.jpg
28544,/Users/tanmay/Desktop/Capstone/code/Trail/img/archive/myntradataset/images/subset/28544.jpg,28544.jpg
19758,/Users/tanmay/Desktop/Capstone/code/Trail/img/archive/myntradataset/images/subset/19758.jpg,19758.jpg
39265,/Users/tanmay/Desktop/Capstone/code/Trail/img/archive/myntradataset/images/subset/39265.jpg,39265.jpg
2044,/Users/tanmay/Desktop/Capstone/code/Trail/img/archive/myntradataset/images/subset/2044.jpg,2044.jpg
51672,/Users/tanmay/Desktop/Capstone/code/Trail/img/archive/myntradataset/images/subset/51672.jpg,51672.jpg
22043,/Users/tanmay/Desktop/Capstone/code/Trail/img/archive/myntradataset/images/subset/22043.jpg,22043.jpg
36038,/Users/tanmay/Desktop/Capstone/code/Trail/img/archive/myntradataset/images/subset/36038.jpg,36038.jpg
26444,/Users/tanmay/Desktop/Capstone/code/Trail/img/archive/myntradataset/images/subset/26444.jpg,26444.jpg
30692,/Users/tanmay/Desktop/Capstone/code/Trail/img/archive/myntradataset/images/subset/30692.jpg,30692.jpg
25883,/Users/tanmay/Desktop/Capstone/code/Trail/img/archive/myntradataset/images/subset/25883.jpg,25883.jpg
38621,/Users/tanmay/Desktop/Capstone/code/Trail/img/archive/myntradataset/images/subset/38621.jpg,38621.jpg
41508,/Users/tanmay/Desktop/Capstone/code/Trail/img/archive/myntradataset/images/subset/41508.jpg,41508.jpg
42522,/Users/tanmay/Desktop/Capstone/code/Trail/img/archive/myntradataset/images/subset/42522.jpg,42522.jpg
51333,/Users/tanmay/Desktop/Capstone/code/Trail/img/archive/myntradataset/images/subset/51333.jpg,51333.jpg
22045,/Users/tanmay/Desktop/Capstone/code/Trail/img/archive/myntradataset/images/subset/22045.jpg,22045.jpg
10654,/Users/tanmay/Desktop/Capstone/code/Trail/img/archive/myntradataset/images/subset/10654.jpg,10654.jpg
50715,/Users/tanmay/Desktop/Capstone/code/Trail/img/archive/myntradataset/images/subset/50715.jpg,50715.jpg
50999,/Users/tanmay/Desktop/Capstone/code/Trail/img/archive/myntradataset/images/subset/50999.jpg,50999.jpg
25565,/Users/tanmay/Desktop/Capstone/code/Trail/img/archive/myntradataset/images/subset/25565.jpg,25565.jpg
10461,/Users/tanmay/Desktop/Capstone/code/Trail/img/archive/myntradataset/images/subset/10461.jpg,10461.jpg
7910,/Users/tanmay/Desktop/Capstone/code/Trail/img/archive/myntradataset/images/subset/7910.jpg,7910.jpg
41521,/Users/tanmay/Desktop/Capstone/code/Trail/img/archive/myntradataset/images/subset/41521.jpg,41521.jpg
34565,/Users/tanmay/Desktop/Capstone/code/Trail/img/archive/myntradataset/images/subset/34565.jpg,34565.jpg
5869,/Users/tanmay/Desktop/Capstone/code/Trail/img/archive/myntradataset/images/subset/5869.jpg,5869.jpg
10886,/Users/tanmay/Desktop/Capstone/code/Trail/img/archive/myntradataset/images/subset/10886.jpg,10886.jpg
44857,/Users/tanmay/Desktop/Capstone/code/Trail/img/archive/myntradataset/images/subset/44857.jpg,44857.jpg
31071,/Users/tanmay/Desktop/Capstone/code/Trail/img/archive/myntradataset/images/subset/31071.jpg,31071.jpg
50335,/Users/tanmay/Desktop/Capstone/code/Trail/img/archive/myntradataset/images/subset/50335.jpg,50335.jpg
6839,/Users/tanmay/Desktop/Capstone/code/Trail/img/archive/myntradataset/images/subset/6839.jpg,6839.jpg
57516,/Users/tanmay/Desktop/Capstone/code/Trail/img/archive/myntradataset/images/subset/57516.jpg,57516.jpg
50393,/Users/tanmay/Desktop/Capstone/code/Trail/img/archive/myntradataset/images/subset/50393.jpg,50393.jpg
34210,/Users/tanmay/Desktop/Capstone/code/Trail/img/archive/myntradataset/images/subset/34210.jpg,34210.jpg
35875,/Users/tanmay/Desktop/Capstone/code/Trail/img/archive/myntradataset/images/subset/35875.jpg,35875.jpg
43184,/Users/tanmay/Desktop/Capstone/code/Trail/img/archive/myntradataset/images/subset/43184.jpg,43184.jpg
54715,/Users/tanmay/Desktop/Capstone/code/Trail/img/archive/myntradataset/images/subset/54715.jpg,54715.jpg
33074,/Users/tanmay/Desktop/Capstone/code/Trail/img/archive/myntradataset/images/subset/33074.jpg,33074.jpg
20458,/Users/tanmay/Desktop/Capstone/code/Trail/img/archive/myntradataset/images/subset/20458.jpg,20458.jpg
20887,/Users/tanmay/Desktop/Capstone/code/Trail/img/archive/myntradataset/images/subset/20887.jpg,20887.jpg
59516,/Users/tanmay/Desktop/Capstone/code/Trail/img/archive/myntradataset/images/subset/59516.jpg,59516.jpg
54412,/Users/tanmay/Desktop/Capstone/code/Trail/img/archive/myntradataset/images/subset/54412.jpg,54412.jpg
25592,/Users/tanmay/Desktop/Capstone/code/Trail/img/archive/myntradataset/images/subset/25592.jpg,25592.jpg
44379,/Users/tanmay/Desktop/Capstone/code/Trail/img/archive/myntradataset/images/subset/44379.jpg,44379.jpg
21950,/Users/tanmay/Desktop/Capstone/code/Trail/img/archive/myntradataset/images/subset/21950.jpg,21950.jpg
5878,/Users/tanmay/Desktop/Capstone/code/Trail/img/archive/myntradataset/images/subset/5878.jpg,5878.jpg
11147,/Users/tanmay/Desktop/Capstone/code/Trail/img/archive/myntradataset/images/subset/11147.jpg,11147.jpg
51598,/Users/tanmay/Desktop/Capstone/code/Trail/img/archive/myntradataset/images/subset/51598.jpg,51598.jpg
25783,/Users/tanmay/Desktop/Capstone/code/Trail/img/archive/myntradataset/images/subset/25783.jpg,25783.jpg
11599,/Users/tanmay/Desktop/Capstone/code/Trail/img/archive/myntradataset/images/subset/11599.jpg,11599.jpg
43815,/Users/tanmay/Desktop/Capstone/code/Trail/img/archive/myntradataset/images/subset/43815.jpg,43815.jpg
33213,/Users/tanmay/Desktop/Capstone/code/Trail/img/archive/myntradataset/images/subset/33213.jpg,33213.jpg
11304,/Users/tanmay/Desktop/Capstone/code/Trail/img/archive/myntradataset/images/subset/11304.jpg,11304.jpg
52903,/Users/tanmay/Desktop/Capstone/code/Trail/img/archive/myntradataset/images/subset/52903.jpg,52903.jpg
25257,/Users/tanmay/Desktop/Capstone/code/Trail/img/archive/myntradataset/images/subset/25257.jpg,25257.jpg
55301,/Users/tanmay/Desktop/Capstone/code/Trail/img/archive/myntradataset/images/subset/55301.jpg,55301.jpg
42084,/Users/tanmay/Desktop/Capstone/code/Trail/img/archive/myntradataset/images/subset/42084.jpg,42084.jpg
19894,/Users/tanmay/Desktop/Capstone/code/Trail/img/archive/myntradataset/images/subset/19894.jpg,19894.jpg
9113,/Users/tanmay/Desktop/Capstone/code/Trail/img/archive/myntradataset/images/subset/9113.jpg,9113.jpg
27862,/Users/tanmay/Desktop/Capstone/code/Trail/img/archive/myntradataset/images/subset/27862.jpg,27862.jpg
8899,/Users/tanmay/Desktop/Capstone/code/Trail/img/archive/myntradataset/images/subset/8899.jpg,8899.jpg
11536,/Users/tanmay/Desktop/Capstone/code/Trail/img/archive/myntradataset/images/subset/11536.jpg,11536.jpg
15215,/Users/tanmay/Desktop/Capstone/code/Trail/img/archive/myntradataset/images/subset/15215.jpg,15215.jpg
5507,/Users/tanmay/Desktop/Capstone/code/Trail/img/archive/myntradataset/images/subset/5507.jpg,5507.jpg
41274,/Users/tanmay/Desktop/Capstone/code/Trail/img/archive/myntradataset/images/subset/41274.jpg,41274.jpg
26644,/Users/tanmay/Desktop/Capstone/code/Trail/img/archive/myntradataset/images/subset/26644.jpg,26644.jpg
57713,/Users/tanmay/Desktop/Capstone/code/Trail/img/archive/myntradataset/images/subset/57713.jpg,57713.jpg
21179,/Users/tanmay/Desktop/Capstone/code/Trail/img/archive/myntradataset/images/subset/21179.jpg,21179.jpg
13454,/Users/tanmay/Desktop/Capstone/code/Trail/img/archive/myntradataset/images/subset/13454.jpg,13454.jpg
15230,/Users/tanmay/Desktop/Capstone/code/Trail/img/archive/myntradataset/images/subset/15230.jpg,15230.jpg
6886,/Users/tanmay/Desktop/Capstone/code/Trail/img/archive/myntradataset/images/subset/6886.jpg,6886.jpg
37798,/Users/tanmay/Desktop/Capstone/code/Trail/img/archive/myntradataset/images/subset/37798.jpg,37798.jpg
11566,/Users/tanmay/Desktop/Capstone/code/Trail/img/archive/myntradataset/images/subset/11566.jpg,11566.jpg
21708,/Users/tanmay/Desktop/Capstone/code/Trail/img/archive/myntradataset/images/subset/21708.jpg,21708.jpg
45765,/Users/tanmay/Desktop/Capstone/code/Trail/img/archive/myntradataset/images/subset/45765.jpg,45765.jpg
19274,/Users/tanmay/Desktop/Capstone/code/Trail/img/archive/myntradataset/images/subset/19274.jpg,19274.jpg
57225,/Users/tanmay/Desktop/Capstone/code/Trail/img/archive/myntradataset/images/subset/57225.jpg,57225.jpg
47122,/Users/tanmay/Desktop/Capstone/code/Trail/img/archive/myntradataset/images/subset/47122.jpg,47122.jpg
25890,/Users/tanmay/Desktop/Capstone/code/Trail/img/archive/myntradataset/images/subset/25890.jpg,25890.jpg
17695,/Users/tanmay/Desktop/Capstone/code/Trail/img/archive/myntradataset/images/subset/17695.jpg,17695.jpg
44692,/Users/tanmay/Desktop/Capstone/code/Trail/img/archive/myntradataset/images/subset/44692.jpg,44692.jpg
31972,/Users/tanmay/Desktop/Capstone/code/Trail/img/archive/myntradataset/images/subset/31972.jpg,31972.jpg
28161,/Users/tanmay/Desktop/Capstone/code/Trail/img/archive/myntradataset/images/subset/28161.jpg,28161.jpg
15060,/Users/tanmay/Desktop/Capstone/code/Trail/img/archive/myntradataset/images/subset/15060.jpg,15060.jpg
50733,/Users/tanmay/Desktop/Capstone/code/Trail/img/archive/myntradataset/images/subset/50733.jpg,50733.jpg
54902,/Users/tanmay/Desktop/Capstone/code/Trail/img/archive/myntradataset/images/subset/54902.jpg,54902.jpg
12698,/Users/tanmay/Desktop/Capstone/code/Trail/img/archive/myntradataset/images/subset/12698.jpg,12698.jpg
27501,/Users/tanmay/Desktop/Capstone/code/Trail/img/archive/myntradataset/images/subset/27501.jpg,27501.jpg
42231,/Users/tanmay/Desktop/Capstone/code/Trail/img/archive/myntradataset/images/subset/42231.jpg,42231.jpg
2243,/Users/tanmay/Desktop/Capstone/code/Trail/img/archive/myntradataset/images/subset/2243.jpg,2243.jpg
43181,/Users/tanmay/Desktop/Capstone/code/Trail/img/archive/myntradataset/images/subset/43181.jpg,43181.jpg
35206,/Users/tanmay/Desktop/Capstone/code/Trail/img/archive/myntradataset/images/subset/35206.jpg,35206.jpg
16483,/Users/tanmay/Desktop/Capstone/code/Trail/img/archive/myntradataset/images/subset/16483.jpg,16483.jpg
2331,/Users/tanmay/Desktop/Capstone/code/Trail/img/archive/myntradataset/images/subset/2331.jpg,2331.jpg
5765,/Users/tanmay/Desktop/Capstone/code/Trail/img/archive/myntradataset/images/subset/5765.jpg,5765.jpg
44020,/Users/tanmay/Desktop/Capstone/code/Trail/img/archive/myntradataset/images/subset/44020.jpg,44020.jpg
26207,/Users/tanmay/Desktop/Capstone/code/Trail/img/archive/myntradataset/images/subset/26207.jpg,26207.jpg
52940,/Users/tanmay/Desktop/Capstone/code/Trail/img/archive/myntradataset/images/subset/52940.jpg,52940.jpg
45782,/Users/tanmay/Desktop/Capstone/code/Trail/img/archive/myntradataset/images/subset/45782.jpg,45782.jpg
57993,/Users/tanmay/Desktop/Capstone/code/Trail/img/archive/myntradataset/images/subset/57993.jpg,57993.jpg
12413,/Users/tanmay/Desktop/Capstone/code/Trail/img/archive/myntradataset/images/subset/12413.jpg,12413.jpg
38758,/Users/tanmay/Desktop/Capstone/code/Trail/img/archive/myntradataset/images/subset/38758.jpg,38758.jpg
15863,/Users/tanmay/Desktop/Capstone/code/Trail/img/archive/myntradataset/images/subset/15863.jpg,15863.jpg
19954,/Users/tanmay/Desktop/Capstone/code/Trail/img/archive/myntradataset/images/subset/19954.jpg,19954.jpg
13519,/Users/tanmay/Desktop/Capstone/code/Trail/img/archive/myntradataset/images/subset/13519.jpg,13519.jpg
11111,/Users/tanmay/Desktop/Capstone/code/Trail/img/archive/myntradataset/images/subset/11111.jpg,11111.jpg
35817,/Users/tanmay/Desktop/Capstone/code/Trail/img/archive/myntradataset/images/subset/35817.jpg,35817.jpg
5171,/Users/tanmay/Desktop/Capstone/code/Trail/img/archive/myntradataset/images/subset/5171.jpg,5171.jpg
37727,/Users/tanmay/Desktop/Capstone/code/Trail/img/archive/myntradataset/images/subset/37727.jpg,37727.jpg
2553,/Users/tanmay/Desktop/Capstone/code/Trail/img/archive/myntradataset/images/subset/2553.jpg,2553.jpg
4572,/Users/tanmay/Desktop/Capstone/code/Trail/img/archive/myntradataset/images/subset/4572.jpg,4572.jpg
8396,/Users/tanmay/Desktop/Capstone/code/Trail/img/archive/myntradataset/images/subset/8396.jpg,8396.jpg
29415,/Users/tanmay/Desktop/Capstone/code/Trail/img/archive/myntradataset/images/subset/29415.jpg,29415.jpg
4665,/Users/tanmay/Desktop/Capstone/code/Trail/img/archive/myntradataset/images/subset/4665.jpg,4665.jpg
55087,/Users/tanmay/Desktop/Capstone/code/Trail/img/archive/myntradataset/images/subset/55087.jpg,55087.jpg
19712,/Users/tanmay/Desktop/Capstone/code/Trail/img/archive/myntradataset/images/subset/19712.jpg,19712.jpg
13180,/Users/tanmay/Desktop/Capstone/code/Trail/img/archive/myntradataset/images/subset/13180.jpg,13180.jpg
58942,/Users/tanmay/Desktop/Capstone/code/Trail/img/archive/myntradataset/images/subset/58942.jpg,58942.jpg
11706,/Users/tanmay/Desktop/Capstone/code/Trail/img/archive/myntradataset/images/subset/11706.jpg,11706.jpg
13245,/Users/tanmay/Desktop/Capstone/code/Trail/img/archive/myntradataset/images/subset/13245.jpg,13245.jpg
48844,/Users/tanmay/Desktop/Capstone/code/Trail/img/archive/myntradataset/images/subset/48844.jpg,48844.jpg
35542,/Users/tanmay/Desktop/Capstone/code/Trail/img/archive/myntradataset/images/subset/35542.jpg,35542.jpg
5943,/Users/tanmay/Desktop/Capstone/code/Trail/img/archive/myntradataset/images/subset/5943.jpg,5943.jpg
48645,/Users/tanmay/Desktop/Capstone/code/Trail/img/archive/myntradataset/images/subset/48645.jpg,48645.jpg
13182,/Users/tanmay/Desktop/Capstone/code/Trail/img/archive/myntradataset/images/subset/13182.jpg,13182.jpg
7246,/Users/tanmay/Desktop/Capstone/code/Trail/img/archive/myntradataset/images/subset/7246.jpg,7246.jpg
43536,/Users/tanmay/Desktop/Capstone/code/Trail/img/archive/myntradataset/images/subset/43536.jpg,43536.jpg
35488,/Users/tanmay/Desktop/Capstone/code/Trail/img/archive/myntradataset/images/subset/35488.jpg,35488.jpg
6061,/Users/tanmay/Desktop/Capstone/code/Trail/img/archive/myntradataset/images/subset/6061.jpg,6061.jpg
23042,/Users/tanmay/Desktop/Capstone/code/Trail/img/archive/myntradataset/images/subset/23042.jpg,23042.jpg
58018,/Users/tanmay/Desktop/Capstone/code/Trail/img/archive/myntradataset/images/subset/58018.jpg,58018.jpg
41755,/Users/tanmay/Desktop/Capstone/code/Trail/img/archive/myntradataset/images/subset/41755.jpg,41755.jpg
44579,/Users/tanmay/Desktop/Capstone/code/Trail/img/archive/myntradataset/images/subset/44579.jpg,44579.jpg
41395,/Users/tanmay/Desktop/Capstone/code/Trail/img/archive/myntradataset/images/subset/41395.jpg,41395.jpg
21791,/Users/tanmay/Desktop/Capstone/code/Trail/img/archive/myntradataset/images/subset/21791.jpg,21791.jpg
17008,/Users/tanmay/Desktop/Capstone/code/Trail/img/archive/myntradataset/images/subset/17008.jpg,17008.jpg
39054,/Users/tanmay/Desktop/Capstone/code/Trail/img/archive/myntradataset/images/subset/39054.jpg,39054.jpg
51726,/Users/tanmay/Desktop/Capstone/code/Trail/img/archive/myntradataset/images/subset/51726.jpg,51726.jpg
7700,/Users/tanmay/Desktop/Capstone/code/Trail/img/archive/myntradataset/images/subset/7700.jpg,7700.jpg
54124,/Users/tanmay/Desktop/Capstone/code/Trail/img/archive/myntradataset/images/subset/54124.jpg,54124.jpg
30078,/Users/tanmay/Desktop/Capstone/code/Trail/img/archive/myntradataset/images/subset/30078.jpg,30078.jpg
18311,/Users/tanmay/Desktop/Capstone/code/Trail/img/archive/myntradataset/images/subset/18311.jpg,18311.jpg
6648,/Users/tanmay/Desktop/Capstone/code/Trail/img/archive/myntradataset/images/subset/6648.jpg,6648.jpg
17408,/Users/tanmay/Desktop/Capstone/code/Trail/img/archive/myntradataset/images/subset/17408.jpg,17408.jpg
6087,/Users/tanmay/Desktop/Capstone/code/Trail/img/archive/myntradataset/images/subset/6087.jpg,6087.jpg
54965,/Users/tanmay/Desktop/Capstone/code/Trail/img/archive/myntradataset/images/subset/54965.jpg,54965.jpg
38670,/Users/tanmay/Desktop/Capstone/code/Trail/img/archive/myntradataset/images/subset/38670.jpg,38670.jpg
20075,/Users/tanmay/Desktop/Capstone/code/Trail/img/archive/myntradataset/images/subset/20075.jpg,20075.jpg
12008,/Users/tanmay/Desktop/Capstone/code/Trail/img/archive/myntradataset/images/subset/12008.jpg,12008.jpg
26469,/Users/tanmay/Desktop/Capstone/code/Trail/img/archive/myntradataset/images/subset/26469.jpg,26469.jpg
31461,/Users/tanmay/Desktop/Capstone/code/Trail/img/archive/myntradataset/images/subset/31461.jpg,31461.jpg
29933,/Users/tanmay/Desktop/Capstone/code/Trail/img/archive/myntradataset/images/subset/29933.jpg,29933.jpg
55474,/Users/tanmay/Desktop/Capstone/code/Trail/img/archive/myntradataset/images/subset/55474.jpg,55474.jpg
48976,/Users/tanmay/Desktop/Capstone/code/Trail/img/archive/myntradataset/images/subset/48976.jpg,48976.jpg
38008,/Users/tanmay/Desktop/Capstone/code/Trail/img/archive/myntradataset/images/subset/38008.jpg,38008.jpg
31072,/Users/tanmay/Desktop/Capstone/code/Trail/img/archive/myntradataset/images/subset/31072.jpg,31072.jpg
13025,/Users/tanmay/Desktop/Capstone/code/Trail/img/archive/myntradataset/images/subset/13025.jpg,13025.jpg
28818,/Users/tanmay/Desktop/Capstone/code/Trail/img/archive/myntradataset/images/subset/28818.jpg,28818.jpg
7012,/Users/tanmay/Desktop/Capstone/code/Trail/img/archive/myntradataset/images/subset/7012.jpg,7012.jpg
27853,/Users/tanmay/Desktop/Capstone/code/Trail/img/archive/myntradataset/images/subset/27853.jpg,27853.jpg
35671,/Users/tanmay/Desktop/Capstone/code/Trail/img/archive/myntradataset/images/subset/35671.jpg,35671.jpg
41433,/Users/tanmay/Desktop/Capstone/code/Trail/img/archive/myntradataset/images/subset/41433.jpg,41433.jpg
4582,/Users/tanmay/Desktop/Capstone/code/Trail/img/archive/myntradataset/images/subset/4582.jpg,4582.jpg
18937,/Users/tanmay/Desktop/Capstone/code/Trail/img/archive/myntradataset/images/subset/18937.jpg,18937.jpg
12961,/Users/tanmay/Desktop/Capstone/code/Trail/img/archive/myntradataset/images/subset/12961.jpg,12961.jpg
32972,/Users/tanmay/Desktop/Capstone/code/Trail/img/archive/myntradataset/images/subset/32972.jpg,32972.jpg
20788,/Users/tanmay/Desktop/Capstone/code/Trail/img/archive/myntradataset/images/subset/20788.jpg,20788.jpg
23966,/Users/tanmay/Desktop/Capstone/code/Trail/img/archive/myntradataset/images/subset/23966.jpg,23966.jpg
24778,/Users/tanmay/Desktop/Capstone/code/Trail/img/archive/myntradataset/images/subset/24778.jpg,24778.jpg
49617,/Users/tanmay/Desktop/Capstone/code/Trail/img/archive/myntradataset/images/subset/49617.jpg,49617.jpg
10387,/Users/tanmay/Desktop/Capstone/code/Trail/img/archive/myntradataset/images/subset/10387.jpg,10387.jpg
27104,/Users/tanmay/Desktop/Capstone/code/Trail/img/archive/myntradataset/images/subset/27104.jpg,27104.jpg
58620,/Users/tanmay/Desktop/Capstone/code/Trail/img/archive/myntradataset/images/subset/58620.jpg,58620.jpg
15507,/Users/tanmay/Desktop/Capstone/code/Trail/img/archive/myntradataset/images/subset/15507.jpg,15507.jpg
38935,/Users/tanmay/Desktop/Capstone/code/Trail/img/archive/myntradataset/images/subset/38935.jpg,38935.jpg
57243,/Users/tanmay/Desktop/Capstone/code/Trail/img/archive/myntradataset/images/subset/57243.jpg,57243.jpg
15271,/Users/tanmay/Desktop/Capstone/code/Trail/img/archive/myntradataset/images/subset/15271.jpg,15271.jpg
39777,/Users/tanmay/Desktop/Capstone/code/Trail/img/archive/myntradataset/images/subset/39777.jpg,39777.jpg
18479,/Users/tanmay/Desktop/Capstone/code/Trail/img/archive/myntradataset/images/subset/18479.jpg,18479.jpg
10187,/Users/tanmay/Desktop/Capstone/code/Trail/img/archive/myntradataset/images/subset/10187.jpg,10187.jpg
17198,/Users/tanmay/Desktop/Capstone/code/Trail/img/archive/myntradataset/images/subset/17198.jpg,17198.jpg
20150,/Users/tanmay/Desktop/Capstone/code/Trail/img/archive/myntradataset/images/subset/20150.jpg,20150.jpg
31975,/Users/tanmay/Desktop/Capstone/code/Trail/img/archive/myntradataset/images/subset/31975.jpg,31975.jpg
50433,/Users/tanmay/Desktop/Capstone/code/Trail/img/archive/myntradataset/images/subset/50433.jpg,50433.jpg
17547,/Users/tanmay/Desktop/Capstone/code/Trail/img/archive/myntradataset/images/subset/17547.jpg,17547.jpg
16005,/Users/tanmay/Desktop/Capstone/code/Trail/img/archive/myntradataset/images/subset/16005.jpg,16005.jpg
37309,/Users/tanmay/Desktop/Capstone/code/Trail/img/archive/myntradataset/images/subset/37309.jpg,37309.jpg
48357,/Users/tanmay/Desktop/Capstone/code/Trail/img/archive/myntradataset/images/subset/48357.jpg,48357.jpg
4919,/Users/tanmay/Desktop/Capstone/code/Trail/img/archive/myntradataset/images/subset/4919.jpg,4919.jpg
54529,/Users/tanmay/Desktop/Capstone/code/Trail/img/archive/myntradataset/images/subset/54529.jpg,54529.jpg
48455,/Users/tanmay/Desktop/Capstone/code/Trail/img/archive/myntradataset/images/subset/48455.jpg,48455.jpg
24778,/Users/tanmay/Desktop/Capstone/code/Trail/img/archive/myntradataset/images/subset/24778.jpg,24778.jpg
5620,/Users/tanmay/Desktop/Capstone/code/Trail/img/archive/myntradataset/images/subset/5620.jpg,5620.jpg
41794,/Users/tanmay/Desktop/Capstone/code/Trail/img/archive/myntradataset/images/subset/41794.jpg,41794.jpg
15616,/Users/tanmay/Desktop/Capstone/code/Trail/img/archive/myntradataset/images/subset/15616.jpg,15616.jpg
27153,/Users/tanmay/Desktop/Capstone/code/Trail/img/archive/myntradataset/images/subset/27153.jpg,27153.jpg
51169,/Users/tanmay/Desktop/Capstone/code/Trail/img/archive/myntradataset/images/subset/51169.jpg,51169.jpg
6799,/Users/tanmay/Desktop/Capstone/code/Trail/img/archive/myntradataset/images/subset/6799.jpg,6799.jpg
52822,/Users/tanmay/Desktop/Capstone/code/Trail/img/archive/myntradataset/images/subset/52822.jpg,52822.jpg
3831,/Users/tanmay/Desktop/Capstone/code/Trail/img/archive/myntradataset/images/subset/3831.jpg,3831.jpg
39012,/Users/tanmay/Desktop/Capstone/code/Trail/img/archive/myntradataset/images/subset/39012.jpg,39012.jpg
6909,/Users/tanmay/Desktop/Capstone/code/Trail/img/archive/myntradataset/images/subset/6909.jpg,6909.jpg
35237,/Users/tanmay/Desktop/Capstone/code/Trail/img/archive/myntradataset/images/subset/35237.jpg,35237.jpg
35449,/Users/tanmay/Desktop/Capstone/code/Trail/img/archive/myntradataset/images/subset/35449.jpg,35449.jpg
9620,/Users/tanmay/Desktop/Capstone/code/Trail/img/archive/myntradataset/images/subset/9620.jpg,9620.jpg
29640,/Users/tanmay/Desktop/Capstone/code/Trail/img/archive/myntradataset/images/subset/29640.jpg,29640.jpg
1985,/Users/tanmay/Desktop/Capstone/code/Trail/img/archive/myntradataset/images/subset/1985.jpg,1985.jpg
44147,/Users/tanmay/Desktop/Capstone/code/Trail/img/archive/myntradataset/images/subset/44147.jpg,44147.jpg
59027,/Users/tanmay/Desktop/Capstone/code/Trail/img/archive/myntradataset/images/subset/59027.jpg,59027.jpg
16320,/Users/tanmay/Desktop/Capstone/code/Trail/img/archive/myntradataset/images/subset/16320.jpg,16320.jpg
9352,/Users/tanmay/Desktop/Capstone/code/Trail/img/archive/myntradataset/images/subset/9352.jpg,9352.jpg
22236,/Users/tanmay/Desktop/Capstone/code/Trail/img/archive/myntradataset/images/subset/22236.jpg,22236.jpg
54375,/Users/tanmay/Desktop/Capstone/code/Trail/img/archive/myntradataset/images/subset/54375.jpg,54375.jpg
25775,/Users/tanmay/Desktop/Capstone/code/Trail/img/archive/myntradataset/images/subset/25775.jpg,25775.jpg
37724,/Users/tanmay/Desktop/Capstone/code/Trail/img/archive/myntradataset/images/subset/37724.jpg,37724.jpg
5820,/Users/tanmay/Desktop/Capstone/code/Trail/img/archive/myntradataset/images/subset/5820.jpg,5820.jpg
25980,/Users/tanmay/Desktop/Capstone/code/Trail/img/archive/myntradataset/images/subset/25980.jpg,25980.jpg
43183,/Users/tanmay/Desktop/Capstone/code/Trail/img/archive/myntradataset/images/subset/43183.jpg,43183.jpg
47280,/Users/tanmay/Desktop/Capstone/code/Trail/img/archive/myntradataset/images/subset/47280.jpg,47280.jpg
39974,/Users/tanmay/Desktop/Capstone/code/Trail/img/archive/myntradataset/images/subset/39974.jpg,39974.jpg
24259,/Users/tanmay/Desktop/Capstone/code/Trail/img/archive/myntradataset/images/subset/24259.jpg,24259.jpg
12258,/Users/tanmay/Desktop/Capstone/code/Trail/img/archive/myntradataset/images/subset/12258.jpg,12258.jpg
28819,/Users/tanmay/Desktop/Capstone/code/Trail/img/archive/myntradataset/images/subset/28819.jpg,28819.jpg
21380,/Users/tanmay/Desktop/Capstone/code/Trail/img/archive/myntradataset/images/subset/21380.jpg,21380.jpg
27087,/Users/tanmay/Desktop/Capstone/code/Trail/img/archive/myntradataset/images/subset/27087.jpg,27087.jpg
29491,/Users/tanmay/Desktop/Capstone/code/Trail/img/archive/myntradataset/images/subset/29491.jpg,29491.jpg
39131,/Users/tanmay/Desktop/Capstone/code/Trail/img/archive/myntradataset/images/subset/39131.jpg,39131.jpg
53761,/Users/tanmay/Desktop/Capstone/code/Trail/img/archive/myntradataset/images/subset/53761.jpg,53761.jpg
20419,/Users/tanmay/Desktop/Capstone/code/Trail/img/archive/myntradataset/images/subset/20419.jpg,20419.jpg
46000,/Users/tanmay/Desktop/Capstone/code/Trail/img/archive/myntradataset/images/subset/46000.jpg,46000.jpg
57409,/Users/tanmay/Desktop/Capstone/code/Trail/img/archive/myntradataset/images/subset/57409.jpg,57409.jpg
9990,/Users/tanmay/Desktop/Capstone/code/Trail/img/archive/myntradataset/images/subset/9990.jpg,9990.jpg
43517,/Users/tanmay/Desktop/Capstone/code/Trail/img/archive/myntradataset/images/subset/43517.jpg,43517.jpg
35556,/Users/tanmay/Desktop/Capstone/code/Trail/img/archive/myntradataset/images/subset/35556.jpg,35556.jpg
51668,/Users/tanmay/Desktop/Capstone/code/Trail/img/archive/myntradataset/images/subset/51668.jpg,51668.jpg
25115,/Users/tanmay/Desktop/Capstone/code/Trail/img/archive/myntradataset/images/subset/25115.jpg,25115.jpg
18464,/Users/tanmay/Desktop/Capstone/code/Trail/img/archive/myntradataset/images/subset/18464.jpg,18464.jpg
42718,/Users/tanmay/Desktop/Capstone/code/Trail/img/archive/myntradataset/images/subset/42718.jpg,42718.jpg
23151,/Users/tanmay/Desktop/Capstone/code/Trail/img/archive/myntradataset/images/subset/23151.jpg,23151.jpg
49741,/Users/tanmay/Desktop/Capstone/code/Trail/img/archive/myntradataset/images/subset/49741.jpg,49741.jpg
24572,/Users/tanmay/Desktop/Capstone/code/Trail/img/archive/myntradataset/images/subset/24572.jpg,24572.jpg
59698,/Users/tanmay/Desktop/Capstone/code/Trail/img/archive/myntradataset/images/subset/59698.jpg,59698.jpg
41002,/Users/tanmay/Desktop/Capstone/code/Trail/img/archive/myntradataset/images/subset/41002.jpg,41002.jpg
39824,/Users/tanmay/Desktop/Capstone/code/Trail/img/archive/myntradataset/images/subset/39824.jpg,39824.jpg
48472,/Users/tanmay/Desktop/Capstone/code/Trail/img/archive/myntradataset/images/subset/48472.jpg,48472.jpg
34017,/Users/tanmay/Desktop/Capstone/code/Trail/img/archive/myntradataset/images/subset/34017.jpg,34017.jpg
52120,/Users/tanmay/Desktop/Capstone/code/Trail/img/archive/myntradataset/images/subset/52120.jpg,52120.jpg
42673,/Users/tanmay/Desktop/Capstone/code/Trail/img/archive/myntradataset/images/subset/42673.jpg,42673.jpg
29975,/Users/tanmay/Desktop/Capstone/code/Trail/img/archive/myntradataset/images/subset/29975.jpg,29975.jpg
49114,/Users/tanmay/Desktop/Capstone/code/Trail/img/archive/myntradataset/images/subset/49114.jpg,49114.jpg
26919,/Users/tanmay/Desktop/Capstone/code/Trail/img/archive/myntradataset/images/subset/26919.jpg,26919.jpg
42725,/Users/tanmay/Desktop/Capstone/code/Trail/img/archive/myntradataset/images/subset/42725.jpg,42725.jpg
54475,/Users/tanmay/Desktop/Capstone/code/Trail/img/archive/myntradataset/images/subset/54475.jpg,54475.jpg
19123,/Users/tanmay/Desktop/Capstone/code/Trail/img/archive/myntradataset/images/subset/19123.jpg,19123.jpg
52847,/Users/tanmay/Desktop/Capstone/code/Trail/img/archive/myntradataset/images/subset/52847.jpg,52847.jpg
56068,/Users/tanmay/Desktop/Capstone/code/Trail/img/archive/myntradataset/images/subset/56068.jpg,56068.jpg
21001,/Users/tanmay/Desktop/Capstone/code/Trail/img/archive/myntradataset/images/subset/21001.jpg,21001.jpg
53593,/Users/tanmay/Desktop/Capstone/code/Trail/img/archive/myntradataset/images/subset/53593.jpg,53593.jpg
8988,/Users/tanmay/Desktop/Capstone/code/Trail/img/archive/myntradataset/images/subset/8988.jpg,8988.jpg
20807,/Users/tanmay/Desktop/Capstone/code/Trail/img/archive/myntradataset/images/subset/20807.jpg,20807.jpg
21161,/Users/tanmay/Desktop/Capstone/code/Trail/img/archive/myntradataset/images/subset/21161.jpg,21161.jpg
10327,/Users/tanmay/Desktop/Capstone/code/Trail/img/archive/myntradataset/images/subset/10327.jpg,10327.jpg
7696,/Users/tanmay/Desktop/Capstone/code/Trail/img/archive/myntradataset/images/subset/7696.jpg,7696.jpg
57116,/Users/tanmay/Desktop/Capstone/code/Trail/img/archive/myntradataset/images/subset/57116.jpg,57116.jpg
28397,/Users/tanmay/Desktop/Capstone/code/Trail/img/archive/myntradataset/images/subset/28397.jpg,28397.jpg
46523,/Users/tanmay/Desktop/Capstone/code/Trail/img/archive/myntradataset/images/subset/46523.jpg,46523.jpg
57326,/Users/tanmay/Desktop/Capstone/code/Trail/img/archive/myntradataset/images/subset/57326.jpg,57326.jpg
48169,/Users/tanmay/Desktop/Capstone/code/Trail/img/archive/myntradataset/images/subset/48169.jpg,48169.jpg
18445,/Users/tanmay/Desktop/Capstone/code/Trail/img/archive/myntradataset/images/subset/18445.jpg,18445.jpg
48206,/Users/tanmay/Desktop/Capstone/code/Trail/img/archive/myntradataset/images/subset/48206.jpg,48206.jpg
7341,/Users/tanmay/Desktop/Capstone/code/Trail/img/archive/myntradataset/images/subset/7341.jpg,7341.jpg
2147,/Users/tanmay/Desktop/Capstone/code/Trail/img/archive/myntradataset/images/subset/2147.jpg,2147.jpg
45213,/Users/tanmay/Desktop/Capstone/code/Trail/img/archive/myntradataset/images/subset/45213.jpg,45213.jpg
33624,/Users/tanmay/Desktop/Capstone/code/Trail/img/archive/myntradataset/images/subset/33624.jpg,33624.jpg
8484,/Users/tanmay/Desktop/Capstone/code/Trail/img/archive/myntradataset/images/subset/8484.jpg,8484.jpg
24275,/Users/tanmay/Desktop/Capstone/code/Trail/img/archive/myntradataset/images/subset/24275.jpg,24275.jpg
25314,/Users/tanmay/Desktop/Capstone/code/Trail/img/archive/myntradataset/images/subset/25314.jpg,25314.jpg
13707,/Users/tanmay/Desktop/Capstone/code/Trail/img/archive/myntradataset/images/subset/13707.jpg,13707.jpg
32628,/Users/tanmay/Desktop/Capstone/code/Trail/img/archive/myntradataset/images/subset/32628.jpg,32628.jpg
38452,/Users/tanmay/Desktop/Capstone/code/Trail/img/archive/myntradataset/images/subset/38452.jpg,38452.jpg
25121,/Users/tanmay/Desktop/Capstone/code/Trail/img/archive/myntradataset/images/subset/25121.jpg,25121.jpg
31225,/Users/tanmay/Desktop/Capstone/code/Trail/img/archive/myntradataset/images/subset/31225.jpg,31225.jpg
26552,/Users/tanmay/Desktop/Capstone/code/Trail/img/archive/myntradataset/images/subset/26552.jpg,26552.jpg
57970,/Users/tanmay/Desktop/Capstone/code/Trail/img/archive/myntradataset/images/subset/57970.jpg,57970.jpg
38656,/Users/tanmay/Desktop/Capstone/code/Trail/img/archive/myntradataset/images/subset/38656.jpg,38656.jpg
12619,/Users/tanmay/Desktop/Capstone/code/Trail/img/archive/myntradataset/images/subset/12619.jpg,12619.jpg
7317,/Users/tanmay/Desktop/Capstone/code/Trail/img/archive/myntradataset/images/subset/7317.jpg,7317.jpg
21293,/Users/tanmay/Desktop/Capstone/code/Trail/img/archive/myntradataset/images/subset/21293.jpg,21293.jpg
48319,/Users/tanmay/Desktop/Capstone/code/Trail/img/archive/myntradataset/images/subset/48319.jpg,48319.jpg
29444,/Users/tanmay/Desktop/Capstone/code/Trail/img/archive/myntradataset/images/subset/29444.jpg,29444.jpg
22126,/Users/tanmay/Desktop/Capstone/code/Trail/img/archive/myntradataset/images/subset/22126.jpg,22126.jpg
2584,/Users/tanmay/Desktop/Capstone/code/Trail/img/archive/myntradataset/images/subset/2584.jpg,2584.jpg
16804,/Users/tanmay/Desktop/Capstone/code/Trail/img/archive/myntradataset/images/subset/16804.jpg,16804.jpg
37405,/Users/tanmay/Desktop/Capstone/code/Trail/img/archive/myntradataset/images/subset/37405.jpg,37405.jpg
5877,/Users/tanmay/Desktop/Capstone/code/Trail/img/archive/myntradataset/images/subset/5877.jpg,5877.jpg
12018,/Users/tanmay/Desktop/Capstone/code/Trail/img/archive/myntradataset/images/subset/12018.jpg,12018.jpg
49939,/Users/tanmay/Desktop/Capstone/code/Trail/img/archive/myntradataset/images/subset/49939.jpg,49939.jpg
43574,/Users/tanmay/Desktop/Capstone/code/Trail/img/archive/myntradataset/images/subset/43574.jpg,43574.jpg
39634,/Users/tanmay/Desktop/Capstone/code/Trail/img/archive/myntradataset/images/subset/39634.jpg,39634.jpg
51438,/Users/tanmay/Desktop/Capstone/code/Trail/img/archive/myntradataset/images/subset/51438.jpg,51438.jpg
6806,/Users/tanmay/Desktop/Capstone/code/Trail/img/archive/myntradataset/images/subset/6806.jpg,6806.jpg
6083,/Users/tanmay/Desktop/Capstone/code/Trail/img/archive/myntradataset/images/subset/6083.jpg,6083.jpg
32161,/Users/tanmay/Desktop/Capstone/code/Trail/img/archive/myntradataset/images/subset/32161.jpg,32161.jpg
3773,/Users/tanmay/Desktop/Capstone/code/Trail/img/archive/myntradataset/images/subset/3773.jpg,3773.jpg
33287,/Users/tanmay/Desktop/Capstone/code/Trail/img/archive/myntradataset/images/subset/33287.jpg,33287.jpg
58619,/Users/tanmay/Desktop/Capstone/code/Trail/img/archive/myntradataset/images/subset/58619.jpg,58619.jpg
54667,/Users/tanmay/Desktop/Capstone/code/Trail/img/archive/myntradataset/images/subset/54667.jpg,54667.jpg
13155,/Users/tanmay/Desktop/Capstone/code/Trail/img/archive/myntradataset/images/subset/13155.jpg,13155.jpg
22856,/Users/tanmay/Desktop/Capstone/code/Trail/img/archive/myntradataset/images/subset/22856.jpg,22856.jpg
19169,/Users/tanmay/Desktop/Capstone/code/Trail/img/archive/myntradataset/images/subset/19169.jpg,19169.jpg
58676,/Users/tanmay/Desktop/Capstone/code/Trail/img/archive/myntradataset/images/subset/58676.jpg,58676.jpg
56180,/Users/tanmay/Desktop/Capstone/code/Trail/img/archive/myntradataset/images/subset/56180.jpg,56180.jpg
3238,/Users/tanmay/Desktop/Capstone/code/Trail/img/archive/myntradataset/images/subset/3238.jpg,3238.jpg
3830,/Users/tanmay/Desktop/Capstone/code/Trail/img/archive/myntradataset/images/subset/3830.jpg,3830.jpg
2661,/Users/tanmay/Desktop/Capstone/code/Trail/img/archive/myntradataset/images/subset/2661.jpg,2661.jpg
50691,/Users/tanmay/Desktop/Capstone/code/Trail/img/archive/myntradataset/images/subset/50691.jpg,50691.jpg
18346,/Users/tanmay/Desktop/Capstone/code/Trail/img/archive/myntradataset/images/subset/18346.jpg,18346.jpg
39742,/Users/tanmay/Desktop/Capstone/code/Trail/img/archive/myntradataset/images/subset/39742.jpg,39742.jpg
58655,/Users/tanmay/Desktop/Capstone/code/Trail/img/archive/myntradataset/images/subset/58655.jpg,58655.jpg
15299,/Users/tanmay/Desktop/Capstone/code/Trail/img/archive/myntradataset/images/subset/15299.jpg,15299.jpg
45402,/Users/tanmay/Desktop/Capstone/code/Trail/img/archive/myntradataset/images/subset/45402.jpg,45402.jpg
22915,/Users/tanmay/Desktop/Capstone/code/Trail/img/archive/myntradataset/images/subset/22915.jpg,22915.jpg
45278,/Users/tanmay/Desktop/Capstone/code/Trail/img/archive/myntradataset/images/subset/45278.jpg,45278.jpg
24151,/Users/tanmay/Desktop/Capstone/code/Trail/img/archive/myntradataset/images/subset/24151.jpg,24151.jpg
46797,/Users/tanmay/Desktop/Capstone/code/Trail/img/archive/myntradataset/images/subset/46797.jpg,46797.jpg
13510,/Users/tanmay/Desktop/Capstone/code/Trail/img/archive/myntradataset/images/subset/13510.jpg,13510.jpg
4658,/Users/tanmay/Desktop/Capstone/code/Trail/img/archive/myntradataset/images/subset/4658.jpg,4658.jpg
25908,/Users/tanmay/Desktop/Capstone/code/Trail/img/archive/myntradataset/images/subset/25908.jpg,25908.jpg
8142,/Users/tanmay/Desktop/Capstone/code/Trail/img/archive/myntradataset/images/subset/8142.jpg,8142.jpg
9869,/Users/tanmay/Desktop/Capstone/code/Trail/img/archive/myntradataset/images/subset/9869.jpg,9869.jpg
56930,/Users/tanmay/Desktop/Capstone/code/Trail/img/archive/myntradataset/images/subset/56930.jpg,56930.jpg
43941,/Users/tanmay/Desktop/Capstone/code/Trail/img/archive/myntradataset/images/subset/43941.jpg,43941.jpg
28857,/Users/tanmay/Desktop/Capstone/code/Trail/img/archive/myntradataset/images/subset/28857.jpg,28857.jpg
12838,/Users/tanmay/Desktop/Capstone/code/Trail/img/archive/myntradataset/images/subset/12838.jpg,12838.jpg
57499,/Users/tanmay/Desktop/Capstone/code/Trail/img/archive/myntradataset/images/subset/57499.jpg,57499.jpg
13382,/Users/tanmay/Desktop/Capstone/code/Trail/img/archive/myntradataset/images/subset/13382.jpg,13382.jpg
8408,/Users/tanmay/Desktop/Capstone/code/Trail/img/archive/myntradataset/images/subset/8408.jpg,8408.jpg
12432,/Users/tanmay/Desktop/Capstone/code/Trail/img/archive/myntradataset/images/subset/12432.jpg,12432.jpg
47154,/Users/tanmay/Desktop/Capstone/code/Trail/img/archive/myntradataset/images/subset/47154.jpg,47154.jpg
9788,/Users/tanmay/Desktop/Capstone/code/Trail/img/archive/myntradataset/images/subset/9788.jpg,9788.jpg
27958,/Users/tanmay/Desktop/Capstone/code/Trail/img/archive/myntradataset/images/subset/27958.jpg,27958.jpg
47880,/Users/tanmay/Desktop/Capstone/code/Trail/img/archive/myntradataset/images/subset/47880.jpg,47880.jpg
26994,/Users/tanmay/Desktop/Capstone/code/Trail/img/archive/myntradataset/images/subset/26994.jpg,26994.jpg
11242,/Users/tanmay/Desktop/Capstone/code/Trail/img/archive/myntradataset/images/subset/11242.jpg,11242.jpg
50501,/Users/tanmay/Desktop/Capstone/code/Trail/img/archive/myntradataset/images/subset/50501.jpg,50501.jpg
26277,/Users/tanmay/Desktop/Capstone/code/Trail/img/archive/myntradataset/images/subset/26277.jpg,26277.jpg
57877,/Users/tanmay/Desktop/Capstone/code/Trail/img/archive/myntradataset/images/subset/57877.jpg,57877.jpg
49928,/Users/tanmay/Desktop/Capstone/code/Trail/img/archive/myntradataset/images/subset/49928.jpg,49928.jpg
15709,/Users/tanmay/Desktop/Capstone/code/Trail/img/archive/myntradataset/images/subset/15709.jpg,15709.jpg
19218,/Users/tanmay/Desktop/Capstone/code/Trail/img/archive/myntradataset/images/subset/19218.jpg,19218.jpg
54171,/Users/tanmay/Desktop/Capstone/code/Trail/img/archive/myntradataset/images/subset/54171.jpg,54171.jpg
46613,/Users/tanmay/Desktop/Capstone/code/Trail/img/archive/myntradataset/images/subset/46613.jpg,46613.jpg
12846,/Users/tanmay/Desktop/Capstone/code/Trail/img/archive/myntradataset/images/subset/12846.jpg,12846.jpg
58493,/Users/tanmay/Desktop/Capstone/code/Trail/img/archive/myntradataset/images/subset/58493.jpg,58493.jpg
21289,/Users/tanmay/Desktop/Capstone/code/Trail/img/archive/myntradataset/images/subset/21289.jpg,21289.jpg
43293,/Users/tanmay/Desktop/Capstone/code/Trail/img/archive/myntradataset/images/subset/43293.jpg,43293.jpg
38293,/Users/tanmay/Desktop/Capstone/code/Trail/img/archive/myntradataset/images/subset/38293.jpg,38293.jpg
14086,/Users/tanmay/Desktop/Capstone/code/Trail/img/archive/myntradataset/images/subset/14086.jpg,14086.jpg
47955,/Users/tanmay/Desktop/Capstone/code/Trail/img/archive/myntradataset/images/subset/47955.jpg,47955.jpg
34580,/Users/tanmay/Desktop/Capstone/code/Trail/img/archive/myntradataset/images/subset/34580.jpg,34580.jpg
3968,/Users/tanmay/Desktop/Capstone/code/Trail/img/archive/myntradataset/images/subset/3968.jpg,3968.jpg
10259,/Users/tanmay/Desktop/Capstone/code/Trail/img/archive/myntradataset/images/subset/10259.jpg,10259.jpg
34392,/Users/tanmay/Desktop/Capstone/code/Trail/img/archive/myntradataset/images/subset/34392.jpg,34392.jpg
17059,/Users/tanmay/Desktop/Capstone/code/Trail/img/archive/myntradataset/images/subset/17059.jpg,17059.jpg
57716,/Users/tanmay/Desktop/Capstone/code/Trail/img/archive/myntradataset/images/subset/57716.jpg,57716.jpg
29135,/Users/tanmay/Desktop/Capstone/code/Trail/img/archive/myntradataset/images/subset/29135.jpg,29135.jpg
9240,/Users/tanmay/Desktop/Capstone/code/Trail/img/archive/myntradataset/images/subset/9240.jpg,9240.jpg
36298,/Users/tanmay/Desktop/Capstone/code/Trail/img/archive/myntradataset/images/subset/36298.jpg,36298.jpg
29445,/Users/tanmay/Desktop/Capstone/code/Trail/img/archive/myntradataset/images/subset/29445.jpg,29445.jpg
41845,/Users/tanmay/Desktop/Capstone/code/Trail/img/archive/myntradataset/images/subset/41845.jpg,41845.jpg
55119,/Users/tanmay/Desktop/Capstone/code/Trail/img/archive/myntradataset/images/subset/55119.jpg,55119.jpg
23868,/Users/tanmay/Desktop/Capstone/code/Trail/img/archive/myntradataset/images/subset/23868.jpg,23868.jpg
21558,/Users/tanmay/Desktop/Capstone/code/Trail/img/archive/myntradataset/images/subset/21558.jpg,21558.jpg
32188,/Users/tanmay/Desktop/Capstone/code/Trail/img/archive/myntradataset/images/subset/32188.jpg,32188.jpg
22592,/Users/tanmay/Desktop/Capstone/code/Trail/img/archive/myntradataset/images/subset/22592.jpg,22592.jpg
48331,/Users/tanmay/Desktop/Capstone/code/Trail/img/archive/myntradataset/images/subset/48331.jpg,48331.jpg
50493,/Users/tanmay/Desktop/Capstone/code/Trail/img/archive/myntradataset/images/subset/50493.jpg,50493.jpg
12485,/Users/tanmay/Desktop/Capstone/code/Trail/img/archive/myntradataset/images/subset/12485.jpg,12485.jpg
25764,/Users/tanmay/Desktop/Capstone/code/Trail/img/archive/myntradataset/images/subset/25764.jpg,25764.jpg
3716,/Users/tanmay/Desktop/Capstone/code/Trail/img/archive/myntradataset/images/subset/3716.jpg,3716.jpg
4531,/Users/tanmay/Desktop/Capstone/code/Trail/img/archive/myntradataset/images/subset/4531.jpg,4531.jpg
19267,/Users/tanmay/Desktop/Capstone/code/Trail/img/archive/myntradataset/images/subset/19267.jpg,19267.jpg
40667,/Users/tanmay/Desktop/Capstone/code/Trail/img/archive/myntradataset/images/subset/40667.jpg,40667.jpg
5942,/Users/tanmay/Desktop/Capstone/code/Trail/img/archive/myntradataset/images/subset/5942.jpg,5942.jpg
54675,/Users/tanmay/Desktop/Capstone/code/Trail/img/archive/myntradataset/images/subset/54675.jpg,54675.jpg
11278,/Users/tanmay/Desktop/Capstone/code/Trail/img/archive/myntradataset/images/subset/11278.jpg,11278.jpg
15902,/Users/tanmay/Desktop/Capstone/code/Trail/img/archive/myntradataset/images/subset/15902.jpg,15902.jpg
19674,/Users/tanmay/Desktop/Capstone/code/Trail/img/archive/myntradataset/images/subset/19674.jpg,19674.jpg
23881,/Users/tanmay/Desktop/Capstone/code/Trail/img/archive/myntradataset/images/subset/23881.jpg,23881.jpg
18637,/Users/tanmay/Desktop/Capstone/code/Trail/img/archive/myntradataset/images/subset/18637.jpg,18637.jpg
49774,/Users/tanmay/Desktop/Capstone/code/Trail/img/archive/myntradataset/images/subset/49774.jpg,49774.jpg
8664,/Users/tanmay/Desktop/Capstone/code/Trail/img/archive/myntradataset/images/subset/8664.jpg,8664.jpg
20412,/Users/tanmay/Desktop/Capstone/code/Trail/img/archive/myntradataset/images/subset/20412.jpg,20412.jpg
34092,/Users/tanmay/Desktop/Capstone/code/Trail/img/archive/myntradataset/images/subset/34092.jpg,34092.jpg
34120,/Users/tanmay/Desktop/Capstone/code/Trail/img/archive/myntradataset/images/subset/34120.jpg,34120.jpg
49833,/Users/tanmay/Desktop/Capstone/code/Trail/img/archive/myntradataset/images/subset/49833.jpg,49833.jpg
22994,/Users/tanmay/Desktop/Capstone/code/Trail/img/archive/myntradataset/images/subset/22994.jpg,22994.jpg
48941,/Users/tanmay/Desktop/Capstone/code/Trail/img/archive/myntradataset/images/subset/48941.jpg,48941.jpg
9971,/Users/tanmay/Desktop/Capstone/code/Trail/img/archive/myntradataset/images/subset/9971.jpg,9971.jpg
10183,/Users/tanmay/Desktop/Capstone/code/Trail/img/archive/myntradataset/images/subset/10183.jpg,10183.jpg
43539,/Users/tanmay/Desktop/Capstone/code/Trail/img/archive/myntradataset/images/subset/43539.jpg,43539.jpg
5976,/Users/tanmay/Desktop/Capstone/code/Trail/img/archive/myntradataset/images/subset/5976.jpg,5976.jpg
51724,/Users/tanmay/Desktop/Capstone/code/Trail/img/archive/myntradataset/images/subset/51724.jpg,51724.jpg
36275,/Users/tanmay/Desktop/Capstone/code/Trail/img/archive/myntradataset/images/subset/36275.jpg,36275.jpg
45441,/Users/tanmay/Desktop/Capstone/code/Trail/img/archive/myntradataset/images/subset/45441.jpg,45441.jpg
35089,/Users/tanmay/Desktop/Capstone/code/Trail/img/archive/myntradataset/images/subset/35089.jpg,35089.jpg
55787,/Users/tanmay/Desktop/Capstone/code/Trail/img/archive/myntradataset/images/subset/55787.jpg,55787.jpg
54397,/Users/tanmay/Desktop/Capstone/code/Trail/img/archive/myntradataset/images/subset/54397.jpg,54397.jpg
48127,/Users/tanmay/Desktop/Capstone/code/Trail/img/archive/myntradataset/images/subset/48127.jpg,48127.jpg
22048,/Users/tanmay/Desktop/Capstone/code/Trail/img/archive/myntradataset/images/subset/22048.jpg,22048.jpg
18410,/Users/tanmay/Desktop/Capstone/code/Trail/img/archive/myntradataset/images/subset/18410.jpg,18410.jpg
42668,/Users/tanmay/Desktop/Capstone/code/Trail/img/archive/myntradataset/images/subset/42668.jpg,42668.jpg
50481,/Users/tanmay/Desktop/Capstone/code/Trail/img/archive/myntradataset/images/subset/50481.jpg,50481.jpg
40035,/Users/tanmay/Desktop/Capstone/code/Trail/img/archive/myntradataset/images/subset/40035.jpg,40035.jpg
29747,/Users/tanmay/Desktop/Capstone/code/Trail/img/archive/myntradataset/images/subset/29747.jpg,29747.jpg
46301,/Users/tanmay/Desktop/Capstone/code/Trail/img/archive/myntradataset/images/subset/46301.jpg,46301.jpg
2366,/Users/tanmay/Desktop/Capstone/code/Trail/img/archive/myntradataset/images/subset/2366.jpg,2366.jpg
36223,/Users/tanmay/Desktop/Capstone/code/Trail/img/archive/myntradataset/images/subset/36223.jpg,36223.jpg
18006,/Users/tanmay/Desktop/Capstone/code/Trail/img/archive/myntradataset/images/subset/18006.jpg,18006.jpg
31120,/Users/tanmay/Desktop/Capstone/code/Trail/img/archive/myntradataset/images/subset/31120.jpg,31120.jpg
31306,/Users/tanmay/Desktop/Capstone/code/Trail/img/archive/myntradataset/images/subset/31306.jpg,31306.jpg
3628,/Users/tanmay/Desktop/Capstone/code/Trail/img/archive/myntradataset/images/subset/3628.jpg,3628.jpg
3665,/Users/tanmay/Desktop/Capstone/code/Trail/img/archive/myntradataset/images/subset/3665.jpg,3665.jpg
20588,/Users/tanmay/Desktop/Capstone/code/Trail/img/archive/myntradataset/images/subset/20588.jpg,20588.jpg
37102,/Users/tanmay/Desktop/Capstone/code/Trail/img/archive/myntradataset/images/subset/37102.jpg,37102.jpg
22604,/Users/tanmay/Desktop/Capstone/code/Trail/img/archive/myntradataset/images/subset/22604.jpg,22604.jpg
56424,/Users/tanmay/Desktop/Capstone/code/Trail/img/archive/myntradataset/images/subset/56424.jpg,56424.jpg
11695,/Users/tanmay/Desktop/Capstone/code/Trail/img/archive/myntradataset/images/subset/11695.jpg,11695.jpg
12279,/Users/tanmay/Desktop/Capstone/code/Trail/img/archive/myntradataset/images/subset/12279.jpg,12279.jpg
8349,/Users/tanmay/Desktop/Capstone/code/Trail/img/archive/myntradataset/images/subset/8349.jpg,8349.jpg
16232,/Users/tanmay/Desktop/Capstone/code/Trail/img/archive/myntradataset/images/subset/16232.jpg,16232.jpg
47217,/Users/tanmay/Desktop/Capstone/code/Trail/img/archive/myntradataset/images/subset/47217.jpg,47217.jpg
7613,/Users/tanmay/Desktop/Capstone/code/Trail/img/archive/myntradataset/images/subset/7613.jpg,7613.jpg
3470,/Users/tanmay/Desktop/Capstone/code/Trail/img/archive/myntradataset/images/subset/3470.jpg,3470.jpg
12610,/Users/tanmay/Desktop/Capstone/code/Trail/img/archive/myntradataset/images/subset/12610.jpg,12610.jpg
27865,/Users/tanmay/Desktop/Capstone/code/Trail/img/archive/myntradataset/images/subset/27865.jpg,27865.jpg
1997,/Users/tanmay/Desktop/Capstone/code/Trail/img/archive/myntradataset/images/subset/1997.jpg,1997.jpg
5674,/Users/tanmay/Desktop/Capstone/code/Trail/img/archive/myntradataset/images/subset/5674.jpg,5674.jpg
6092,/Users/tanmay/Desktop/Capstone/code/Trail/img/archive/myntradataset/images/subset/6092.jpg,6092.jpg
48787,/Users/tanmay/Desktop/Capstone/code/Trail/img/archive/myntradataset/images/subset/48787.jpg,48787.jpg
53140,/Users/tanmay/Desktop/Capstone/code/Trail/img/archive/myntradataset/images/subset/53140.jpg,53140.jpg
24945,/Users/tanmay/Desktop/Capstone/code/Trail/img/archive/myntradataset/images/subset/24945.jpg,24945.jpg
47079,/Users/tanmay/Desktop/Capstone/code/Trail/img/archive/myntradataset/images/subset/47079.jpg,47079.jpg
29890,/Users/tanmay/Desktop/Capstone/code/Trail/img/archive/myntradataset/images/subset/29890.jpg,29890.jpg
34386,/Users/tanmay/Desktop/Capstone/code/Trail/img/archive/myntradataset/images/subset/34386.jpg,34386.jpg
36806,/Users/tanmay/Desktop/Capstone/code/Trail/img/archive/myntradataset/images/subset/36806.jpg,36806.jpg
18823,/Users/tanmay/Desktop/Capstone/code/Trail/img/archive/myntradataset/images/subset/18823.jpg,18823.jpg
2611,/Users/tanmay/Desktop/Capstone/code/Trail/img/archive/myntradataset/images/subset/2611.jpg,2611.jpg
56009,/Users/tanmay/Desktop/Capstone/code/Trail/img/archive/myntradataset/images/subset/56009.jpg,56009.jpg
11455,/Users/tanmay/Desktop/Capstone/code/Trail/img/archive/myntradataset/images/subset/11455.jpg,11455.jpg
58269,/Users/tanmay/Desktop/Capstone/code/Trail/img/archive/myntradataset/images/subset/58269.jpg,58269.jpg
9010,/Users/tanmay/Desktop/Capstone/code/Trail/img/archive/myntradataset/images/subset/9010.jpg,9010.jpg
28254,/Users/tanmay/Desktop/Capstone/code/Trail/img/archive/myntradataset/images/subset/28254.jpg,28254.jpg
3227,/Users/tanmay/Desktop/Capstone/code/Trail/img/archive/myntradataset/images/subset/3227.jpg,3227.jpg
38932,/Users/tanmay/Desktop/Capstone/code/Trail/img/archive/myntradataset/images/subset/38932.jpg,38932.jpg
57390,/Users/tanmay/Desktop/Capstone/code/Trail/img/archive/myntradataset/images/subset/57390.jpg,57390.jpg
22868,/Users/tanmay/Desktop/Capstone/code/Trail/img/archive/myntradataset/images/subset/22868.jpg,22868.jpg
51530,/Users/tanmay/Desktop/Capstone/code/Trail/img/archive/myntradataset/images/subset/51530.jpg,51530.jpg
48400,/Users/tanmay/Desktop/Capstone/code/Trail/img/archive/myntradataset/images/subset/48400.jpg,48400.jpg
8020,/Users/tanmay/Desktop/Capstone/code/Trail/img/archive/myntradataset/images/subset/8020.jpg,8020.jpg
2732,/Users/tanmay/Desktop/Capstone/code/Trail/img/archive/myntradataset/images/subset/2732.jpg,2732.jpg
11741,/Users/tanmay/Desktop/Capstone/code/Trail/img/archive/myntradataset/images/subset/11741.jpg,11741.jpg
37580,/Users/tanmay/Desktop/Capstone/code/Trail/img/archive/myntradataset/images/subset/37580.jpg,37580.jpg
59658,/Users/tanmay/Desktop/Capstone/code/Trail/img/archive/myntradataset/images/subset/59658.jpg,59658.jpg
15261,/Users/tanmay/Desktop/Capstone/code/Trail/img/archive/myntradataset/images/subset/15261.jpg,15261.jpg
15879,/Users/tanmay/Desktop/Capstone/code/Trail/img/archive/myntradataset/images/subset/15879.jpg,15879.jpg
23816,/Users/tanmay/Desktop/Capstone/code/Trail/img/archive/myntradataset/images/subset/23816.jpg,23816.jpg
9966,/Users/tanmay/Desktop/Capstone/code/Trail/img/archive/myntradataset/images/subset/9966.jpg,9966.jpg
27353,/Users/tanmay/Desktop/Capstone/code/Trail/img/archive/myntradataset/images/subset/27353.jpg,27353.jpg
17136,/Users/tanmay/Desktop/Capstone/code/Trail/img/archive/myntradataset/images/subset/17136.jpg,17136.jpg
41316,/Users/tanmay/Desktop/Capstone/code/Trail/img/archive/myntradataset/images/subset/41316.jpg,41316.jpg
14369,/Users/tanmay/Desktop/Capstone/code/Trail/img/archive/myntradataset/images/subset/14369.jpg,14369.jpg
7020,/Users/tanmay/Desktop/Capstone/code/Trail/img/archive/myntradataset/images/subset/7020.jpg,7020.jpg
10712,/Users/tanmay/Desktop/Capstone/code/Trail/img/archive/myntradataset/images/subset/10712.jpg,10712.jpg
28188,/Users/tanmay/Desktop/Capstone/code/Trail/img/archive/myntradataset/images/subset/28188.jpg,28188.jpg
55004,/Users/tanmay/Desktop/Capstone/code/Trail/img/archive/myntradataset/images/subset/55004.jpg,55004.jpg
18655,/Users/tanmay/Desktop/Capstone/code/Trail/img/archive/myntradataset/images/subset/18655.jpg,18655.jpg
48499,/Users/tanmay/Desktop/Capstone/code/Trail/img/archive/myntradataset/images/subset/48499.jpg,48499.jpg
39578,/Users/tanmay/Desktop/Capstone/code/Trail/img/archive/myntradataset/images/subset/39578.jpg,39578.jpg
33540,/Users/tanmay/Desktop/Capstone/code/Trail/img/archive/myntradataset/images/subset/33540.jpg,33540.jpg
34297,/Users/tanmay/Desktop/Capstone/code/Trail/img/archive/myntradataset/images/subset/34297.jpg,34297.jpg
21707,/Users/tanmay/Desktop/Capstone/code/Trail/img/archive/myntradataset/images/subset/21707.jpg,21707.jpg
49945,/Users/tanmay/Desktop/Capstone/code/Trail/img/archive/myntradataset/images/subset/49945.jpg,49945.jpg
57382,/Users/tanmay/Desktop/Capstone/code/Trail/img/archive/myntradataset/images/subset/57382.jpg,57382.jpg
38863,/Users/tanmay/Desktop/Capstone/code/Trail/img/archive/myntradataset/images/subset/38863.jpg,38863.jpg
4627,/Users/tanmay/Desktop/Capstone/code/Trail/img/archive/myntradataset/images/subset/4627.jpg,4627.jpg
55499,/Users/tanmay/Desktop/Capstone/code/Trail/img/archive/myntradataset/images/subset/55499.jpg,55499.jpg
16081,/Users/tanmay/Desktop/Capstone/code/Trail/img/archive/myntradataset/images/subset/16081.jpg,16081.jpg
38300,/Users/tanmay/Desktop/Capstone/code/Trail/img/archive/myntradataset/images/subset/38300.jpg,38300.jpg
16134,/Users/tanmay/Desktop/Capstone/code/Trail/img/archive/myntradataset/images/subset/16134.jpg,16134.jpg
54326,/Users/tanmay/Desktop/Capstone/code/Trail/img/archive/myntradataset/images/subset/54326.jpg,54326.jpg
8535,/Users/tanmay/Desktop/Capstone/code/Trail/img/archive/myntradataset/images/subset/8535.jpg,8535.jpg
4383,/Users/tanmay/Desktop/Capstone/code/Trail/img/archive/myntradataset/images/subset/4383.jpg,4383.jpg
46661,/Users/tanmay/Desktop/Capstone/code/Trail/img/archive/myntradataset/images/subset/46661.jpg,46661.jpg
14768,/Users/tanmay/Desktop/Capstone/code/Trail/img/archive/myntradataset/images/subset/14768.jpg,14768.jpg
59430,/Users/tanmay/Desktop/Capstone/code/Trail/img/archive/myntradataset/images/subset/59430.jpg,59430.jpg
57671,/Users/tanmay/Desktop/Capstone/code/Trail/img/archive/myntradataset/images/subset/57671.jpg,57671.jpg
33975,/Users/tanmay/Desktop/Capstone/code/Trail/img/archive/myntradataset/images/subset/33975.jpg,33975.jpg
24365,/Users/tanmay/Desktop/Capstone/code/Trail/img/archive/myntradataset/images/subset/24365.jpg,24365.jpg
35073,/Users/tanmay/Desktop/Capstone/code/Trail/img/archive/myntradataset/images/subset/35073.jpg,35073.jpg
2787,/Users/tanmay/Desktop/Capstone/code/Trail/img/archive/myntradataset/images/subset/2787.jpg,2787.jpg
8330,/Users/tanmay/Desktop/Capstone/code/Trail/img/archive/myntradataset/images/subset/8330.jpg,8330.jpg
30803,/Users/tanmay/Desktop/Capstone/code/Trail/img/archive/myntradataset/images/subset/30803.jpg,30803.jpg
16485,/Users/tanmay/Desktop/Capstone/code/Trail/img/archive/myntradataset/images/subset/16485.jpg,16485.jpg
5527,/Users/tanmay/Desktop/Capstone/code/Trail/img/archive/myntradataset/images/subset/5527.jpg,5527.jpg
29689,/Users/tanmay/Desktop/Capstone/code/Trail/img/archive/myntradataset/images/subset/29689.jpg,29689.jpg
18961,/Users/tanmay/Desktop/Capstone/code/Trail/img/archive/myntradataset/images/subset/18961.jpg,18961.jpg
8098,/Users/tanmay/Desktop/Capstone/code/Trail/img/archive/myntradataset/images/subset/8098.jpg,8098.jpg
34037,/Users/tanmay/Desktop/Capstone/code/Trail/img/archive/myntradataset/images/subset/34037.jpg,34037.jpg
39160,/Users/tanmay/Desktop/Capstone/code/Trail/img/archive/myntradataset/images/subset/39160.jpg,39160.jpg
36723,/Users/tanmay/Desktop/Capstone/code/Trail/img/archive/myntradataset/images/subset/36723.jpg,36723.jpg
6428,/Users/tanmay/Desktop/Capstone/code/Trail/img/archive/myntradataset/images/subset/6428.jpg,6428.jpg
14485,/Users/tanmay/Desktop/Capstone/code/Trail/img/archive/myntradataset/images/subset/14485.jpg,14485.jpg
30548,/Users/tanmay/Desktop/Capstone/code/Trail/img/archive/myntradataset/images/subset/30548.jpg,30548.jpg
43630,/Users/tanmay/Desktop/Capstone/code/Trail/img/archive/myntradataset/images/subset/43630.jpg,43630.jpg
15587,/Users/tanmay/Desktop/Capstone/code/Trail/img/archive/myntradataset/images/subset/15587.jpg,15587.jpg
50474,/Users/tanmay/Desktop/Capstone/code/Trail/img/archive/myntradataset/images/subset/50474.jpg,50474.jpg
5800,/Users/tanmay/Desktop/Capstone/code/Trail/img/archive/myntradataset/images/subset/5800.jpg,5800.jpg
25793,/Users/tanmay/Desktop/Capstone/code/Trail/img/archive/myntradataset/images/subset/25793.jpg,25793.jpg
27818,/Users/tanmay/Desktop/Capstone/code/Trail/img/archive/myntradataset/images/subset/27818.jpg,27818.jpg
12091,/Users/tanmay/Desktop/Capstone/code/Trail/img/archive/myntradataset/images/subset/12091.jpg,12091.jpg
39829,/Users/tanmay/Desktop/Capstone/code/Trail/img/archive/myntradataset/images/subset/39829.jpg,39829.jpg
55971,/Users/tanmay/Desktop/Capstone/code/Trail/img/archive/myntradataset/images/subset/55971.jpg,55971.jpg
43690,/Users/tanmay/Desktop/Capstone/code/Trail/img/archive/myntradataset/images/subset/43690.jpg,43690.jpg
28109,/Users/tanmay/Desktop/Capstone/code/Trail/img/archive/myntradataset/images/subset/28109.jpg,28109.jpg
15191,/Users/tanmay/Desktop/Capstone/code/Trail/img/archive/myntradataset/images/subset/15191.jpg,15191.jpg
33512,/Users/tanmay/Desktop/Capstone/code/Trail/img/archive/myntradataset/images/subset/33512.jpg,33512.jpg
5163,/Users/tanmay/Desktop/Capstone/code/Trail/img/archive/myntradataset/images/subset/5163.jpg,5163.jpg
39880,/Users/tanmay/Desktop/Capstone/code/Trail/img/archive/myntradataset/images/subset/39880.jpg,39880.jpg
35074,/Users/tanmay/Desktop/Capstone/code/Trail/img/archive/myntradataset/images/subset/35074.jpg,35074.jpg
30759,/Users/tanmay/Desktop/Capstone/code/Trail/img/archive/myntradataset/images/subset/30759.jpg,30759.jpg
6339,/Users/tanmay/Desktop/Capstone/code/Trail/img/archive/myntradataset/images/subset/6339.jpg,6339.jpg
49973,/Users/tanmay/Desktop/Capstone/code/Trail/img/archive/myntradataset/images/subset/49973.jpg,49973.jpg
11290,/Users/tanmay/Desktop/Capstone/code/Trail/img/archive/myntradataset/images/subset/11290.jpg,11290.jpg
35668,/Users/tanmay/Desktop/Capstone/code/Trail/img/archive/myntradataset/images/subset/35668.jpg,35668.jpg
39812,/Users/tanmay/Desktop/Capstone/code/Trail/img/archive/myntradataset/images/subset/39812.jpg,39812.jpg
49957,/Users/tanmay/Desktop/Capstone/code/Trail/img/archive/myntradataset/images/subset/49957.jpg,49957.jpg
16138,/Users/tanmay/Desktop/Capstone/code/Trail/img/archive/myntradataset/images/subset/16138.jpg,16138.jpg
40459,/Users/tanmay/Desktop/Capstone/code/Trail/img/archive/myntradataset/images/subset/40459.jpg,40459.jpg
15037,/Users/tanmay/Desktop/Capstone/code/Trail/img/archive/myntradataset/images/subset/15037.jpg,15037.jpg
27481,/Users/tanmay/Desktop/Capstone/code/Trail/img/archive/myntradataset/images/subset/27481.jpg,27481.jpg
52813,/Users/tanmay/Desktop/Capstone/code/Trail/img/archive/myntradataset/images/subset/52813.jpg,52813.jpg
46626,/Users/tanmay/Desktop/Capstone/code/Trail/img/archive/myntradataset/images/subset/46626.jpg,46626.jpg
20530,/Users/tanmay/Desktop/Capstone/code/Trail/img/archive/myntradataset/images/subset/20530.jpg,20530.jpg
28794,/Users/tanmay/Desktop/Capstone/code/Trail/img/archive/myntradataset/images/subset/28794.jpg,28794.jpg
58829,/Users/tanmay/Desktop/Capstone/code/Trail/img/archive/myntradataset/images/subset/58829.jpg,58829.jpg
14608,/Users/tanmay/Desktop/Capstone/code/Trail/img/archive/myntradataset/images/subset/14608.jpg,14608.jpg
4310,/Users/tanmay/Desktop/Capstone/code/Trail/img/archive/myntradataset/images/subset/4310.jpg,4310.jpg
21889,/Users/tanmay/Desktop/Capstone/code/Trail/img/archive/myntradataset/images/subset/21889.jpg,21889.jpg
36919,/Users/tanmay/Desktop/Capstone/code/Trail/img/archive/myntradataset/images/subset/36919.jpg,36919.jpg
44837,/Users/tanmay/Desktop/Capstone/code/Trail/img/archive/myntradataset/images/subset/44837.jpg,44837.jpg
45711,/Users/tanmay/Desktop/Capstone/code/Trail/img/archive/myntradataset/images/subset/45711.jpg,45711.jpg
2340,/Users/tanmay/Desktop/Capstone/code/Trail/img/archive/myntradataset/images/subset/2340.jpg,2340.jpg
17972,/Users/tanmay/Desktop/Capstone/code/Trail/img/archive/myntradataset/images/subset/17972.jpg,17972.jpg
28076,/Users/tanmay/Desktop/Capstone/code/Trail/img/archive/myntradataset/images/subset/28076.jpg,28076.jpg
34415,/Users/tanmay/Desktop/Capstone/code/Trail/img/archive/myntradataset/images/subset/34415.jpg,34415.jpg
42168,/Users/tanmay/Desktop/Capstone/code/Trail/img/archive/myntradataset/images/subset/42168.jpg,42168.jpg
22912,/Users/tanmay/Desktop/Capstone/code/Trail/img/archive/myntradataset/images/subset/22912.jpg,22912.jpg
48684,/Users/tanmay/Desktop/Capstone/code/Trail/img/archive/myntradataset/images/subset/48684.jpg,48684.jpg
52947,/Users/tanmay/Desktop/Capstone/code/Trail/img/archive/myntradataset/images/subset/52947.jpg,52947.jpg
25241,/Users/tanmay/Desktop/Capstone/code/Trail/img/archive/myntradataset/images/subset/25241.jpg,25241.jpg
59043,/Users/tanmay/Desktop/Capstone/code/Trail/img/archive/myntradataset/images/subset/59043.jpg,59043.jpg
7823,/Users/tanmay/Desktop/Capstone/code/Trail/img/archive/myntradataset/images/subset/7823.jpg,7823.jpg
26502,/Users/tanmay/Desktop/Capstone/code/Trail/img/archive/myntradataset/images/subset/26502.jpg,26502.jpg
29118,/Users/tanmay/Desktop/Capstone/code/Trail/img/archive/myntradataset/images/subset/29118.jpg,29118.jpg
43131,/Users/tanmay/Desktop/Capstone/code/Trail/img/archive/myntradataset/images/subset/43131.jpg,43131.jpg
53415,/Users/tanmay/Desktop/Capstone/code/Trail/img/archive/myntradataset/images/subset/53415.jpg,53415.jpg
19222,/Users/tanmay/Desktop/Capstone/code/Trail/img/archive/myntradataset/images/subset/19222.jpg,19222.jpg
20207,/Users/tanmay/Desktop/Capstone/code/Trail/img/archive/myntradataset/images/subset/20207.jpg,20207.jpg
38453,/Users/tanmay/Desktop/Capstone/code/Trail/img/archive/myntradataset/images/subset/38453.jpg,38453.jpg
38154,/Users/tanmay/Desktop/Capstone/code/Trail/img/archive/myntradataset/images/subset/38154.jpg,38154.jpg
10166,/Users/tanmay/Desktop/Capstone/code/Trail/img/archive/myntradataset/images/subset/10166.jpg,10166.jpg
8655,/Users/tanmay/Desktop/Capstone/code/Trail/img/archive/myntradataset/images/subset/8655.jpg,8655.jpg
1612,/Users/tanmay/Desktop/Capstone/code/Trail/img/archive/myntradataset/images/subset/1612.jpg,1612.jpg
54382,/Users/tanmay/Desktop/Capstone/code/Trail/img/archive/myntradataset/images/subset/54382.jpg,54382.jpg
3100,/Users/tanmay/Desktop/Capstone/code/Trail/img/archive/myntradataset/images/subset/3100.jpg,3100.jpg
16217,/Users/tanmay/Desktop/Capstone/code/Trail/img/archive/myntradataset/images/subset/16217.jpg,16217.jpg
17594,/Users/tanmay/Desktop/Capstone/code/Trail/img/archive/myntradataset/images/subset/17594.jpg,17594.jpg
33714,/Users/tanmay/Desktop/Capstone/code/Trail/img/archive/myntradataset/images/subset/33714.jpg,33714.jpg
42842,/Users/tanmay/Desktop/Capstone/code/Trail/img/archive/myntradataset/images/subset/42842.jpg,42842.jpg
19653,/Users/tanmay/Desktop/Capstone/code/Trail/img/archive/myntradataset/images/subset/19653.jpg,19653.jpg
25400,/Users/tanmay/Desktop/Capstone/code/Trail/img/archive/myntradataset/images/subset/25400.jpg,25400.jpg
12660,/Users/tanmay/Desktop/Capstone/code/Trail/img/archive/myntradataset/images/subset/12660.jpg,12660.jpg
52371,/Users/tanmay/Desktop/Capstone/code/Trail/img/archive/myntradataset/images/subset/52371.jpg,52371.jpg
56019,/Users/tanmay/Desktop/Capstone/code/Trail/img/archive/myntradataset/images/subset/56019.jpg,56019.jpg
13551,/Users/tanmay/Desktop/Capstone/code/Trail/img/archive/myntradataset/images/subset/13551.jpg,13551.jpg
45392,/Users/tanmay/Desktop/Capstone/code/Trail/img/archive/myntradataset/images/subset/45392.jpg,45392.jpg
14869,/Users/tanmay/Desktop/Capstone/code/Trail/img/archive/myntradataset/images/subset/14869.jpg,14869.jpg
17190,/Users/tanmay/Desktop/Capstone/code/Trail/img/archive/myntradataset/images/subset/17190.jpg,17190.jpg
26859,/Users/tanmay/Desktop/Capstone/code/Trail/img/archive/myntradataset/images/subset/26859.jpg,26859.jpg
19300,/Users/tanmay/Desktop/Capstone/code/Trail/img/archive/myntradataset/images/subset/19300.jpg,19300.jpg
7155,/Users/tanmay/Desktop/Capstone/code/Trail/img/archive/myntradataset/images/subset/7155.jpg,7155.jpg
37759,/Users/tanmay/Desktop/Capstone/code/Trail/img/archive/myntradataset/images/subset/37759.jpg,37759.jpg
13516,/Users/tanmay/Desktop/Capstone/code/Trail/img/archive/myntradataset/images/subset/13516.jpg,13516.jpg
20511,/Users/tanmay/Desktop/Capstone/code/Trail/img/archive/myntradataset/images/subset/20511.jpg,20511.jpg
2691,/Users/tanmay/Desktop/Capstone/code/Trail/img/archive/myntradataset/images/subset/2691.jpg,2691.jpg
4678,/Users/tanmay/Desktop/Capstone/code/Trail/img/archive/myntradataset/images/subset/4678.jpg,4678.jpg
31298,/Users/tanmay/Desktop/Capstone/code/Trail/img/archive/myntradataset/images/subset/31298.jpg,31298.jpg
13934,/Users/tanmay/Desktop/Capstone/code/Trail/img/archive/myntradataset/images/subset/13934.jpg,13934.jpg
47339,/Users/tanmay/Desktop/Capstone/code/Trail/img/archive/myntradataset/images/subset/47339.jpg,47339.jpg
3879,/Users/tanmay/Desktop/Capstone/code/Trail/img/archive/myntradataset/images/subset/3879.jpg,3879.jpg
12026,/Users/tanmay/Desktop/Capstone/code/Trail/img/archive/myntradataset/images/subset/12026.jpg,12026.jpg
26385,/Users/tanmay/Desktop/Capstone/code/Trail/img/archive/myntradataset/images/subset/26385.jpg,26385.jpg
45923,/Users/tanmay/Desktop/Capstone/code/Trail/img/archive/myntradataset/images/subset/45923.jpg,45923.jpg
50556,/Users/tanmay/Desktop/Capstone/code/Trail/img/archive/myntradataset/images/subset/50556.jpg,50556.jpg
8463,/Users/tanmay/Desktop/Capstone/code/Trail/img/archive/myntradataset/images/subset/8463.jpg,8463.jpg
21578,/Users/tanmay/Desktop/Capstone/code/Trail/img/archive/myntradataset/images/subset/21578.jpg,21578.jpg
22786,/Users/tanmay/Desktop/Capstone/code/Trail/img/archive/myntradataset/images/subset/22786.jpg,22786.jpg
42425,/Users/tanmay/Desktop/Capstone/code/Trail/img/archive/myntradataset/images/subset/42425.jpg,42425.jpg
15012,/Users/tanmay/Desktop/Capstone/code/Trail/img/archive/myntradataset/images/subset/15012.jpg,15012.jpg
25249,/Users/tanmay/Desktop/Capstone/code/Trail/img/archive/myntradataset/images/subset/25249.jpg,25249.jpg
10599,/Users/tanmay/Desktop/Capstone/code/Trail/img/archive/myntradataset/images/subset/10599.jpg,10599.jpg
44961,/Users/tanmay/Desktop/Capstone/code/Trail/img/archive/myntradataset/images/subset/44961.jpg,44961.jpg
14564,/Users/tanmay/Desktop/Capstone/code/Trail/img/archive/myntradataset/images/subset/14564.jpg,14564.jpg
49104,/Users/tanmay/Desktop/Capstone/code/Trail/img/archive/myntradataset/images/subset/49104.jpg,49104.jpg
4309,/Users/tanmay/Desktop/Capstone/code/Trail/img/archive/myntradataset/images/subset/4309.jpg,4309.jpg
20126,/Users/tanmay/Desktop/Capstone/code/Trail/img/archive/myntradataset/images/subset/20126.jpg,20126.jpg
43129,/Users/tanmay/Desktop/Capstone/code/Trail/img/archive/myntradataset/images/subset/43129.jpg,43129.jpg
38027,/Users/tanmay/Desktop/Capstone/code/Trail/img/archive/myntradataset/images/subset/38027.jpg,38027.jpg
54114,/Users/tanmay/Desktop/Capstone/code/Trail/img/archive/myntradataset/images/subset/54114.jpg,54114.jpg
43622,/Users/tanmay/Desktop/Capstone/code/Trail/img/archive/myntradataset/images/subset/43622.jpg,43622.jpg
15619,/Users/tanmay/Desktop/Capstone/code/Trail/img/archive/myntradataset/images/subset/15619.jpg,15619.jpg
24293,/Users/tanmay/Desktop/Capstone/code/Trail/img/archive/myntradataset/images/subset/24293.jpg,24293.jpg
6488,/Users/tanmay/Desktop/Capstone/code/Trail/img/archive/myntradataset/images/subset/6488.jpg,6488.jpg
7631,/Users/tanmay/Desktop/Capstone/code/Trail/img/archive/myntradataset/images/subset/7631.jpg,7631.jpg
15287,/Users/tanmay/Desktop/Capstone/code/Trail/img/archive/myntradataset/images/subset/15287.jpg,15287.jpg
11970,/Users/tanmay/Desktop/Capstone/code/Trail/img/archive/myntradataset/images/subset/11970.jpg,11970.jpg
34728,/Users/tanmay/Desktop/Capstone/code/Trail/img/archive/myntradataset/images/subset/34728.jpg,34728.jpg
4966,/Users/tanmay/Desktop/Capstone/code/Trail/img/archive/myntradataset/images/subset/4966.jpg,4966.jpg
16413,/Users/tanmay/Desktop/Capstone/code/Trail/img/archive/myntradataset/images/subset/16413.jpg,16413.jpg
40321,/Users/tanmay/Desktop/Capstone/code/Trail/img/archive/myntradataset/images/subset/40321.jpg,40321.jpg
9029,/Users/tanmay/Desktop/Capstone/code/Trail/img/archive/myntradataset/images/subset/9029.jpg,9029.jpg
16205,/Users/tanmay/Desktop/Capstone/code/Trail/img/archive/myntradataset/images/subset/16205.jpg,16205.jpg
27962,/Users/tanmay/Desktop/Capstone/code/Trail/img/archive/myntradataset/images/subset/27962.jpg,27962.jpg
23679,/Users/tanmay/Desktop/Capstone/code/Trail/img/archive/myntradataset/images/subset/23679.jpg,23679.jpg
34232,/Users/tanmay/Desktop/Capstone/code/Trail/img/archive/myntradataset/images/subset/34232.jpg,34232.jpg
28807,/Users/tanmay/Desktop/Capstone/code/Trail/img/archive/myntradataset/images/subset/28807.jpg,28807.jpg
33306,/Users/tanmay/Desktop/Capstone/code/Trail/img/archive/myntradataset/images/subset/33306.jpg,33306.jpg
28591,/Users/tanmay/Desktop/Capstone/code/Trail/img/archive/myntradataset/images/subset/28591.jpg,28591.jpg
11664,/Users/tanmay/Desktop/Capstone/code/Trail/img/archive/myntradataset/images/subset/11664.jpg,11664.jpg
22486,/Users/tanmay/Desktop/Capstone/code/Trail/img/archive/myntradataset/images/subset/22486.jpg,22486.jpg
14598,/Users/tanmay/Desktop/Capstone/code/Trail/img/archive/myntradataset/images/subset/14598.jpg,14598.jpg
17694,/Users/tanmay/Desktop/Capstone/code/Trail/img/archive/myntradataset/images/subset/17694.jpg,17694.jpg
19978,/Users/tanmay/Desktop/Capstone/code/Trail/img/archive/myntradataset/images/subset/19978.jpg,19978.jpg
16947,/Users/tanmay/Desktop/Capstone/code/Trail/img/archive/myntradataset/images/subset/16947.jpg,16947.jpg
52361,/Users/tanmay/Desktop/Capstone/code/Trail/img/archive/myntradataset/images/subset/52361.jpg,52361.jpg
27299,/Users/tanmay/Desktop/Capstone/code/Trail/img/archive/myntradataset/images/subset/27299.jpg,27299.jpg
24412,/Users/tanmay/Desktop/Capstone/code/Trail/img/archive/myntradataset/images/subset/24412.jpg,24412.jpg
25717,/Users/tanmay/Desktop/Capstone/code/Trail/img/archive/myntradataset/images/subset/25717.jpg,25717.jpg
9967,/Users/tanmay/Desktop/Capstone/code/Trail/img/archive/myntradataset/images/subset/9967.jpg,9967.jpg
22356,/Users/tanmay/Desktop/Capstone/code/Trail/img/archive/myntradataset/images/subset/22356.jpg,22356.jpg
53706,/Users/tanmay/Desktop/Capstone/code/Trail/img/archive/myntradataset/images/subset/53706.jpg,53706.jpg
42904,/Users/tanmay/Desktop/Capstone/code/Trail/img/archive/myntradataset/images/subset/42904.jpg,42904.jpg
46765,/Users/tanmay/Desktop/Capstone/code/Trail/img/archive/myntradataset/images/subset/46765.jpg,46765.jpg
32188,/Users/tanmay/Desktop/Capstone/code/Trail/img/archive/myntradataset/images/subset/32188.jpg,32188.jpg
43346,/Users/tanmay/Desktop/Capstone/code/Trail/img/archive/myntradataset/images/subset/43346.jpg,43346.jpg
47121,/Users/tanmay/Desktop/Capstone/code/Trail/img/archive/myntradataset/images/subset/47121.jpg,47121.jpg
25378,/Users/tanmay/Desktop/Capstone/code/Trail/img/archive/myntradataset/images/subset/25378.jpg,25378.jpg
24796,/Users/tanmay/Desktop/Capstone/code/Trail/img/archive/myntradataset/images/subset/24796.jpg,24796.jpg
39830,/Users/tanmay/Desktop/Capstone/code/Trail/img/archive/myntradataset/images/subset/39830.jpg,39830.jpg
28584,/Users/tanmay/Desktop/Capstone/code/Trail/img/archive/myntradataset/images/subset/28584.jpg,28584.jpg
57601,/Users/tanmay/Desktop/Capstone/code/Trail/img/archive/myntradataset/images/subset/57601.jpg,57601.jpg
33105,/Users/tanmay/Desktop/Capstone/code/Trail/img/archive/myntradataset/images/subset/33105.jpg,33105.jpg
53841,/Users/tanmay/Desktop/Capstone/code/Trail/img/archive/myntradataset/images/subset/53841.jpg,53841.jpg
46250,/Users/tanmay/Desktop/Capstone/code/Trail/img/archive/myntradataset/images/subset/46250.jpg,46250.jpg
40777,/Users/tanmay/Desktop/Capstone/code/Trail/img/archive/myntradataset/images/subset/40777.jpg,40777.jpg
27774,/Users/tanmay/Desktop/Capstone/code/Trail/img/archive/myntradataset/images/subset/27774.jpg,27774.jpg
47474,/Users/tanmay/Desktop/Capstone/code/Trail/img/archive/myntradataset/images/subset/47474.jpg,47474.jpg
9114,/Users/tanmay/Desktop/Capstone/code/Trail/img/archive/myntradataset/images/subset/9114.jpg,9114.jpg
20674,/Users/tanmay/Desktop/Capstone/code/Trail/img/archive/myntradataset/images/subset/20674.jpg,20674.jpg
29467,/Users/tanmay/Desktop/Capstone/code/Trail/img/archive/myntradataset/images/subset/29467.jpg,29467.jpg
45264,/Users/tanmay/Desktop/Capstone/code/Trail/img/archive/myntradataset/images/subset/45264.jpg,45264.jpg
32542,/Users/tanmay/Desktop/Capstone/code/Trail/img/archive/myntradataset/images/subset/32542.jpg,32542.jpg
17297,/Users/tanmay/Desktop/Capstone/code/Trail/img/archive/myntradataset/images/subset/17297.jpg,17297.jpg
28751,/Users/tanmay/Desktop/Capstone/code/Trail/img/archive/myntradataset/images/subset/28751.jpg,28751.jpg
10034,/Users/tanmay/Desktop/Capstone/code/Trail/img/archive/myntradataset/images/subset/10034.jpg,10034.jpg
58562,/Users/tanmay/Desktop/Capstone/code/Trail/img/archive/myntradataset/images/subset/58562.jpg,58562.jpg
22093,/Users/tanmay/Desktop/Capstone/code/Trail/img/archive/myntradataset/images/subset/22093.jpg,22093.jpg
18254,/Users/tanmay/Desktop/Capstone/code/Trail/img/archive/myntradataset/images/subset/18254.jpg,18254.jpg
36476,/Users/tanmay/Desktop/Capstone/code/Trail/img/archive/myntradataset/images/subset/36476.jpg,36476.jpg
53786,/Users/tanmay/Desktop/Capstone/code/Trail/img/archive/myntradataset/images/subset/53786.jpg,53786.jpg
3877,/Users/tanmay/Desktop/Capstone/code/Trail/img/archive/myntradataset/images/subset/3877.jpg,3877.jpg
29011,/Users/tanmay/Desktop/Capstone/code/Trail/img/archive/myntradataset/images/subset/29011.jpg,29011.jpg
53964,/Users/tanmay/Desktop/Capstone/code/Trail/img/archive/myntradataset/images/subset/53964.jpg,53964.jpg
46801,/Users/tanmay/Desktop/Capstone/code/Trail/img/archive/myntradataset/images/subset/46801.jpg,46801.jpg
49989,/Users/tanmay/Desktop/Capstone/code/Trail/img/archive/myntradataset/images/subset/49989.jpg,49989.jpg
56561,/Users/tanmay/Desktop/Capstone/code/Trail/img/archive/myntradataset/images/subset/56561.jpg,56561.jpg
40464,/Users/tanmay/Desktop/Capstone/code/Trail/img/archive/myntradataset/images/subset/40464.jpg,40464.jpg
31385,/Users/tanmay/Desktop/Capstone/code/Trail/img/archive/myntradataset/images/subset/31385.jpg,31385.jpg
45162,/Users/tanmay/Desktop/Capstone/code/Trail/img/archive/myntradataset/images/subset/45162.jpg,45162.jpg
36508,/Users/tanmay/Desktop/Capstone/code/Trail/img/archive/myntradataset/images/subset/36508.jpg,36508.jpg
49596,/Users/tanmay/Desktop/Capstone/code/Trail/img/archive/myntradataset/images/subset/49596.jpg,49596.jpg
26947,/Users/tanmay/Desktop/Capstone/code/Trail/img/archive/myntradataset/images/subset/26947.jpg,26947.jpg
13570,/Users/tanmay/Desktop/Capstone/code/Trail/img/archive/myntradataset/images/subset/13570.jpg,13570.jpg
26965,/Users/tanmay/Desktop/Capstone/code/Trail/img/archive/myntradataset/images/subset/26965.jpg,26965.jpg
38661,/Users/tanmay/Desktop/Capstone/code/Trail/img/archive/myntradataset/images/subset/38661.jpg,38661.jpg
47143,/Users/tanmay/Desktop/Capstone/code/Trail/img/archive/myntradataset/images/subset/47143.jpg,47143.jpg
8943,/Users/tanmay/Desktop/Capstone/code/Trail/img/archive/myntradataset/images/subset/8943.jpg,8943.jpg
42611,/Users/tanmay/Desktop/Capstone/code/Trail/img/archive/myntradataset/images/subset/42611.jpg,42611.jpg
26243,/Users/tanmay/Desktop/Capstone/code/Trail/img/archive/myntradataset/images/subset/26243.jpg,26243.jpg
36200,/Users/tanmay/Desktop/Capstone/code/Trail/img/archive/myntradataset/images/subset/36200.jpg,36200.jpg
27909,/Users/tanmay/Desktop/Capstone/code/Trail/img/archive/myntradataset/images/subset/27909.jpg,27909.jpg
15818,/Users/tanmay/Desktop/Capstone/code/Trail/img/archive/myntradataset/images/subset/15818.jpg,15818.jpg
27840,/Users/tanmay/Desktop/Capstone/code/Trail/img/archive/myntradataset/images/subset/27840.jpg,27840.jpg
31068,/Users/tanmay/Desktop/Capstone/code/Trail/img/archive/myntradataset/images/subset/31068.jpg,31068.jpg
11807,/Users/tanmay/Desktop/Capstone/code/Trail/img/archive/myntradataset/images/subset/11807.jpg,11807.jpg
56353,/Users/tanmay/Desktop/Capstone/code/Trail/img/archive/myntradataset/images/subset/56353.jpg,56353.jpg
10241,/Users/tanmay/Desktop/Capstone/code/Trail/img/archive/myntradataset/images/subset/10241.jpg,10241.jpg
59647,/Users/tanmay/Desktop/Capstone/code/Trail/img/archive/myntradataset/images/subset/59647.jpg,59647.jpg
40504,/Users/tanmay/Desktop/Capstone/code/Trail/img/archive/myntradataset/images/subset/40504.jpg,40504.jpg
36257,/Users/tanmay/Desktop/Capstone/code/Trail/img/archive/myntradataset/images/subset/36257.jpg,36257.jpg
48532,/Users/tanmay/Desktop/Capstone/code/Trail/img/archive/myntradataset/images/subset/48532.jpg,48532.jpg
3821,/Users/tanmay/Desktop/Capstone/code/Trail/img/archive/myntradataset/images/subset/3821.jpg,3821.jpg
53763,/Users/tanmay/Desktop/Capstone/code/Trail/img/archive/myntradataset/images/subset/53763.jpg,53763.jpg
54307,/Users/tanmay/Desktop/Capstone/code/Trail/img/archive/myntradataset/images/subset/54307.jpg,54307.jpg
36372,/Users/tanmay/Desktop/Capstone/code/Trail/img/archive/myntradataset/images/subset/36372.jpg,36372.jpg
57018,/Users/tanmay/Desktop/Capstone/code/Trail/img/archive/myntradataset/images/subset/57018.jpg,57018.jpg
56662,/Users/tanmay/Desktop/Capstone/code/Trail/img/archive/myntradataset/images/subset/56662.jpg,56662.jpg
49847,/Users/tanmay/Desktop/Capstone/code/Trail/img/archive/myntradataset/images/subset/49847.jpg,49847.jpg
8825,/Users/tanmay/Desktop/Capstone/code/Trail/img/archive/myntradataset/images/subset/8825.jpg,8825.jpg
59717,/Users/tanmay/Desktop/Capstone/code/Trail/img/archive/myntradataset/images/subset/59717.jpg,59717.jpg
14741,/Users/tanmay/Desktop/Capstone/code/Trail/img/archive/myntradataset/images/subset/14741.jpg,14741.jpg
11788,/Users/tanmay/Desktop/Capstone/code/Trail/img/archive/myntradataset/images/subset/11788.jpg,11788.jpg
46411,/Users/tanmay/Desktop/Capstone/code/Trail/img/archive/myntradataset/images/subset/46411.jpg,46411.jpg
7836,/Users/tanmay/Desktop/Capstone/code/Trail/img/archive/myntradataset/images/subset/7836.jpg,7836.jpg
35478,/Users/tanmay/Desktop/Capstone/code/Trail/img/archive/myntradataset/images/subset/35478.jpg,35478.jpg
6170,/Users/tanmay/Desktop/Capstone/code/Trail/img/archive/myntradataset/images/subset/6170.jpg,6170.jpg
57320,/Users/tanmay/Desktop/Capstone/code/Trail/img/archive/myntradataset/images/subset/57320.jpg,57320.jpg
28734,/Users/tanmay/Desktop/Capstone/code/Trail/img/archive/myntradataset/images/subset/28734.jpg,28734.jpg
18653,/Users/tanmay/Desktop/Capstone/code/Trail/img/archive/myntradataset/images/subset/18653.jpg,18653.jpg
35643,/Users/tanmay/Desktop/Capstone/code/Trail/img/archive/myntradataset/images/subset/35643.jpg,35643.jpg
13091,/Users/tanmay/Desktop/Capstone/code/Trail/img/archive/myntradataset/images/subset/13091.jpg,13091.jpg
35335,/Users/tanmay/Desktop/Capstone/code/Trail/img/archive/myntradataset/images/subset/35335.jpg,35335.jpg
57419,/Users/tanmay/Desktop/Capstone/code/Trail/img/archive/myntradataset/images/subset/57419.jpg,57419.jpg
9683,/Users/tanmay/Desktop/Capstone/code/Trail/img/archive/myntradataset/images/subset/9683.jpg,9683.jpg
34904,/Users/tanmay/Desktop/Capstone/code/Trail/img/archive/myntradataset/images/subset/34904.jpg,34904.jpg
54618,/Users/tanmay/Desktop/Capstone/code/Trail/img/archive/myntradataset/images/subset/54618.jpg,54618.jpg
30267,/Users/tanmay/Desktop/Capstone/code/Trail/img/archive/myntradataset/images/subset/30267.jpg,30267.jpg
3082,/Users/tanmay/Desktop/Capstone/code/Trail/img/archive/myntradataset/images/subset/3082.jpg,3082.jpg
49534,/Users/tanmay/Desktop/Capstone/code/Trail/img/archive/myntradataset/images/subset/49534.jpg,49534.jpg
26743,/Users/tanmay/Desktop/Capstone/code/Trail/img/archive/myntradataset/images/subset/26743.jpg,26743.jpg
41358,/Users/tanmay/Desktop/Capstone/code/Trail/img/archive/myntradataset/images/subset/41358.jpg,41358.jpg
31550,/Users/tanmay/Desktop/Capstone/code/Trail/img/archive/myntradataset/images/subset/31550.jpg,31550.jpg
7183,/Users/tanmay/Desktop/Capstone/code/Trail/img/archive/myntradataset/images/subset/7183.jpg,7183.jpg
7953,/Users/tanmay/Desktop/Capstone/code/Trail/img/archive/myntradataset/images/subset/7953.jpg,7953.jpg
57520,/Users/tanmay/Desktop/Capstone/code/Trail/img/archive/myntradataset/images/subset/57520.jpg,57520.jpg
32647,/Users/tanmay/Desktop/Capstone/code/Trail/img/archive/myntradataset/images/subset/32647.jpg,32647.jpg
9372,/Users/tanmay/Desktop/Capstone/code/Trail/img/archive/myntradataset/images/subset/9372.jpg,9372.jpg
4250,/Users/tanmay/Desktop/Capstone/code/Trail/img/archive/myntradataset/images/subset/4250.jpg,4250.jpg
44076,/Users/tanmay/Desktop/Capstone/code/Trail/img/archive/myntradataset/images/subset/44076.jpg,44076.jpg
55805,/Users/tanmay/Desktop/Capstone/code/Trail/img/archive/myntradataset/images/subset/55805.jpg,55805.jpg
59718,/Users/tanmay/Desktop/Capstone/code/Trail/img/archive/myntradataset/images/subset/59718.jpg,59718.jpg
54995,/Users/tanmay/Desktop/Capstone/code/Trail/img/archive/myntradataset/images/subset/54995.jpg,54995.jpg
3751,/Users/tanmay/Desktop/Capstone/code/Trail/img/archive/myntradataset/images/subset/3751.jpg,3751.jpg
57459,/Users/tanmay/Desktop/Capstone/code/Trail/img/archive/myntradataset/images/subset/57459.jpg,57459.jpg
41016,/Users/tanmay/Desktop/Capstone/code/Trail/img/archive/myntradataset/images/subset/41016.jpg,41016.jpg
42613,/Users/tanmay/Desktop/Capstone/code/Trail/img/archive/myntradataset/images/subset/42613.jpg,42613.jpg
33639,/Users/tanmay/Desktop/Capstone/code/Trail/img/archive/myntradataset/images/subset/33639.jpg,33639.jpg
51693,/Users/tanmay/Desktop/Capstone/code/Trail/img/archive/myntradataset/images/subset/51693.jpg,51693.jpg
6383,/Users/tanmay/Desktop/Capstone/code/Trail/img/archive/myntradataset/images/subset/6383.jpg,6383.jpg
37296,/Users/tanmay/Desktop/Capstone/code/Trail/img/archive/myntradataset/images/subset/37296.jpg,37296.jpg
46719,/Users/tanmay/Desktop/Capstone/code/Trail/img/archive/myntradataset/images/subset/46719.jpg,46719.jpg
30332,/Users/tanmay/Desktop/Capstone/code/Trail/img/archive/myntradataset/images/subset/30332.jpg,30332.jpg
56588,/Users/tanmay/Desktop/Capstone/code/Trail/img/archive/myntradataset/images/subset/56588.jpg,56588.jpg
23935,/Users/tanmay/Desktop/Capstone/code/Trail/img/archive/myntradataset/images/subset/23935.jpg,23935.jpg
16126,/Users/tanmay/Desktop/Capstone/code/Trail/img/archive/myntradataset/images/subset/16126.jpg,16126.jpg
45091,/Users/tanmay/Desktop/Capstone/code/Trail/img/archive/myntradataset/images/subset/45091.jpg,45091.jpg
5826,/Users/tanmay/Desktop/Capstone/code/Trail/img/archive/myntradataset/images/subset/5826.jpg,5826.jpg
34626,/Users/tanmay/Desktop/Capstone/code/Trail/img/archive/myntradataset/images/subset/34626.jpg,34626.jpg
21075,/Users/tanmay/Desktop/Capstone/code/Trail/img/archive/myntradataset/images/subset/21075.jpg,21075.jpg
54110,/Users/tanmay/Desktop/Capstone/code/Trail/img/archive/myntradataset/images/subset/54110.jpg,54110.jpg
4179,/Users/tanmay/Desktop/Capstone/code/Trail/img/archive/myntradataset/images/subset/4179.jpg,4179.jpg
19934,/Users/tanmay/Desktop/Capstone/code/Trail/img/archive/myntradataset/images/subset/19934.jpg,19934.jpg
6611,/Users/tanmay/Desktop/Capstone/code/Trail/img/archive/myntradataset/images/subset/6611.jpg,6611.jpg
20167,/Users/tanmay/Desktop/Capstone/code/Trail/img/archive/myntradataset/images/subset/20167.jpg,20167.jpg
49846,/Users/tanmay/Desktop/Capstone/code/Trail/img/archive/myntradataset/images/subset/49846.jpg,49846.jpg
36503,/Users/tanmay/Desktop/Capstone/code/Trail/img/archive/myntradataset/images/subset/36503.jpg,36503.jpg
31075,/Users/tanmay/Desktop/Capstone/code/Trail/img/archive/myntradataset/images/subset/31075.jpg,31075.jpg
29002,/Users/tanmay/Desktop/Capstone/code/Trail/img/archive/myntradataset/images/subset/29002.jpg,29002.jpg
3243,/Users/tanmay/Desktop/Capstone/code/Trail/img/archive/myntradataset/images/subset/3243.jpg,3243.jpg
21664,/Users/tanmay/Desktop/Capstone/code/Trail/img/archive/myntradataset/images/subset/21664.jpg,21664.jpg
38631,/Users/tanmay/Desktop/Capstone/code/Trail/img/archive/myntradataset/images/subset/38631.jpg,38631.jpg
6728,/Users/tanmay/Desktop/Capstone/code/Trail/img/archive/myntradataset/images/subset/6728.jpg,6728.jpg
4490,/Users/tanmay/Desktop/Capstone/code/Trail/img/archive/myntradataset/images/subset/4490.jpg,4490.jpg
39162,/Users/tanmay/Desktop/Capstone/code/Trail/img/archive/myntradataset/images/subset/39162.jpg,39162.jpg
1620,/Users/tanmay/Desktop/Capstone/code/Trail/img/archive/myntradataset/images/subset/1620.jpg,1620.jpg
55619,/Users/tanmay/Desktop/Capstone/code/Trail/img/archive/myntradataset/images/subset/55619.jpg,55619.jpg
49670,/Users/tanmay/Desktop/Capstone/code/Trail/img/archive/myntradataset/images/subset/49670.jpg,49670.jpg
20341,/Users/tanmay/Desktop/Capstone/code/Trail/img/archive/myntradataset/images/subset/20341.jpg,20341.jpg
56921,/Users/tanmay/Desktop/Capstone/code/Trail/img/archive/myntradataset/images/subset/56921.jpg,56921.jpg
52893,/Users/tanmay/Desktop/Capstone/code/Trail/img/archive/myntradataset/images/subset/52893.jpg,52893.jpg
58654,/Users/tanmay/Desktop/Capstone/code/Trail/img/archive/myntradataset/images/subset/58654.jpg,58654.jpg
10678,/Users/tanmay/Desktop/Capstone/code/Trail/img/archive/myntradataset/images/subset/10678.jpg,10678.jpg
39056,/Users/tanmay/Desktop/Capstone/code/Trail/img/archive/myntradataset/images/subset/39056.jpg,39056.jpg
32073,/Users/tanmay/Desktop/Capstone/code/Trail/img/archive/myntradataset/images/subset/32073.jpg,32073.jpg
22672,/Users/tanmay/Desktop/Capstone/code/Trail/img/archive/myntradataset/images/subset/22672.jpg,22672.jpg
11681,/Users/tanmay/Desktop/Capstone/code/Trail/img/archive/myntradataset/images/subset/11681.jpg,11681.jpg
7555,/Users/tanmay/Desktop/Capstone/code/Trail/img/archive/myntradataset/images/subset/7555.jpg,7555.jpg
7892,/Users/tanmay/Desktop/Capstone/code/Trail/img/archive/myntradataset/images/subset/7892.jpg,7892.jpg
29241,/Users/tanmay/Desktop/Capstone/code/Trail/img/archive/myntradataset/images/subset/29241.jpg,29241.jpg
2640,/Users/tanmay/Desktop/Capstone/code/Trail/img/archive/myntradataset/images/subset/2640.jpg,2640.jpg
18860,/Users/tanmay/Desktop/Capstone/code/Trail/img/archive/myntradataset/images/subset/18860.jpg,18860.jpg
36940,/Users/tanmay/Desktop/Capstone/code/Trail/img/archive/myntradataset/images/subset/36940.jpg,36940.jpg
37593,/Users/tanmay/Desktop/Capstone/code/Trail/img/archive/myntradataset/images/subset/37593.jpg,37593.jpg
58907,/Users/tanmay/Desktop/Capstone/code/Trail/img/archive/myntradataset/images/subset/58907.jpg,58907.jpg
31983,/Users/tanmay/Desktop/Capstone/code/Trail/img/archive/myntradataset/images/subset/31983.jpg,31983.jpg
37576,/Users/tanmay/Desktop/Capstone/code/Trail/img/archive/myntradataset/images/subset/37576.jpg,37576.jpg
1637,/Users/tanmay/Desktop/Capstone/code/Trail/img/archive/myntradataset/images/subset/1637.jpg,1637.jpg
11737,/Users/tanmay/Desktop/Capstone/code/Trail/img/archive/myntradataset/images/subset/11737.jpg,11737.jpg
27674,/Users/tanmay/Desktop/Capstone/code/Trail/img/archive/myntradataset/images/subset/27674.jpg,27674.jpg
32184,/Users/tanmay/Desktop/Capstone/code/Trail/img/archive/myntradataset/images/subset/32184.jpg,32184.jpg
23957,/Users/tanmay/Desktop/Capstone/code/Trail/img/archive/myntradataset/images/subset/23957.jpg,23957.jpg
39740,/Users/tanmay/Desktop/Capstone/code/Trail/img/archive/myntradataset/images/subset/39740.jpg,39740.jpg
47452,/Users/tanmay/Desktop/Capstone/code/Trail/img/archive/myntradataset/images/subset/47452.jpg,47452.jpg
39697,/Users/tanmay/Desktop/Capstone/code/Trail/img/archive/myntradataset/images/subset/39697.jpg,39697.jpg
9219,/Users/tanmay/Desktop/Capstone/code/Trail/img/archive/myntradataset/images/subset/9219.jpg,9219.jpg
3441,/Users/tanmay/Desktop/Capstone/code/Trail/img/archive/myntradataset/images/subset/3441.jpg,3441.jpg
5942,/Users/tanmay/Desktop/Capstone/code/Trail/img/archive/myntradataset/images/subset/5942.jpg,5942.jpg
58260,/Users/tanmay/Desktop/Capstone/code/Trail/img/archive/myntradataset/images/subset/58260.jpg,58260.jpg
24375,/Users/tanmay/Desktop/Capstone/code/Trail/img/archive/myntradataset/images/subset/24375.jpg,24375.jpg
59255,/Users/tanmay/Desktop/Capstone/code/Trail/img/archive/myntradataset/images/subset/59255.jpg,59255.jpg
54343,/Users/tanmay/Desktop/Capstone/code/Trail/img/archive/myntradataset/images/subset/54343.jpg,54343.jpg
57500,/Users/tanmay/Desktop/Capstone/code/Trail/img/archive/myntradataset/images/subset/57500.jpg,57500.jpg
28850,/Users/tanmay/Desktop/Capstone/code/Trail/img/archive/myntradataset/images/subset/28850.jpg,28850.jpg
47571,/Users/tanmay/Desktop/Capstone/code/Trail/img/archive/myntradataset/images/subset/47571.jpg,47571.jpg
55996,/Users/tanmay/Desktop/Capstone/code/Trail/img/archive/myntradataset/images/subset/55996.jpg,55996.jpg
20557,/Users/tanmay/Desktop/Capstone/code/Trail/img/archive/myntradataset/images/subset/20557.jpg,20557.jpg
26697,/Users/tanmay/Desktop/Capstone/code/Trail/img/archive/myntradataset/images/subset/26697.jpg,26697.jpg
15015,/Users/tanmay/Desktop/Capstone/code/Trail/img/archive/myntradataset/images/subset/15015.jpg,15015.jpg
22632,/Users/tanmay/Desktop/Capstone/code/Trail/img/archive/myntradataset/images/subset/22632.jpg,22632.jpg
22933,/Users/tanmay/Desktop/Capstone/code/Trail/img/archive/myntradataset/images/subset/22933.jpg,22933.jpg
18518,/Users/tanmay/Desktop/Capstone/code/Trail/img/archive/myntradataset/images/subset/18518.jpg,18518.jpg
58898,/Users/tanmay/Desktop/Capstone/code/Trail/img/archive/myntradataset/images/subset/58898.jpg,58898.jpg
56973,/Users/tanmay/Desktop/Capstone/code/Trail/img/archive/myntradataset/images/subset/56973.jpg,56973.jpg
6008,/Users/tanmay/Desktop/Capstone/code/Trail/img/archive/myntradataset/images/subset/6008.jpg,6008.jpg
11363,/Users/tanmay/Desktop/Capstone/code/Trail/img/archive/myntradataset/images/subset/11363.jpg,11363.jpg
31894,/Users/tanmay/Desktop/Capstone/code/Trail/img/archive/myntradataset/images/subset/31894.jpg,31894.jpg
29223,/Users/tanmay/Desktop/Capstone/code/Trail/img/archive/myntradataset/images/subset/29223.jpg,29223.jpg
28552,/Users/tanmay/Desktop/Capstone/code/Trail/img/archive/myntradataset/images/subset/28552.jpg,28552.jpg
31047,/Users/tanmay/Desktop/Capstone/code/Trail/img/archive/myntradataset/images/subset/31047.jpg,31047.jpg
4870,/Users/tanmay/Desktop/Capstone/code/Trail/img/archive/myntradataset/images/subset/4870.jpg,4870.jpg
31910,/Users/tanmay/Desktop/Capstone/code/Trail/img/archive/myntradataset/images/subset/31910.jpg,31910.jpg
29957,/Users/tanmay/Desktop/Capstone/code/Trail/img/archive/myntradataset/images/subset/29957.jpg,29957.jpg
7612,/Users/tanmay/Desktop/Capstone/code/Trail/img/archive/myntradataset/images/subset/7612.jpg,7612.jpg
30677,/Users/tanmay/Desktop/Capstone/code/Trail/img/archive/myntradataset/images/subset/30677.jpg,30677.jpg
59043,/Users/tanmay/Desktop/Capstone/code/Trail/img/archive/myntradataset/images/subset/59043.jpg,59043.jpg
4876,/Users/tanmay/Desktop/Capstone/code/Trail/img/archive/myntradataset/images/subset/4876.jpg,4876.jpg
55514,/Users/tanmay/Desktop/Capstone/code/Trail/img/archive/myntradataset/images/subset/55514.jpg,55514.jpg
37726,/Users/tanmay/Desktop/Capstone/code/Trail/img/archive/myntradataset/images/subset/37726.jpg,37726.jpg
57771,/Users/tanmay/Desktop/Capstone/code/Trail/img/archive/myntradataset/images/subset/57771.jpg,57771.jpg
41963,/Users/tanmay/Desktop/Capstone/code/Trail/img/archive/myntradataset/images/subset/41963.jpg,41963.jpg
4691,/Users/tanmay/Desktop/Capstone/code/Trail/img/archive/myntradataset/images/subset/4691.jpg,4691.jpg
27032,/Users/tanmay/Desktop/Capstone/code/Trail/img/archive/myntradataset/images/subset/27032.jpg,27032.jpg
25929,/Users/tanmay/Desktop/Capstone/code/Trail/img/archive/myntradataset/images/subset/25929.jpg,25929.jpg
21407,/Users/tanmay/Desktop/Capstone/code/Trail/img/archive/myntradataset/images/subset/21407.jpg,21407.jpg
17564,/Users/tanmay/Desktop/Capstone/code/Trail/img/archive/myntradataset/images/subset/17564.jpg,17564.jpg
18263,/Users/tanmay/Desktop/Capstone/code/Trail/img/archive/myntradataset/images/subset/18263.jpg,18263.jpg
47992,/Users/tanmay/Desktop/Capstone/code/Trail/img/archive/myntradataset/images/subset/47992.jpg,47992.jpg
51265,/Users/tanmay/Desktop/Capstone/code/Trail/img/archive/myntradataset/images/subset/51265.jpg,51265.jpg
8804,/Users/tanmay/Desktop/Capstone/code/Trail/img/archive/myntradataset/images/subset/8804.jpg,8804.jpg
18501,/Users/tanmay/Desktop/Capstone/code/Trail/img/archive/myntradataset/images/subset/18501.jpg,18501.jpg
12350,/Users/tanmay/Desktop/Capstone/code/Trail/img/archive/myntradataset/images/subset/12350.jpg,12350.jpg
19404,/Users/tanmay/Desktop/Capstone/code/Trail/img/archive/myntradataset/images/subset/19404.jpg,19404.jpg
39639,/Users/tanmay/Desktop/Capstone/code/Trail/img/archive/myntradataset/images/subset/39639.jpg,39639.jpg
49236,/Users/tanmay/Desktop/Capstone/code/Trail/img/archive/myntradataset/images/subset/49236.jpg,49236.jpg
44839,/Users/tanmay/Desktop/Capstone/code/Trail/img/archive/myntradataset/images/subset/44839.jpg,44839.jpg
33161,/Users/tanmay/Desktop/Capstone/code/Trail/img/archive/myntradataset/images/subset/33161.jpg,33161.jpg
45687,/Users/tanmay/Desktop/Capstone/code/Trail/img/archive/myntradataset/images/subset/45687.jpg,45687.jpg
57717,/Users/tanmay/Desktop/Capstone/code/Trail/img/archive/myntradataset/images/subset/57717.jpg,57717.jpg
22266,/Users/tanmay/Desktop/Capstone/code/Trail/img/archive/myntradataset/images/subset/22266.jpg,22266.jpg
43686,/Users/tanmay/Desktop/Capstone/code/Trail/img/archive/myntradataset/images/subset/43686.jpg,43686.jpg
36082,/Users/tanmay/Desktop/Capstone/code/Trail/img/archive/myntradataset/images/subset/36082.jpg,36082.jpg
21226,/Users/tanmay/Desktop/Capstone/code/Trail/img/archive/myntradataset/images/subset/21226.jpg,21226.jpg
37299,/Users/tanmay/Desktop/Capstone/code/Trail/img/archive/myntradataset/images/subset/37299.jpg,37299.jpg
4674,/Users/tanmay/Desktop/Capstone/code/Trail/img/archive/myntradataset/images/subset/4674.jpg,4674.jpg
16062,/Users/tanmay/Desktop/Capstone/code/Trail/img/archive/myntradataset/images/subset/16062.jpg,16062.jpg
7697,/Users/tanmay/Desktop/Capstone/code/Trail/img/archive/myntradataset/images/subset/7697.jpg,7697.jpg
20432,/Users/tanmay/Desktop/Capstone/code/Trail/img/archive/myntradataset/images/subset/20432.jpg,20432.jpg
39228,/Users/tanmay/Desktop/Capstone/code/Trail/img/archive/myntradataset/images/subset/39228.jpg,39228.jpg
56376,/Users/tanmay/Desktop/Capstone/code/Trail/img/archive/myntradataset/images/subset/56376.jpg,56376.jpg
3986,/Users/tanmay/Desktop/Capstone/code/Trail/img/archive/myntradataset/images/subset/3986.jpg,3986.jpg
21117,/Users/tanmay/Desktop/Capstone/code/Trail/img/archive/myntradataset/images/subset/21117.jpg,21117.jpg
1938,/Users/tanmay/Desktop/Capstone/code/Trail/img/archive/myntradataset/images/subset/1938.jpg,1938.jpg
4342,/Users/tanmay/Desktop/Capstone/code/Trail/img/archive/myntradataset/images/subset/4342.jpg,4342.jpg
20276,/Users/tanmay/Desktop/Capstone/code/Trail/img/archive/myntradataset/images/subset/20276.jpg,20276.jpg
15210,/Users/tanmay/Desktop/Capstone/code/Trail/img/archive/myntradataset/images/subset/15210.jpg,15210.jpg
50294,/Users/tanmay/Desktop/Capstone/code/Trail/img/archive/myntradataset/images/subset/50294.jpg,50294.jpg
17982,/Users/tanmay/Desktop/Capstone/code/Trail/img/archive/myntradataset/images/subset/17982.jpg,17982.jpg
58863,/Users/tanmay/Desktop/Capstone/code/Trail/img/archive/myntradataset/images/subset/58863.jpg,58863.jpg
56450,/Users/tanmay/Desktop/Capstone/code/Trail/img/archive/myntradataset/images/subset/56450.jpg,56450.jpg
38321,/Users/tanmay/Desktop/Capstone/code/Trail/img/archive/myntradataset/images/subset/38321.jpg,38321.jpg
53017,/Users/tanmay/Desktop/Capstone/code/Trail/img/archive/myntradataset/images/subset/53017.jpg,53017.jpg
16013,/Users/tanmay/Desktop/Capstone/code/Trail/img/archive/myntradataset/images/subset/16013.jpg,16013.jpg
23591,/Users/tanmay/Desktop/Capstone/code/Trail/img/archive/myntradataset/images/subset/23591.jpg,23591.jpg
5493,/Users/tanmay/Desktop/Capstone/code/Trail/img/archive/myntradataset/images/subset/5493.jpg,5493.jpg
32468,/Users/tanmay/Desktop/Capstone/code/Trail/img/archive/myntradataset/images/subset/32468.jpg,32468.jpg
29939,/Users/tanmay/Desktop/Capstone/code/Trail/img/archive/myntradataset/images/subset/29939.jpg,29939.jpg
38396,/Users/tanmay/Desktop/Capstone/code/Trail/img/archive/myntradataset/images/subset/38396.jpg,38396.jpg
48851,/Users/tanmay/Desktop/Capstone/code/Trail/img/archive/myntradataset/images/subset/48851.jpg,48851.jpg
47123,/Users/tanmay/Desktop/Capstone/code/Trail/img/archive/myntradataset/images/subset/47123.jpg,47123.jpg
3415,/Users/tanmay/Desktop/Capstone/code/Trail/img/archive/myntradataset/images/subset/3415.jpg,3415.jpg
3458,/Users/tanmay/Desktop/Capstone/code/Trail/img/archive/myntradataset/images/subset/3458.jpg,3458.jpg
35473,/Users/tanmay/Desktop/Capstone/code/Trail/img/archive/myntradataset/images/subset/35473.jpg,35473.jpg
31706,/Users/tanmay/Desktop/Capstone/code/Trail/img/archive/myntradataset/images/subset/31706.jpg,31706.jpg
23712,/Users/tanmay/Desktop/Capstone/code/Trail/img/archive/myntradataset/images/subset/23712.jpg,23712.jpg
23281,/Users/tanmay/Desktop/Capstone/code/Trail/img/archive/myntradataset/images/subset/23281.jpg,23281.jpg
31830,/Users/tanmay/Desktop/Capstone/code/Trail/img/archive/myntradataset/images/subset/31830.jpg,31830.jpg
11386,/Users/tanmay/Desktop/Capstone/code/Trail/img/archive/myntradataset/images/subset/11386.jpg,11386.jpg
53051,/Users/tanmay/Desktop/Capstone/code/Trail/img/archive/myntradataset/images/subset/53051.jpg,53051.jpg
3089,/Users/tanmay/Desktop/Capstone/code/Trail/img/archive/myntradataset/images/subset/3089.jpg,3089.jpg
19724,/Users/tanmay/Desktop/Capstone/code/Trail/img/archive/myntradataset/images/subset/19724.jpg,19724.jpg
18865,/Users/tanmay/Desktop/Capstone/code/Trail/img/archive/myntradataset/images/subset/18865.jpg,18865.jpg
7367,/Users/tanmay/Desktop/Capstone/code/Trail/img/archive/myntradataset/images/subset/7367.jpg,7367.jpg
10329,/Users/tanmay/Desktop/Capstone/code/Trail/img/archive/myntradataset/images/subset/10329.jpg,10329.jpg
4367,/Users/tanmay/Desktop/Capstone/code/Trail/img/archive/myntradataset/images/subset/4367.jpg,4367.jpg
38428,/Users/tanmay/Desktop/Capstone/code/Trail/img/archive/myntradataset/images/subset/38428.jpg,38428.jpg
25653,/Users/tanmay/Desktop/Capstone/code/Trail/img/archive/myntradataset/images/subset/25653.jpg,25653.jpg
5007,/Users/tanmay/Desktop/Capstone/code/Trail/img/archive/myntradataset/images/subset/5007.jpg,5007.jpg
32853,/Users/tanmay/Desktop/Capstone/code/Trail/img/archive/myntradataset/images/subset/32853.jpg,32853.jpg
33740,/Users/tanmay/Desktop/Capstone/code/Trail/img/archive/myntradataset/images/subset/33740.jpg,33740.jpg
15226,/Users/tanmay/Desktop/Capstone/code/Trail/img/archive/myntradataset/images/subset/15226.jpg,15226.jpg
7931,/Users/tanmay/Desktop/Capstone/code/Trail/img/archive/myntradataset/images/subset/7931.jpg,7931.jpg
23523,/Users/tanmay/Desktop/Capstone/code/Trail/img/archive/myntradataset/images/subset/23523.jpg,23523.jpg
31549,/Users/tanmay/Desktop/Capstone/code/Trail/img/archive/myntradataset/images/subset/31549.jpg,31549.jpg
27139,/Users/tanmay/Desktop/Capstone/code/Trail/img/archive/myntradataset/images/subset/27139.jpg,27139.jpg
5571,/Users/tanmay/Desktop/Capstone/code/Trail/img/archive/myntradataset/images/subset/5571.jpg,5571.jpg
52955,/Users/tanmay/Desktop/Capstone/code/Trail/img/archive/myntradataset/images/subset/52955.jpg,52955.jpg
48139,/Users/tanmay/Desktop/Capstone/code/Trail/img/archive/myntradataset/images/subset/48139.jpg,48139.jpg
42228,/Users/tanmay/Desktop/Capstone/code/Trail/img/archive/myntradataset/images/subset/42228.jpg,42228.jpg
9980,/Users/tanmay/Desktop/Capstone/code/Trail/img/archive/myntradataset/images/subset/9980.jpg,9980.jpg
16411,/Users/tanmay/Desktop/Capstone/code/Trail/img/archive/myntradataset/images/subset/16411.jpg,16411.jpg
7151,/Users/tanmay/Desktop/Capstone/code/Trail/img/archive/myntradataset/images/subset/7151.jpg,7151.jpg
18289,/Users/tanmay/Desktop/Capstone/code/Trail/img/archive/myntradataset/images/subset/18289.jpg,18289.jpg
22813,/Users/tanmay/Desktop/Capstone/code/Trail/img/archive/myntradataset/images/subset/22813.jpg,22813.jpg
43581,/Users/tanmay/Desktop/Capstone/code/Trail/img/archive/myntradataset/images/subset/43581.jpg,43581.jpg
22701,/Users/tanmay/Desktop/Capstone/code/Trail/img/archive/myntradataset/images/subset/22701.jpg,22701.jpg
18764,/Users/tanmay/Desktop/Capstone/code/Trail/img/archive/myntradataset/images/subset/18764.jpg,18764.jpg
57573,/Users/tanmay/Desktop/Capstone/code/Trail/img/archive/myntradataset/images/subset/57573.jpg,57573.jpg
40234,/Users/tanmay/Desktop/Capstone/code/Trail/img/archive/myntradataset/images/subset/40234.jpg,40234.jpg
11983,/Users/tanmay/Desktop/Capstone/code/Trail/img/archive/myntradataset/images/subset/11983.jpg,11983.jpg
12888,/Users/tanmay/Desktop/Capstone/code/Trail/img/archive/myntradataset/images/subset/12888.jpg,12888.jpg
27086,/Users/tanmay/Desktop/Capstone/code/Trail/img/archive/myntradataset/images/subset/27086.jpg,27086.jpg
50035,/Users/tanmay/Desktop/Capstone/code/Trail/img/archive/myntradataset/images/subset/50035.jpg,50035.jpg
33543,/Users/tanmay/Desktop/Capstone/code/Trail/img/archive/myntradataset/images/subset/33543.jpg,33543.jpg
59882,/Users/tanmay/Desktop/Capstone/code/Trail/img/archive/myntradataset/images/subset/59882.jpg,59882.jpg
38828,/Users/tanmay/Desktop/Capstone/code/Trail/img/archive/myntradataset/images/subset/38828.jpg,38828.jpg
33745,/Users/tanmay/Desktop/Capstone/code/Trail/img/archive/myntradataset/images/subset/33745.jpg,33745.jpg
39939,/Users/tanmay/Desktop/Capstone/code/Trail/img/archive/myntradataset/images/subset/39939.jpg,39939.jpg
8771,/Users/tanmay/Desktop/Capstone/code/Trail/img/archive/myntradataset/images/subset/8771.jpg,8771.jpg
28889,/Users/tanmay/Desktop/Capstone/code/Trail/img/archive/myntradataset/images/subset/28889.jpg,28889.jpg
50478,/Users/tanmay/Desktop/Capstone/code/Trail/img/archive/myntradataset/images/subset/50478.jpg,50478.jpg
26634,/Users/tanmay/Desktop/Capstone/code/Trail/img/archive/myntradataset/images/subset/26634.jpg,26634.jpg
14993,/Users/tanmay/Desktop/Capstone/code/Trail/img/archive/myntradataset/images/subset/14993.jpg,14993.jpg
55419,/Users/tanmay/Desktop/Capstone/code/Trail/img/archive/myntradataset/images/subset/55419.jpg,55419.jpg
57604,/Users/tanmay/Desktop/Capstone/code/Trail/img/archive/myntradataset/images/subset/57604.jpg,57604.jpg
58741,/Users/tanmay/Desktop/Capstone/code/Trail/img/archive/myntradataset/images/subset/58741.jpg,58741.jpg
38638,/Users/tanmay/Desktop/Capstone/code/Trail/img/archive/myntradataset/images/subset/38638.jpg,38638.jpg
8550,/Users/tanmay/Desktop/Capstone/code/Trail/img/archive/myntradataset/images/subset/8550.jpg,8550.jpg
37625,/Users/tanmay/Desktop/Capstone/code/Trail/img/archive/myntradataset/images/subset/37625.jpg,37625.jpg
20137,/Users/tanmay/Desktop/Capstone/code/Trail/img/archive/myntradataset/images/subset/20137.jpg,20137.jpg
13259,/Users/tanmay/Desktop/Capstone/code/Trail/img/archive/myntradataset/images/subset/13259.jpg,13259.jpg
7561,/Users/tanmay/Desktop/Capstone/code/Trail/img/archive/myntradataset/images/subset/7561.jpg,7561.jpg
19620,/Users/tanmay/Desktop/Capstone/code/Trail/img/archive/myntradataset/images/subset/19620.jpg,19620.jpg
39765,/Users/tanmay/Desktop/Capstone/code/Trail/img/archive/myntradataset/images/subset/39765.jpg,39765.jpg
32855,/Users/tanmay/Desktop/Capstone/code/Trail/img/archive/myntradataset/images/subset/32855.jpg,32855.jpg
28671,/Users/tanmay/Desktop/Capstone/code/Trail/img/archive/myntradataset/images/subset/28671.jpg,28671.jpg
26940,/Users/tanmay/Desktop/Capstone/code/Trail/img/archive/myntradataset/images/subset/26940.jpg,26940.jpg
51687,/Users/tanmay/Desktop/Capstone/code/Trail/img/archive/myntradataset/images/subset/51687.jpg,51687.jpg
48186,/Users/tanmay/Desktop/Capstone/code/Trail/img/archive/myntradataset/images/subset/48186.jpg,48186.jpg
8855,/Users/tanmay/Desktop/Capstone/code/Trail/img/archive/myntradataset/images/subset/8855.jpg,8855.jpg
52064,/Users/tanmay/Desktop/Capstone/code/Trail/img/archive/myntradataset/images/subset/52064.jpg,52064.jpg
2035,/Users/tanmay/Desktop/Capstone/code/Trail/img/archive/myntradataset/images/subset/2035.jpg,2035.jpg
50376,/Users/tanmay/Desktop/Capstone/code/Trail/img/archive/myntradataset/images/subset/50376.jpg,50376.jpg
36141,/Users/tanmay/Desktop/Capstone/code/Trail/img/archive/myntradataset/images/subset/36141.jpg,36141.jpg
32350,/Users/tanmay/Desktop/Capstone/code/Trail/img/archive/myntradataset/images/subset/32350.jpg,32350.jpg
26660,/Users/tanmay/Desktop/Capstone/code/Trail/img/archive/myntradataset/images/subset/26660.jpg,26660.jpg
34212,/Users/tanmay/Desktop/Capstone/code/Trail/img/archive/myntradataset/images/subset/34212.jpg,34212.jpg
46883,/Users/tanmay/Desktop/Capstone/code/Trail/img/archive/myntradataset/images/subset/46883.jpg,46883.jpg
8964,/Users/tanmay/Desktop/Capstone/code/Trail/img/archive/myntradataset/images/subset/8964.jpg,8964.jpg
28527,/Users/tanmay/Desktop/Capstone/code/Trail/img/archive/myntradataset/images/subset/28527.jpg,28527.jpg
36281,/Users/tanmay/Desktop/Capstone/code/Trail/img/archive/myntradataset/images/subset/36281.jpg,36281.jpg
47627,/Users/tanmay/Desktop/Capstone/code/Trail/img/archive/myntradataset/images/subset/47627.jpg,47627.jpg
40464,/Users/tanmay/Desktop/Capstone/code/Trail/img/archive/myntradataset/images/subset/40464.jpg,40464.jpg
15630,/Users/tanmay/Desktop/Capstone/code/Trail/img/archive/myntradataset/images/subset/15630.jpg,15630.jpg
16645,/Users/tanmay/Desktop/Capstone/code/Trail/img/archive/myntradataset/images/subset/16645.jpg,16645.jpg
2587,/Users/tanmay/Desktop/Capstone/code/Trail/img/archive/myntradataset/images/subset/2587.jpg,2587.jpg
11578,/Users/tanmay/Desktop/Capstone/code/Trail/img/archive/myntradataset/images/subset/11578.jpg,11578.jpg
33132,/Users/tanmay/Desktop/Capstone/code/Trail/img/archive/myntradataset/images/subset/33132.jpg,33132.jpg
46724,/Users/tanmay/Desktop/Capstone/code/Trail/img/archive/myntradataset/images/subset/46724.jpg,46724.jpg
37974,/Users/tanmay/Desktop/Capstone/code/Trail/img/archive/myntradataset/images/subset/37974.jpg,37974.jpg
33976,/Users/tanmay/Desktop/Capstone/code/Trail/img/archive/myntradataset/images/subset/33976.jpg,33976.jpg
24987,/Users/tanmay/Desktop/Capstone/code/Trail/img/archive/myntradataset/images/subset/24987.jpg,24987.jpg
19595,/Users/tanmay/Desktop/Capstone/code/Trail/img/archive/myntradataset/images/subset/19595.jpg,19595.jpg
48812,/Users/tanmay/Desktop/Capstone/code/Trail/img/archive/myntradataset/images/subset/48812.jpg,48812.jpg
11874,/Users/tanmay/Desktop/Capstone/code/Trail/img/archive/myntradataset/images/subset/11874.jpg,11874.jpg
15216,/Users/tanmay/Desktop/Capstone/code/Trail/img/archive/myntradataset/images/subset/15216.jpg,15216.jpg
48700,/Users/tanmay/Desktop/Capstone/code/Trail/img/archive/myntradataset/images/subset/48700.jpg,48700.jpg
37260,/Users/tanmay/Desktop/Capstone/code/Trail/img/archive/myntradataset/images/subset/37260.jpg,37260.jpg
19439,/Users/tanmay/Desktop/Capstone/code/Trail/img/archive/myntradataset/images/subset/19439.jpg,19439.jpg
57549,/Users/tanmay/Desktop/Capstone/code/Trail/img/archive/myntradataset/images/subset/57549.jpg,57549.jpg
50227,/Users/tanmay/Desktop/Capstone/code/Trail/img/archive/myntradataset/images/subset/50227.jpg,50227.jpg
59005,/Users/tanmay/Desktop/Capstone/code/Trail/img/archive/myntradataset/images/subset/59005.jpg,59005.jpg
10141,/Users/tanmay/Desktop/Capstone/code/Trail/img/archive/myntradataset/images/subset/10141.jpg,10141.jpg
35703,/Users/tanmay/Desktop/Capstone/code/Trail/img/archive/myntradataset/images/subset/35703.jpg,35703.jpg
9618,/Users/tanmay/Desktop/Capstone/code/Trail/img/archive/myntradataset/images/subset/9618.jpg,9618.jpg
10154,/Users/tanmay/Desktop/Capstone/code/Trail/img/archive/myntradataset/images/subset/10154.jpg,10154.jpg
4040,/Users/tanmay/Desktop/Capstone/code/Trail/img/archive/myntradataset/images/subset/4040.jpg,4040.jpg
17503,/Users/tanmay/Desktop/Capstone/code/Trail/img/archive/myntradataset/images/subset/17503.jpg,17503.jpg
32592,/Users/tanmay/Desktop/Capstone/code/Trail/img/archive/myntradataset/images/subset/32592.jpg,32592.jpg
57633,/Users/tanmay/Desktop/Capstone/code/Trail/img/archive/myntradataset/images/subset/57633.jpg,57633.jpg
39507,/Users/tanmay/Desktop/Capstone/code/Trail/img/archive/myntradataset/images/subset/39507.jpg,39507.jpg
27472,/Users/tanmay/Desktop/Capstone/code/Trail/img/archive/myntradataset/images/subset/27472.jpg,27472.jpg
8325,/Users/tanmay/Desktop/Capstone/code/Trail/img/archive/myntradataset/images/subset/8325.jpg,8325.jpg
38384,/Users/tanmay/Desktop/Capstone/code/Trail/img/archive/myntradataset/images/subset/38384.jpg,38384.jpg
8684,/Users/tanmay/Desktop/Capstone/code/Trail/img/archive/myntradataset/images/subset/8684.jpg,8684.jpg
3424,/Users/tanmay/Desktop/Capstone/code/Trail/img/archive/myntradataset/images/subset/3424.jpg,3424.jpg
7692,/Users/tanmay/Desktop/Capstone/code/Trail/img/archive/myntradataset/images/subset/7692.jpg,7692.jpg
53405,/Users/tanmay/Desktop/Capstone/code/Trail/img/archive/myntradataset/images/subset/53405.jpg,53405.jpg
13933,/Users/tanmay/Desktop/Capstone/code/Trail/img/archive/myntradataset/images/subset/13933.jpg,13933.jpg
44118,/Users/tanmay/Desktop/Capstone/code/Trail/img/archive/myntradataset/images/subset/44118.jpg,44118.jpg
38447,/Users/tanmay/Desktop/Capstone/code/Trail/img/archive/myntradataset/images/subset/38447.jpg,38447.jpg
7684,/Users/tanmay/Desktop/Capstone/code/Trail/img/archive/myntradataset/images/subset/7684.jpg,7684.jpg
49056,/Users/tanmay/Desktop/Capstone/code/Trail/img/archive/myntradataset/images/subset/49056.jpg,49056.jpg
17649,/Users/tanmay/Desktop/Capstone/code/Trail/img/archive/myntradataset/images/subset/17649.jpg,17649.jpg
35677,/Users/tanmay/Desktop/Capstone/code/Trail/img/archive/myntradataset/images/subset/35677.jpg,35677.jpg
14075,/Users/tanmay/Desktop/Capstone/code/Trail/img/archive/myntradataset/images/subset/14075.jpg,14075.jpg
35997,/Users/tanmay/Desktop/Capstone/code/Trail/img/archive/myntradataset/images/subset/35997.jpg,35997.jpg
44876,/Users/tanmay/Desktop/Capstone/code/Trail/img/archive/myntradataset/images/subset/44876.jpg,44876.jpg
59966,/Users/tanmay/Desktop/Capstone/code/Trail/img/archive/myntradataset/images/subset/59966.jpg,59966.jpg
52427,/Users/tanmay/Desktop/Capstone/code/Trail/img/archive/myntradataset/images/subset/52427.jpg,52427.jpg
47249,/Users/tanmay/Desktop/Capstone/code/Trail/img/archive/myntradataset/images/subset/47249.jpg,47249.jpg
24242,/Users/tanmay/Desktop/Capstone/code/Trail/img/archive/myntradataset/images/subset/24242.jpg,24242.jpg
25594,/Users/tanmay/Desktop/Capstone/code/Trail/img/archive/myntradataset/images/subset/25594.jpg,25594.jpg
5015,/Users/tanmay/Desktop/Capstone/code/Trail/img/archive/myntradataset/images/subset/5015.jpg,5015.jpg
17962,/Users/tanmay/Desktop/Capstone/code/Trail/img/archive/myntradataset/images/subset/17962.jpg,17962.jpg
32247,/Users/tanmay/Desktop/Capstone/code/Trail/img/archive/myntradataset/images/subset/32247.jpg,32247.jpg
15790,/Users/tanmay/Desktop/Capstone/code/Trail/img/archive/myntradataset/images/subset/15790.jpg,15790.jpg
7752,/Users/tanmay/Desktop/Capstone/code/Trail/img/archive/myntradataset/images/subset/7752.jpg,7752.jpg
55344,/Users/tanmay/Desktop/Capstone/code/Trail/img/archive/myntradataset/images/subset/55344.jpg,55344.jpg
52157,/Users/tanmay/Desktop/Capstone/code/Trail/img/archive/myntradataset/images/subset/52157.jpg,52157.jpg
3957,/Users/tanmay/Desktop/Capstone/code/Trail/img/archive/myntradataset/images/subset/3957.jpg,3957.jpg
47457,/Users/tanmay/Desktop/Capstone/code/Trail/img/archive/myntradataset/images/subset/47457.jpg,47457.jpg
19541,/Users/tanmay/Desktop/Capstone/code/Trail/img/archive/myntradataset/images/subset/19541.jpg,19541.jpg
20590,/Users/tanmay/Desktop/Capstone/code/Trail/img/archive/myntradataset/images/subset/20590.jpg,20590.jpg
31655,/Users/tanmay/Desktop/Capstone/code/Trail/img/archive/myntradataset/images/subset/31655.jpg,31655.jpg
24073,/Users/tanmay/Desktop/Capstone/code/Trail/img/archive/myntradataset/images/subset/24073.jpg,24073.jpg
12586,/Users/tanmay/Desktop/Capstone/code/Trail/img/archive/myntradataset/images/subset/12586.jpg,12586.jpg
15475,/Users/tanmay/Desktop/Capstone/code/Trail/img/archive/myntradataset/images/subset/15475.jpg,15475.jpg
58451,/Users/tanmay/Desktop/Capstone/code/Trail/img/archive/myntradataset/images/subset/58451.jpg,58451.jpg
32855,/Users/tanmay/Desktop/Capstone/code/Trail/img/archive/myntradataset/images/subset/32855.jpg,32855.jpg
31909,/Users/tanmay/Desktop/Capstone/code/Trail/img/archive/myntradataset/images/subset/31909.jpg,31909.jpg
47293,/Users/tanmay/Desktop/Capstone/code/Trail/img/archive/myntradataset/images/subset/47293.jpg,47293.jpg
30188,/Users/tanmay/Desktop/Capstone/code/Trail/img/archive/myntradataset/images/subset/30188.jpg,30188.jpg
42326,/Users/tanmay/Desktop/Capstone/code/Trail/img/archive/myntradataset/images/subset/42326.jpg,42326.jpg
19390,/Users/tanmay/Desktop/Capstone/code/Trail/img/archive/myntradataset/images/subset/19390.jpg,19390.jpg
57325,/Users/tanmay/Desktop/Capstone/code/Trail/img/archive/myntradataset/images/subset/57325.jpg,57325.jpg
4769,/Users/tanmay/Desktop/Capstone/code/Trail/img/archive/myntradataset/images/subset/4769.jpg,4769.jpg
45146,/Users/tanmay/Desktop/Capstone/code/Trail/img/archive/myntradataset/images/subset/45146.jpg,45146.jpg
3439,/Users/tanmay/Desktop/Capstone/code/Trail/img/archive/myntradataset/images/subset/3439.jpg,3439.jpg
3898,/Users/tanmay/Desktop/Capstone/code/Trail/img/archive/myntradataset/images/subset/3898.jpg,3898.jpg
47678,/Users/tanmay/Desktop/Capstone/code/Trail/img/archive/myntradataset/images/subset/47678.jpg,47678.jpg
46681,/Users/tanmay/Desktop/Capstone/code/Trail/img/archive/myntradataset/images/subset/46681.jpg,46681.jpg
37063,/Users/tanmay/Desktop/Capstone/code/Trail/img/archive/myntradataset/images/subset/37063.jpg,37063.jpg
8110,/Users/tanmay/Desktop/Capstone/code/Trail/img/archive/myntradataset/images/subset/8110.jpg,8110.jpg
26478,/Users/tanmay/Desktop/Capstone/code/Trail/img/archive/myntradataset/images/subset/26478.jpg,26478.jpg
57539,/Users/tanmay/Desktop/Capstone/code/Trail/img/archive/myntradataset/images/subset/57539.jpg,57539.jpg
15818,/Users/tanmay/Desktop/Capstone/code/Trail/img/archive/myntradataset/images/subset/15818.jpg,15818.jpg
55504,/Users/tanmay/Desktop/Capstone/code/Trail/img/archive/myntradataset/images/subset/55504.jpg,55504.jpg
13255,/Users/tanmay/Desktop/Capstone/code/Trail/img/archive/myntradataset/images/subset/13255.jpg,13255.jpg
4887,/Users/tanmay/Desktop/Capstone/code/Trail/img/archive/myntradataset/images/subset/4887.jpg,4887.jpg
10254,/Users/tanmay/Desktop/Capstone/code/Trail/img/archive/myntradataset/images/subset/10254.jpg,10254.jpg
13336,/Users/tanmay/Desktop/Capstone/code/Trail/img/archive/myntradataset/images/subset/13336.jpg,13336.jpg
15532,/Users/tanmay/Desktop/Capstone/code/Trail/img/archive/myntradataset/images/subset/15532.jpg,15532.jpg
22132,/Users/tanmay/Desktop/Capstone/code/Trail/img/archive/myntradataset/images/subset/22132.jpg,22132.jpg
37524,/Users/tanmay/Desktop/Capstone/code/Trail/img/archive/myntradataset/images/subset/37524.jpg,37524.jpg
27106,/Users/tanmay/Desktop/Capstone/code/Trail/img/archive/myntradataset/images/subset/27106.jpg,27106.jpg
51431,/Users/tanmay/Desktop/Capstone/code/Trail/img/archive/myntradataset/images/subset/51431.jpg,51431.jpg
14517,/Users/tanmay/Desktop/Capstone/code/Trail/img/archive/myntradataset/images/subset/14517.jpg,14517.jpg
40582,/Users/tanmay/Desktop/Capstone/code/Trail/img/archive/myntradataset/images/subset/40582.jpg,40582.jpg
40737,/Users/tanmay/Desktop/Capstone/code/Trail/img/archive/myntradataset/images/subset/40737.jpg,40737.jpg
25325,/Users/tanmay/Desktop/Capstone/code/Trail/img/archive/myntradataset/images/subset/25325.jpg,25325.jpg
40581,/Users/tanmay/Desktop/Capstone/code/Trail/img/archive/myntradataset/images/subset/40581.jpg,40581.jpg
50542,/Users/tanmay/Desktop/Capstone/code/Trail/img/archive/myntradataset/images/subset/50542.jpg,50542.jpg
53421,/Users/tanmay/Desktop/Capstone/code/Trail/img/archive/myntradataset/images/subset/53421.jpg,53421.jpg
38500,/Users/tanmay/Desktop/Capstone/code/Trail/img/archive/myntradataset/images/subset/38500.jpg,38500.jpg
48122,/Users/tanmay/Desktop/Capstone/code/Trail/img/archive/myntradataset/images/subset/48122.jpg,48122.jpg
3746,/Users/tanmay/Desktop/Capstone/code/Trail/img/archive/myntradataset/images/subset/3746.jpg,3746.jpg
5372,/Users/tanmay/Desktop/Capstone/code/Trail/img/archive/myntradataset/images/subset/5372.jpg,5372.jpg
14511,/Users/tanmay/Desktop/Capstone/code/Trail/img/archive/myntradataset/images/subset/14511.jpg,14511.jpg
38463,/Users/tanmay/Desktop/Capstone/code/Trail/img/archive/myntradataset/images/subset/38463.jpg,38463.jpg
2179,/Users/tanmay/Desktop/Capstone/code/Trail/img/archive/myntradataset/images/subset/2179.jpg,2179.jpg
12254,/Users/tanmay/Desktop/Capstone/code/Trail/img/archive/myntradataset/images/subset/12254.jpg,12254.jpg
21379,/Users/tanmay/Desktop/Capstone/code/Trail/img/archive/myntradataset/images/subset/21379.jpg,21379.jpg
29150,/Users/tanmay/Desktop/Capstone/code/Trail/img/archive/myntradataset/images/subset/29150.jpg,29150.jpg
44804,/Users/tanmay/Desktop/Capstone/code/Trail/img/archive/myntradataset/images/subset/44804.jpg,44804.jpg
32861,/Users/tanmay/Desktop/Capstone/code/Trail/img/archive/myntradataset/images/subset/32861.jpg,32861.jpg
50878,/Users/tanmay/Desktop/Capstone/code/Trail/img/archive/myntradataset/images/subset/50878.jpg,50878.jpg
33867,/Users/tanmay/Desktop/Capstone/code/Trail/img/archive/myntradataset/images/subset/33867.jpg,33867.jpg
18557,/Users/tanmay/Desktop/Capstone/code/Trail/img/archive/myntradataset/images/subset/18557.jpg,18557.jpg
18971,/Users/tanmay/Desktop/Capstone/code/Trail/img/archive/myntradataset/images/subset/18971.jpg,18971.jpg
58682,/Users/tanmay/Desktop/Capstone/code/Trail/img/archive/myntradataset/images/subset/58682.jpg,58682.jpg
44619,/Users/tanmay/Desktop/Capstone/code/Trail/img/archive/myntradataset/images/subset/44619.jpg,44619.jpg
37344,/Users/tanmay/Desktop/Capstone/code/Trail/img/archive/myntradataset/images/subset/37344.jpg,37344.jpg
57651,/Users/tanmay/Desktop/Capstone/code/Trail/img/archive/myntradataset/images/subset/57651.jpg,57651.jpg
11858,/Users/tanmay/Desktop/Capstone/code/Trail/img/archive/myntradataset/images/subset/11858.jpg,11858.jpg
57048,/Users/tanmay/Desktop/Capstone/code/Trail/img/archive/myntradataset/images/subset/57048.jpg,57048.jpg
22017,/Users/tanmay/Desktop/Capstone/code/Trail/img/archive/myntradataset/images/subset/22017.jpg,22017.jpg
36424,/Users/tanmay/Desktop/Capstone/code/Trail/img/archive/myntradataset/images/subset/36424.jpg,36424.jpg
59874,/Users/tanmay/Desktop/Capstone/code/Trail/img/archive/myntradataset/images/subset/59874.jpg,59874.jpg
8608,/Users/tanmay/Desktop/Capstone/code/Trail/img/archive/myntradataset/images/subset/8608.jpg,8608.jpg
32848,/Users/tanmay/Desktop/Capstone/code/Trail/img/archive/myntradataset/images/subset/32848.jpg,32848.jpg
2164,/Users/tanmay/Desktop/Capstone/code/Trail/img/archive/myntradataset/images/subset/2164.jpg,2164.jpg
24391,/Users/tanmay/Desktop/Capstone/code/Trail/img/archive/myntradataset/images/subset/24391.jpg,24391.jpg
33466,/Users/tanmay/Desktop/Capstone/code/Trail/img/archive/myntradataset/images/subset/33466.jpg,33466.jpg
56339,/Users/tanmay/Desktop/Capstone/code/Trail/img/archive/myntradataset/images/subset/56339.jpg,56339.jpg
55557,/Users/tanmay/Desktop/Capstone/code/Trail/img/archive/myntradataset/images/subset/55557.jpg,55557.jpg
5502,/Users/tanmay/Desktop/Capstone/code/Trail/img/archive/myntradataset/images/subset/5502.jpg,5502.jpg
28409,/Users/tanmay/Desktop/Capstone/code/Trail/img/archive/myntradataset/images/subset/28409.jpg,28409.jpg
47039,/Users/tanmay/Desktop/Capstone/code/Trail/img/archive/myntradataset/images/subset/47039.jpg,47039.jpg
15044,/Users/tanmay/Desktop/Capstone/code/Trail/img/archive/myntradataset/images/subset/15044.jpg,15044.jpg
26026,/Users/tanmay/Desktop/Capstone/code/Trail/img/archive/myntradataset/images/subset/26026.jpg,26026.jpg
12229,/Users/tanmay/Desktop/Capstone/code/Trail/img/archive/myntradataset/images/subset/12229.jpg,12229.jpg
49326,/Users/tanmay/Desktop/Capstone/code/Trail/img/archive/myntradataset/images/subset/49326.jpg,49326.jpg
13915,/Users/tanmay/Desktop/Capstone/code/Trail/img/archive/myntradataset/images/subset/13915.jpg,13915.jpg
24607,/Users/tanmay/Desktop/Capstone/code/Trail/img/archive/myntradataset/images/subset/24607.jpg,24607.jpg
26538,/Users/tanmay/Desktop/Capstone/code/Trail/img/archive/myntradataset/images/subset/26538.jpg,26538.jpg
11231,/Users/tanmay/Desktop/Capstone/code/Trail/img/archive/myntradataset/images/subset/11231.jpg,11231.jpg
2060,/Users/tanmay/Desktop/Capstone/code/Trail/img/archive/myntradataset/images/subset/2060.jpg,2060.jpg
14620,/Users/tanmay/Desktop/Capstone/code/Trail/img/archive/myntradataset/images/subset/14620.jpg,14620.jpg
13639,/Users/tanmay/Desktop/Capstone/code/Trail/img/archive/myntradataset/images/subset/13639.jpg,13639.jpg
33098,/Users/tanmay/Desktop/Capstone/code/Trail/img/archive/myntradataset/images/subset/33098.jpg,33098.jpg
48483,/Users/tanmay/Desktop/Capstone/code/Trail/img/archive/myntradataset/images/subset/48483.jpg,48483.jpg
33555,/Users/tanmay/Desktop/Capstone/code/Trail/img/archive/myntradataset/images/subset/33555.jpg,33555.jpg
10576,/Users/tanmay/Desktop/Capstone/code/Trail/img/archive/myntradataset/images/subset/10576.jpg,10576.jpg
39252,/Users/tanmay/Desktop/Capstone/code/Trail/img/archive/myntradataset/images/subset/39252.jpg,39252.jpg
12567,/Users/tanmay/Desktop/Capstone/code/Trail/img/archive/myntradataset/images/subset/12567.jpg,12567.jpg
53140,/Users/tanmay/Desktop/Capstone/code/Trail/img/archive/myntradataset/images/subset/53140.jpg,53140.jpg
19398,/Users/tanmay/Desktop/Capstone/code/Trail/img/archive/myntradataset/images/subset/19398.jpg,19398.jpg
17137,/Users/tanmay/Desktop/Capstone/code/Trail/img/archive/myntradataset/images/subset/17137.jpg,17137.jpg
33748,/Users/tanmay/Desktop/Capstone/code/Trail/img/archive/myntradataset/images/subset/33748.jpg,33748.jpg
26856,/Users/tanmay/Desktop/Capstone/code/Trail/img/archive/myntradataset/images/subset/26856.jpg,26856.jpg
25280,/Users/tanmay/Desktop/Capstone/code/Trail/img/archive/myntradataset/images/subset/25280.jpg,25280.jpg
29492,/Users/tanmay/Desktop/Capstone/code/Trail/img/archive/myntradataset/images/subset/29492.jpg,29492.jpg
46017,/Users/tanmay/Desktop/Capstone/code/Trail/img/archive/myntradataset/images/subset/46017.jpg,46017.jpg
31244,/Users/tanmay/Desktop/Capstone/code/Trail/img/archive/myntradataset/images/subset/31244.jpg,31244.jpg
18092,/Users/tanmay/Desktop/Capstone/code/Trail/img/archive/myntradataset/images/subset/18092.jpg,18092.jpg
54869,/Users/tanmay/Desktop/Capstone/code/Trail/img/archive/myntradataset/images/subset/54869.jpg,54869.jpg
27494,/Users/tanmay/Desktop/Capstone/code/Trail/img/archive/myntradataset/images/subset/27494.jpg,27494.jpg
9334,/Users/tanmay/Desktop/Capstone/code/Trail/img/archive/myntradataset/images/subset/9334.jpg,9334.jpg
26993,/Users/tanmay/Desktop/Capstone/code/Trail/img/archive/myntradataset/images/subset/26993.jpg,26993.jpg
49521,/Users/tanmay/Desktop/Capstone/code/Trail/img/archive/myntradataset/images/subset/49521.jpg,49521.jpg
56464,/Users/tanmay/Desktop/Capstone/code/Trail/img/archive/myntradataset/images/subset/56464.jpg,56464.jpg
14948,/Users/tanmay/Desktop/Capstone/code/Trail/img/archive/myntradataset/images/subset/14948.jpg,14948.jpg
57697,/Users/tanmay/Desktop/Capstone/code/Trail/img/archive/myntradataset/images/subset/57697.jpg,57697.jpg
4210,/Users/tanmay/Desktop/Capstone/code/Trail/img/archive/myntradataset/images/subset/4210.jpg,4210.jpg
6341,/Users/tanmay/Desktop/Capstone/code/Trail/img/archive/myntradataset/images/subset/6341.jpg,6341.jpg
54561,/Users/tanmay/Desktop/Capstone/code/Trail/img/archive/myntradataset/images/subset/54561.jpg,54561.jpg
56038,/Users/tanmay/Desktop/Capstone/code/Trail/img/archive/myntradataset/images/subset/56038.jpg,56038.jpg
34562,/Users/tanmay/Desktop/Capstone/code/Trail/img/archive/myntradataset/images/subset/34562.jpg,34562.jpg
32238,/Users/tanmay/Desktop/Capstone/code/Trail/img/archive/myntradataset/images/subset/32238.jpg,32238.jpg
22947,/Users/tanmay/Desktop/Capstone/code/Trail/img/archive/myntradataset/images/subset/22947.jpg,22947.jpg
1892,/Users/tanmay/Desktop/Capstone/code/Trail/img/archive/myntradataset/images/subset/1892.jpg,1892.jpg
8483,/Users/tanmay/Desktop/Capstone/code/Trail/img/archive/myntradataset/images/subset/8483.jpg,8483.jpg
17930,/Users/tanmay/Desktop/Capstone/code/Trail/img/archive/myntradataset/images/subset/17930.jpg,17930.jpg
39856,/Users/tanmay/Desktop/Capstone/code/Trail/img/archive/myntradataset/images/subset/39856.jpg,39856.jpg
5423,/Users/tanmay/Desktop/Capstone/code/Trail/img/archive/myntradataset/images/subset/5423.jpg,5423.jpg
13996,/Users/tanmay/Desktop/Capstone/code/Trail/img/archive/myntradataset/images/subset/13996.jpg,13996.jpg
9092,/Users/tanmay/Desktop/Capstone/code/Trail/img/archive/myntradataset/images/subset/9092.jpg,9092.jpg
18989,/Users/tanmay/Desktop/Capstone/code/Trail/img/archive/myntradataset/images/subset/18989.jpg,18989.jpg
29937,/Users/tanmay/Desktop/Capstone/code/Trail/img/archive/myntradataset/images/subset/29937.jpg,29937.jpg
1907,/Users/tanmay/Desktop/Capstone/code/Trail/img/archive/myntradataset/images/subset/1907.jpg,1907.jpg
20951,/Users/tanmay/Desktop/Capstone/code/Trail/img/archive/myntradataset/images/subset/20951.jpg,20951.jpg
33535,/Users/tanmay/Desktop/Capstone/code/Trail/img/archive/myntradataset/images/subset/33535.jpg,33535.jpg
3551,/Users/tanmay/Desktop/Capstone/code/Trail/img/archive/myntradataset/images/subset/3551.jpg,3551.jpg
54125,/Users/tanmay/Desktop/Capstone/code/Trail/img/archive/myntradataset/images/subset/54125.jpg,54125.jpg
34070,/Users/tanmay/Desktop/Capstone/code/Trail/img/archive/myntradataset/images/subset/34070.jpg,34070.jpg
25037,/Users/tanmay/Desktop/Capstone/code/Trail/img/archive/myntradataset/images/subset/25037.jpg,25037.jpg
58681,/Users/tanmay/Desktop/Capstone/code/Trail/img/archive/myntradataset/images/subset/58681.jpg,58681.jpg
13560,/Users/tanmay/Desktop/Capstone/code/Trail/img/archive/myntradataset/images/subset/13560.jpg,13560.jpg
4986,/Users/tanmay/Desktop/Capstone/code/Trail/img/archive/myntradataset/images/subset/4986.jpg,4986.jpg
24784,/Users/tanmay/Desktop/Capstone/code/Trail/img/archive/myntradataset/images/subset/24784.jpg,24784.jpg
39979,/Users/tanmay/Desktop/Capstone/code/Trail/img/archive/myntradataset/images/subset/39979.jpg,39979.jpg
47652,/Users/tanmay/Desktop/Capstone/code/Trail/img/archive/myntradataset/images/subset/47652.jpg,47652.jpg
10783,/Users/tanmay/Desktop/Capstone/code/Trail/img/archive/myntradataset/images/subset/10783.jpg,10783.jpg
6067,/Users/tanmay/Desktop/Capstone/code/Trail/img/archive/myntradataset/images/subset/6067.jpg,6067.jpg
38543,/Users/tanmay/Desktop/Capstone/code/Trail/img/archive/myntradataset/images/subset/38543.jpg,38543.jpg
20512,/Users/tanmay/Desktop/Capstone/code/Trail/img/archive/myntradataset/images/subset/20512.jpg,20512.jpg
33263,/Users/tanmay/Desktop/Capstone/code/Trail/img/archive/myntradataset/images/subset/33263.jpg,33263.jpg
5962,/Users/tanmay/Desktop/Capstone/code/Trail/img/archive/myntradataset/images/subset/5962.jpg,5962.jpg
53863,/Users/tanmay/Desktop/Capstone/code/Trail/img/archive/myntradataset/images/subset/53863.jpg,53863.jpg
11138,/Users/tanmay/Desktop/Capstone/code/Trail/img/archive/myntradataset/images/subset/11138.jpg,11138.jpg
34206,/Users/tanmay/Desktop/Capstone/code/Trail/img/archive/myntradataset/images/subset/34206.jpg,34206.jpg
41433,/Users/tanmay/Desktop/Capstone/code/Trail/img/archive/myntradataset/images/subset/41433.jpg,41433.jpg
27561,/Users/tanmay/Desktop/Capstone/code/Trail/img/archive/myntradataset/images/subset/27561.jpg,27561.jpg
20317,/Users/tanmay/Desktop/Capstone/code/Trail/img/archive/myntradataset/images/subset/20317.jpg,20317.jpg
58660,/Users/tanmay/Desktop/Capstone/code/Trail/img/archive/myntradataset/images/subset/58660.jpg,58660.jpg
15972,/Users/tanmay/Desktop/Capstone/code/Trail/img/archive/myntradataset/images/subset/15972.jpg,15972.jpg
45113,/Users/tanmay/Desktop/Capstone/code/Trail/img/archive/myntradataset/images/subset/45113.jpg,45113.jpg
30862,/Users/tanmay/Desktop/Capstone/code/Trail/img/archive/myntradataset/images/subset/30862.jpg,30862.jpg
16546,/Users/tanmay/Desktop/Capstone/code/Trail/img/archive/myntradataset/images/subset/16546.jpg,16546.jpg
24872,/Users/tanmay/Desktop/Capstone/code/Trail/img/archive/myntradataset/images/subset/24872.jpg,24872.jpg
51769,/Users/tanmay/Desktop/Capstone/code/Trail/img/archive/myntradataset/images/subset/51769.jpg,51769.jpg
51316,/Users/tanmay/Desktop/Capstone/code/Trail/img/archive/myntradataset/images/subset/51316.jpg,51316.jpg
46883,/Users/tanmay/Desktop/Capstone/code/Trail/img/archive/myntradataset/images/subset/46883.jpg,46883.jpg
48580,/Users/tanmay/Desktop/Capstone/code/Trail/img/archive/myntradataset/images/subset/48580.jpg,48580.jpg
37300,/Users/tanmay/Desktop/Capstone/code/Trail/img/archive/myntradataset/images/subset/37300.jpg,37300.jpg
54018,/Users/tanmay/Desktop/Capstone/code/Trail/img/archive/myntradataset/images/subset/54018.jpg,54018.jpg
39902,/Users/tanmay/Desktop/Capstone/code/Trail/img/archive/myntradataset/images/subset/39902.jpg,39902.jpg
20124,/Users/tanmay/Desktop/Capstone/code/Trail/img/archive/myntradataset/images/subset/20124.jpg,20124.jpg
59780,/Users/tanmay/Desktop/Capstone/code/Trail/img/archive/myntradataset/images/subset/59780.jpg,59780.jpg
43509,/Users/tanmay/Desktop/Capstone/code/Trail/img/archive/myntradataset/images/subset/43509.jpg,43509.jpg
4060,/Users/tanmay/Desktop/Capstone/code/Trail/img/archive/myntradataset/images/subset/4060.jpg,4060.jpg
23650,/Users/tanmay/Desktop/Capstone/code/Trail/img/archive/myntradataset/images/subset/23650.jpg,23650.jpg
25996,/Users/tanmay/Desktop/Capstone/code/Trail/img/archive/myntradataset/images/subset/25996.jpg,25996.jpg
30959,/Users/tanmay/Desktop/Capstone/code/Trail/img/archive/myntradataset/images/subset/30959.jpg,30959.jpg
4512,/Users/tanmay/Desktop/Capstone/code/Trail/img/archive/myntradataset/images/subset/4512.jpg,4512.jpg
13036,/Users/tanmay/Desktop/Capstone/code/Trail/img/archive/myntradataset/images/subset/13036.jpg,13036.jpg
54095,/Users/tanmay/Desktop/Capstone/code/Trail/img/archive/myntradataset/images/subset/54095.jpg,54095.jpg
35777,/Users/tanmay/Desktop/Capstone/code/Trail/img/archive/myntradataset/images/subset/35777.jpg,35777.jpg
22172,/Users/tanmay/Desktop/Capstone/code/Trail/img/archive/myntradataset/images/subset/22172.jpg,22172.jpg
2370,/Users/tanmay/Desktop/Capstone/code/Trail/img/archive/myntradataset/images/subset/2370.jpg,2370.jpg
33386,/Users/tanmay/Desktop/Capstone/code/Trail/img/archive/myntradataset/images/subset/33386.jpg,33386.jpg
30160,/Users/tanmay/Desktop/Capstone/code/Trail/img/archive/myntradataset/images/subset/30160.jpg,30160.jpg
58539,/Users/tanmay/Desktop/Capstone/code/Trail/img/archive/myntradataset/images/subset/58539.jpg,58539.jpg
32032,/Users/tanmay/Desktop/Capstone/code/Trail/img/archive/myntradataset/images/subset/32032.jpg,32032.jpg
57691,/Users/tanmay/Desktop/Capstone/code/Trail/img/archive/myntradataset/images/subset/57691.jpg,57691.jpg
57331,/Users/tanmay/Desktop/Capstone/code/Trail/img/archive/myntradataset/images/subset/57331.jpg,57331.jpg
3500,/Users/tanmay/Desktop/Capstone/code/Trail/img/archive/myntradataset/images/subset/3500.jpg,3500.jpg
33538,/Users/tanmay/Desktop/Capstone/code/Trail/img/archive/myntradataset/images/subset/33538.jpg,33538.jpg
39275,/Users/tanmay/Desktop/Capstone/code/Trail/img/archive/myntradataset/images/subset/39275.jpg,39275.jpg
24116,/Users/tanmay/Desktop/Capstone/code/Trail/img/archive/myntradataset/images/subset/24116.jpg,24116.jpg
38961,/Users/tanmay/Desktop/Capstone/code/Trail/img/archive/myntradataset/images/subset/38961.jpg,38961.jpg
52952,/Users/tanmay/Desktop/Capstone/code/Trail/img/archive/myntradataset/images/subset/52952.jpg,52952.jpg
27867,/Users/tanmay/Desktop/Capstone/code/Trail/img/archive/myntradataset/images/subset/27867.jpg,27867.jpg
26328,/Users/tanmay/Desktop/Capstone/code/Trail/img/archive/myntradataset/images/subset/26328.jpg,26328.jpg
25606,/Users/tanmay/Desktop/Capstone/code/Trail/img/archive/myntradataset/images/subset/25606.jpg,25606.jpg
11466,/Users/tanmay/Desktop/Capstone/code/Trail/img/archive/myntradataset/images/subset/11466.jpg,11466.jpg
48193,/Users/tanmay/Desktop/Capstone/code/Trail/img/archive/myntradataset/images/subset/48193.jpg,48193.jpg
27887,/Users/tanmay/Desktop/Capstone/code/Trail/img/archive/myntradataset/images/subset/27887.jpg,27887.jpg
49913,/Users/tanmay/Desktop/Capstone/code/Trail/img/archive/myntradataset/images/subset/49913.jpg,49913.jpg
6584,/Users/tanmay/Desktop/Capstone/code/Trail/img/archive/myntradataset/images/subset/6584.jpg,6584.jpg
5806,/Users/tanmay/Desktop/Capstone/code/Trail/img/archive/myntradataset/images/subset/5806.jpg,5806.jpg
40789,/Users/tanmay/Desktop/Capstone/code/Trail/img/archive/myntradataset/images/subset/40789.jpg,40789.jpg
36757,/Users/tanmay/Desktop/Capstone/code/Trail/img/archive/myntradataset/images/subset/36757.jpg,36757.jpg
6171,/Users/tanmay/Desktop/Capstone/code/Trail/img/archive/myntradataset/images/subset/6171.jpg,6171.jpg
5471,/Users/tanmay/Desktop/Capstone/code/Trail/img/archive/myntradataset/images/subset/5471.jpg,5471.jpg
42853,/Users/tanmay/Desktop/Capstone/code/Trail/img/archive/myntradataset/images/subset/42853.jpg,42853.jpg
16048,/Users/tanmay/Desktop/Capstone/code/Trail/img/archive/myntradataset/images/subset/16048.jpg,16048.jpg
37584,/Users/tanmay/Desktop/Capstone/code/Trail/img/archive/myntradataset/images/subset/37584.jpg,37584.jpg
2971,/Users/tanmay/Desktop/Capstone/code/Trail/img/archive/myntradataset/images/subset/2971.jpg,2971.jpg
9453,/Users/tanmay/Desktop/Capstone/code/Trail/img/archive/myntradataset/images/subset/9453.jpg,9453.jpg
28133,/Users/tanmay/Desktop/Capstone/code/Trail/img/archive/myntradataset/images/subset/28133.jpg,28133.jpg
3734,/Users/tanmay/Desktop/Capstone/code/Trail/img/archive/myntradataset/images/subset/3734.jpg,3734.jpg
14295,/Users/tanmay/Desktop/Capstone/code/Trail/img/archive/myntradataset/images/subset/14295.jpg,14295.jpg
28399,/Users/tanmay/Desktop/Capstone/code/Trail/img/archive/myntradataset/images/subset/28399.jpg,28399.jpg
15675,/Users/tanmay/Desktop/Capstone/code/Trail/img/archive/myntradataset/images/subset/15675.jpg,15675.jpg
15964,/Users/tanmay/Desktop/Capstone/code/Trail/img/archive/myntradataset/images/subset/15964.jpg,15964.jpg
7851,/Users/tanmay/Desktop/Capstone/code/Trail/img/archive/myntradataset/images/subset/7851.jpg,7851.jpg
6068,/Users/tanmay/Desktop/Capstone/code/Trail/img/archive/myntradataset/images/subset/6068.jpg,6068.jpg
16760,/Users/tanmay/Desktop/Capstone/code/Trail/img/archive/myntradataset/images/subset/16760.jpg,16760.jpg
15546,/Users/tanmay/Desktop/Capstone/code/Trail/img/archive/myntradataset/images/subset/15546.jpg,15546.jpg
14414,/Users/tanmay/Desktop/Capstone/code/Trail/img/archive/myntradataset/images/subset/14414.jpg,14414.jpg
46029,/Users/tanmay/Desktop/Capstone/code/Trail/img/archive/myntradataset/images/subset/46029.jpg,46029.jpg
50162,/Users/tanmay/Desktop/Capstone/code/Trail/img/archive/myntradataset/images/subset/50162.jpg,50162.jpg
18030,/Users/tanmay/Desktop/Capstone/code/Trail/img/archive/myntradataset/images/subset/18030.jpg,18030.jpg
6743,/Users/tanmay/Desktop/Capstone/code/Trail/img/archive/myntradataset/images/subset/6743.jpg,6743.jpg
6613,/Users/tanmay/Desktop/Capstone/code/Trail/img/archive/myntradataset/images/subset/6613.jpg,6613.jpg
43041,/Users/tanmay/Desktop/Capstone/code/Trail/img/archive/myntradataset/images/subset/43041.jpg,43041.jpg
29605,/Users/tanmay/Desktop/Capstone/code/Trail/img/archive/myntradataset/images/subset/29605.jpg,29605.jpg
34554,/Users/tanmay/Desktop/Capstone/code/Trail/img/archive/myntradataset/images/subset/34554.jpg,34554.jpg
12590,/Users/tanmay/Desktop/Capstone/code/Trail/img/archive/myntradataset/images/subset/12590.jpg,12590.jpg
5196,/Users/tanmay/Desktop/Capstone/code/Trail/img/archive/myntradataset/images/subset/5196.jpg,5196.jpg
36400,/Users/tanmay/Desktop/Capstone/code/Trail/img/archive/myntradataset/images/subset/36400.jpg,36400.jpg
6561,/Users/tanmay/Desktop/Capstone/code/Trail/img/archive/myntradataset/images/subset/6561.jpg,6561.jpg
17983,/Users/tanmay/Desktop/Capstone/code/Trail/img/archive/myntradataset/images/subset/17983.jpg,17983.jpg
42322,/Users/tanmay/Desktop/Capstone/code/Trail/img/archive/myntradataset/images/subset/42322.jpg,42322.jpg
16399,/Users/tanmay/Desktop/Capstone/code/Trail/img/archive/myntradataset/images/subset/16399.jpg,16399.jpg
57321,/Users/tanmay/Desktop/Capstone/code/Trail/img/archive/myntradataset/images/subset/57321.jpg,57321.jpg
7863,/Users/tanmay/Desktop/Capstone/code/Trail/img/archive/myntradataset/images/subset/7863.jpg,7863.jpg
17865,/Users/tanmay/Desktop/Capstone/code/Trail/img/archive/myntradataset/images/subset/17865.jpg,17865.jpg
50562,/Users/tanmay/Desktop/Capstone/code/Trail/img/archive/myntradataset/images/subset/50562.jpg,50562.jpg
15787,/Users/tanmay/Desktop/Capstone/code/Trail/img/archive/myntradataset/images/subset/15787.jpg,15787.jpg
5230,/Users/tanmay/Desktop/Capstone/code/Trail/img/archive/myntradataset/images/subset/5230.jpg,5230.jpg
48509,/Users/tanmay/Desktop/Capstone/code/Trail/img/archive/myntradataset/images/subset/48509.jpg,48509.jpg
4493,/Users/tanmay/Desktop/Capstone/code/Trail/img/archive/myntradataset/images/subset/4493.jpg,4493.jpg
8346,/Users/tanmay/Desktop/Capstone/code/Trail/img/archive/myntradataset/images/subset/8346.jpg,8346.jpg
14028,/Users/tanmay/Desktop/Capstone/code/Trail/img/archive/myntradataset/images/subset/14028.jpg,14028.jpg
9107,/Users/tanmay/Desktop/Capstone/code/Trail/img/archive/myntradataset/images/subset/9107.jpg,9107.jpg
57333,/Users/tanmay/Desktop/Capstone/code/Trail/img/archive/myntradataset/images/subset/57333.jpg,57333.jpg
31161,/Users/tanmay/Desktop/Capstone/code/Trail/img/archive/myntradataset/images/subset/31161.jpg,31161.jpg
42811,/Users/tanmay/Desktop/Capstone/code/Trail/img/archive/myntradataset/images/subset/42811.jpg,42811.jpg
18266,/Users/tanmay/Desktop/Capstone/code/Trail/img/archive/myntradataset/images/subset/18266.jpg,18266.jpg
6939,/Users/tanmay/Desktop/Capstone/code/Trail/img/archive/myntradataset/images/subset/6939.jpg,6939.jpg
27110,/Users/tanmay/Desktop/Capstone/code/Trail/img/archive/myntradataset/images/subset/27110.jpg,27110.jpg
54938,/Users/tanmay/Desktop/Capstone/code/Trail/img/archive/myntradataset/images/subset/54938.jpg,54938.jpg
18606,/Users/tanmay/Desktop/Capstone/code/Trail/img/archive/myntradataset/images/subset/18606.jpg,18606.jpg
31834,/Users/tanmay/Desktop/Capstone/code/Trail/img/archive/myntradataset/images/subset/31834.jpg,31834.jpg
23500,/Users/tanmay/Desktop/Capstone/code/Trail/img/archive/myntradataset/images/subset/23500.jpg,23500.jpg
34074,/Users/tanmay/Desktop/Capstone/code/Trail/img/archive/myntradataset/images/subset/34074.jpg,34074.jpg
27272,/Users/tanmay/Desktop/Capstone/code/Trail/img/archive/myntradataset/images/subset/27272.jpg,27272.jpg
21260,/Users/tanmay/Desktop/Capstone/code/Trail/img/archive/myntradataset/images/subset/21260.jpg,21260.jpg
5994,/Users/tanmay/Desktop/Capstone/code/Trail/img/archive/myntradataset/images/subset/5994.jpg,5994.jpg
18257,/Users/tanmay/Desktop/Capstone/code/Trail/img/archive/myntradataset/images/subset/18257.jpg,18257.jpg
38037,/Users/tanmay/Desktop/Capstone/code/Trail/img/archive/myntradataset/images/subset/38037.jpg,38037.jpg
55577,/Users/tanmay/Desktop/Capstone/code/Trail/img/archive/myntradataset/images/subset/55577.jpg,55577.jpg
42026,/Users/tanmay/Desktop/Capstone/code/Trail/img/archive/myntradataset/images/subset/42026.jpg,42026.jpg
39370,/Users/tanmay/Desktop/Capstone/code/Trail/img/archive/myntradataset/images/subset/39370.jpg,39370.jpg
20496,/Users/tanmay/Desktop/Capstone/code/Trail/img/archive/myntradataset/images/subset/20496.jpg,20496.jpg
18455,/Users/tanmay/Desktop/Capstone/code/Trail/img/archive/myntradataset/images/subset/18455.jpg,18455.jpg
2109,/Users/tanmay/Desktop/Capstone/code/Trail/img/archive/myntradataset/images/subset/2109.jpg,2109.jpg
15706,/Users/tanmay/Desktop/Capstone/code/Trail/img/archive/myntradataset/images/subset/15706.jpg,15706.jpg
40245,/Users/tanmay/Desktop/Capstone/code/Trail/img/archive/myntradataset/images/subset/40245.jpg,40245.jpg
31255,/Users/tanmay/Desktop/Capstone/code/Trail/img/archive/myntradataset/images/subset/31255.jpg,31255.jpg
35927,/Users/tanmay/Desktop/Capstone/code/Trail/img/archive/myntradataset/images/subset/35927.jpg,35927.jpg
23774,/Users/tanmay/Desktop/Capstone/code/Trail/img/archive/myntradataset/images/subset/23774.jpg,23774.jpg
36415,/Users/tanmay/Desktop/Capstone/code/Trail/img/archive/myntradataset/images/subset/36415.jpg,36415.jpg
49616,/Users/tanmay/Desktop/Capstone/code/Trail/img/archive/myntradataset/images/subset/49616.jpg,49616.jpg
10770,/Users/tanmay/Desktop/Capstone/code/Trail/img/archive/myntradataset/images/subset/10770.jpg,10770.jpg
31078,/Users/tanmay/Desktop/Capstone/code/Trail/img/archive/myntradataset/images/subset/31078.jpg,31078.jpg
50776,/Users/tanmay/Desktop/Capstone/code/Trail/img/archive/myntradataset/images/subset/50776.jpg,50776.jpg
2830,/Users/tanmay/Desktop/Capstone/code/Trail/img/archive/myntradataset/images/subset/2830.jpg,2830.jpg
51694,/Users/tanmay/Desktop/Capstone/code/Trail/img/archive/myntradataset/images/subset/51694.jpg,51694.jpg
35135,/Users/tanmay/Desktop/Capstone/code/Trail/img/archive/myntradataset/images/subset/35135.jpg,35135.jpg
56927,/Users/tanmay/Desktop/Capstone/code/Trail/img/archive/myntradataset/images/subset/56927.jpg,56927.jpg
57195,/Users/tanmay/Desktop/Capstone/code/Trail/img/archive/myntradataset/images/subset/57195.jpg,57195.jpg
30012,/Users/tanmay/Desktop/Capstone/code/Trail/img/archive/myntradataset/images/subset/30012.jpg,30012.jpg
4129,/Users/tanmay/Desktop/Capstone/code/Trail/img/archive/myntradataset/images/subset/4129.jpg,4129.jpg
34158,/Users/tanmay/Desktop/Capstone/code/Trail/img/archive/myntradataset/images/subset/34158.jpg,34158.jpg
59441,/Users/tanmay/Desktop/Capstone/code/Trail/img/archive/myntradataset/images/subset/59441.jpg,59441.jpg
38601,/Users/tanmay/Desktop/Capstone/code/Trail/img/archive/myntradataset/images/subset/38601.jpg,38601.jpg
25291,/Users/tanmay/Desktop/Capstone/code/Trail/img/archive/myntradataset/images/subset/25291.jpg,25291.jpg
41725,/Users/tanmay/Desktop/Capstone/code/Trail/img/archive/myntradataset/images/subset/41725.jpg,41725.jpg
41264,/Users/tanmay/Desktop/Capstone/code/Trail/img/archive/myntradataset/images/subset/41264.jpg,41264.jpg
55527,/Users/tanmay/Desktop/Capstone/code/Trail/img/archive/myntradataset/images/subset/55527.jpg,55527.jpg
28978,/Users/tanmay/Desktop/Capstone/code/Trail/img/archive/myntradataset/images/subset/28978.jpg,28978.jpg
5493,/Users/tanmay/Desktop/Capstone/code/Trail/img/archive/myntradataset/images/subset/5493.jpg,5493.jpg
6200,/Users/tanmay/Desktop/Capstone/code/Trail/img/archive/myntradataset/images/subset/6200.jpg,6200.jpg
1648,/Users/tanmay/Desktop/Capstone/code/Trail/img/archive/myntradataset/images/subset/1648.jpg,1648.jpg
13542,/Users/tanmay/Desktop/Capstone/code/Trail/img/archive/myntradataset/images/subset/13542.jpg,13542.jpg
57477,/Users/tanmay/Desktop/Capstone/code/Trail/img/archive/myntradataset/images/subset/57477.jpg,57477.jpg
16631,/Users/tanmay/Desktop/Capstone/code/Trail/img/archive/myntradataset/images/subset/16631.jpg,16631.jpg
44400,/Users/tanmay/Desktop/Capstone/code/Trail/img/archive/myntradataset/images/subset/44400.jpg,44400.jpg
44202,/Users/tanmay/Desktop/Capstone/code/Trail/img/archive/myntradataset/images/subset/44202.jpg,44202.jpg
17172,/Users/tanmay/Desktop/Capstone/code/Trail/img/archive/myntradataset/images/subset/17172.jpg,17172.jpg
41331,/Users/tanmay/Desktop/Capstone/code/Trail/img/archive/myntradataset/images/subset/41331.jpg,41331.jpg
50583,/Users/tanmay/Desktop/Capstone/code/Trail/img/archive/myntradataset/images/subset/50583.jpg,50583.jpg
22048,/Users/tanmay/Desktop/Capstone/code/Trail/img/archive/myntradataset/images/subset/22048.jpg,22048.jpg
5583,/Users/tanmay/Desktop/Capstone/code/Trail/img/archive/myntradataset/images/subset/5583.jpg,5583.jpg
4563,/Users/tanmay/Desktop/Capstone/code/Trail/img/archive/myntradataset/images/subset/4563.jpg,4563.jpg
24467,/Users/tanmay/Desktop/Capstone/code/Trail/img/archive/myntradataset/images/subset/24467.jpg,24467.jpg
37484,/Users/tanmay/Desktop/Capstone/code/Trail/img/archive/myntradataset/images/subset/37484.jpg,37484.jpg
55530,/Users/tanmay/Desktop/Capstone/code/Trail/img/archive/myntradataset/images/subset/55530.jpg,55530.jpg
37289,/Users/tanmay/Desktop/Capstone/code/Trail/img/archive/myntradataset/images/subset/37289.jpg,37289.jpg
40787,/Users/tanmay/Desktop/Capstone/code/Trail/img/archive/myntradataset/images/subset/40787.jpg,40787.jpg
1848,/Users/tanmay/Desktop/Capstone/code/Trail/img/archive/myntradataset/images/subset/1848.jpg,1848.jpg
13553,/Users/tanmay/Desktop/Capstone/code/Trail/img/archive/myntradataset/images/subset/13553.jpg,13553.jpg
16536,/Users/tanmay/Desktop/Capstone/code/Trail/img/archive/myntradataset/images/subset/16536.jpg,16536.jpg
4486,/Users/tanmay/Desktop/Capstone/code/Trail/img/archive/myntradataset/images/subset/4486.jpg,4486.jpg
48462,/Users/tanmay/Desktop/Capstone/code/Trail/img/archive/myntradataset/images/subset/48462.jpg,48462.jpg
17834,/Users/tanmay/Desktop/Capstone/code/Trail/img/archive/myntradataset/images/subset/17834.jpg,17834.jpg
47352,/Users/tanmay/Desktop/Capstone/code/Trail/img/archive/myntradataset/images/subset/47352.jpg,47352.jpg
12271,/Users/tanmay/Desktop/Capstone/code/Trail/img/archive/myntradataset/images/subset/12271.jpg,12271.jpg
8308,/Users/tanmay/Desktop/Capstone/code/Trail/img/archive/myntradataset/images/subset/8308.jpg,8308.jpg
49559,/Users/tanmay/Desktop/Capstone/code/Trail/img/archive/myntradataset/images/subset/49559.jpg,49559.jpg
58537,/Users/tanmay/Desktop/Capstone/code/Trail/img/archive/myntradataset/images/subset/58537.jpg,58537.jpg
58086,/Users/tanmay/Desktop/Capstone/code/Trail/img/archive/myntradataset/images/subset/58086.jpg,58086.jpg
6625,/Users/tanmay/Desktop/Capstone/code/Trail/img/archive/myntradataset/images/subset/6625.jpg,6625.jpg
52499,/Users/tanmay/Desktop/Capstone/code/Trail/img/archive/myntradataset/images/subset/52499.jpg,52499.jpg
27732,/Users/tanmay/Desktop/Capstone/code/Trail/img/archive/myntradataset/images/subset/27732.jpg,27732.jpg
14980,/Users/tanmay/Desktop/Capstone/code/Trail/img/archive/myntradataset/images/subset/14980.jpg,14980.jpg
21166,/Users/tanmay/Desktop/Capstone/code/Trail/img/archive/myntradataset/images/subset/21166.jpg,21166.jpg
57986,/Users/tanmay/Desktop/Capstone/code/Trail/img/archive/myntradataset/images/subset/57986.jpg,57986.jpg
20155,/Users/tanmay/Desktop/Capstone/code/Trail/img/archive/myntradataset/images/subset/20155.jpg,20155.jpg
42802,/Users/tanmay/Desktop/Capstone/code/Trail/img/archive/myntradataset/images/subset/42802.jpg,42802.jpg
21843,/Users/tanmay/Desktop/Capstone/code/Trail/img/archive/myntradataset/images/subset/21843.jpg,21843.jpg
18762,/Users/tanmay/Desktop/Capstone/code/Trail/img/archive/myntradataset/images/subset/18762.jpg,18762.jpg
53049,/Users/tanmay/Desktop/Capstone/code/Trail/img/archive/myntradataset/images/subset/53049.jpg,53049.jpg
29048,/Users/tanmay/Desktop/Capstone/code/Trail/img/archive/myntradataset/images/subset/29048.jpg,29048.jpg
9025,/Users/tanmay/Desktop/Capstone/code/Trail/img/archive/myntradataset/images/subset/9025.jpg,9025.jpg
35262,/Users/tanmay/Desktop/Capstone/code/Trail/img/archive/myntradataset/images/subset/35262.jpg,35262.jpg
19365,/Users/tanmay/Desktop/Capstone/code/Trail/img/archive/myntradataset/images/subset/19365.jpg,19365.jpg
52654,/Users/tanmay/Desktop/Capstone/code/Trail/img/archive/myntradataset/images/subset/52654.jpg,52654.jpg
57532,/Users/tanmay/Desktop/Capstone/code/Trail/img/archive/myntradataset/images/subset/57532.jpg,57532.jpg
18059,/Users/tanmay/Desktop/Capstone/code/Trail/img/archive/myntradataset/images/subset/18059.jpg,18059.jpg
2201,/Users/tanmay/Desktop/Capstone/code/Trail/img/archive/myntradataset/images/subset/2201.jpg,2201.jpg
8207,/Users/tanmay/Desktop/Capstone/code/Trail/img/archive/myntradataset/images/subset/8207.jpg,8207.jpg
32945,/Users/tanmay/Desktop/Capstone/code/Trail/img/archive/myntradataset/images/subset/32945.jpg,32945.jpg
47329,/Users/tanmay/Desktop/Capstone/code/Trail/img/archive/myntradataset/images/subset/47329.jpg,47329.jpg
19263,/Users/tanmay/Desktop/Capstone/code/Trail/img/archive/myntradataset/images/subset/19263.jpg,19263.jpg
56810,/Users/tanmay/Desktop/Capstone/code/Trail/img/archive/myntradataset/images/subset/56810.jpg,56810.jpg
13478,/Users/tanmay/Desktop/Capstone/code/Trail/img/archive/myntradataset/images/subset/13478.jpg,13478.jpg
18946,/Users/tanmay/Desktop/Capstone/code/Trail/img/archive/myntradataset/images/subset/18946.jpg,18946.jpg
22184,/Users/tanmay/Desktop/Capstone/code/Trail/img/archive/myntradataset/images/subset/22184.jpg,22184.jpg
11636,/Users/tanmay/Desktop/Capstone/code/Trail/img/archive/myntradataset/images/subset/11636.jpg,11636.jpg
23806,/Users/tanmay/Desktop/Capstone/code/Trail/img/archive/myntradataset/images/subset/23806.jpg,23806.jpg
39746,/Users/tanmay/Desktop/Capstone/code/Trail/img/archive/myntradataset/images/subset/39746.jpg,39746.jpg
17051,/Users/tanmay/Desktop/Capstone/code/Trail/img/archive/myntradataset/images/subset/17051.jpg,17051.jpg
58939,/Users/tanmay/Desktop/Capstone/code/Trail/img/archive/myntradataset/images/subset/58939.jpg,58939.jpg
32608,/Users/tanmay/Desktop/Capstone/code/Trail/img/archive/myntradataset/images/subset/32608.jpg,32608.jpg
8668,/Users/tanmay/Desktop/Capstone/code/Trail/img/archive/myntradataset/images/subset/8668.jpg,8668.jpg
4515,/Users/tanmay/Desktop/Capstone/code/Trail/img/archive/myntradataset/images/subset/4515.jpg,4515.jpg
37156,/Users/tanmay/Desktop/Capstone/code/Trail/img/archive/myntradataset/images/subset/37156.jpg,37156.jpg
23041,/Users/tanmay/Desktop/Capstone/code/Trail/img/archive/myntradataset/images/subset/23041.jpg,23041.jpg
29267,/Users/tanmay/Desktop/Capstone/code/Trail/img/archive/myntradataset/images/subset/29267.jpg,29267.jpg
31966,/Users/tanmay/Desktop/Capstone/code/Trail/img/archive/myntradataset/images/subset/31966.jpg,31966.jpg
48171,/Users/tanmay/Desktop/Capstone/code/Trail/img/archive/myntradataset/images/subset/48171.jpg,48171.jpg
32653,/Users/tanmay/Desktop/Capstone/code/Trail/img/archive/myntradataset/images/subset/32653.jpg,32653.jpg
44891,/Users/tanmay/Desktop/Capstone/code/Trail/img/archive/myntradataset/images/subset/44891.jpg,44891.jpg
33162,/Users/tanmay/Desktop/Capstone/code/Trail/img/archive/myntradataset/images/subset/33162.jpg,33162.jpg
30882,/Users/tanmay/Desktop/Capstone/code/Trail/img/archive/myntradataset/images/subset/30882.jpg,30882.jpg
39623,/Users/tanmay/Desktop/Capstone/code/Trail/img/archive/myntradataset/images/subset/39623.jpg,39623.jpg
21621,/Users/tanmay/Desktop/Capstone/code/Trail/img/archive/myntradataset/images/subset/21621.jpg,21621.jpg
5179,/Users/tanmay/Desktop/Capstone/code/Trail/img/archive/myntradataset/images/subset/5179.jpg,5179.jpg
42016,/Users/tanmay/Desktop/Capstone/code/Trail/img/archive/myntradataset/images/subset/42016.jpg,42016.jpg
25573,/Users/tanmay/Desktop/Capstone/code/Trail/img/archive/myntradataset/images/subset/25573.jpg,25573.jpg
36303,/Users/tanmay/Desktop/Capstone/code/Trail/img/archive/myntradataset/images/subset/36303.jpg,36303.jpg
37240,/Users/tanmay/Desktop/Capstone/code/Trail/img/archive/myntradataset/images/subset/37240.jpg,37240.jpg
56627,/Users/tanmay/Desktop/Capstone/code/Trail/img/archive/myntradataset/images/subset/56627.jpg,56627.jpg
16543,/Users/tanmay/Desktop/Capstone/code/Trail/img/archive/myntradataset/images/subset/16543.jpg,16543.jpg
36852,/Users/tanmay/Desktop/Capstone/code/Trail/img/archive/myntradataset/images/subset/36852.jpg,36852.jpg
30661,/Users/tanmay/Desktop/Capstone/code/Trail/img/archive/myntradataset/images/subset/30661.jpg,30661.jpg
4390,/Users/tanmay/Desktop/Capstone/code/Trail/img/archive/myntradataset/images/subset/4390.jpg,4390.jpg
44815,/Users/tanmay/Desktop/Capstone/code/Trail/img/archive/myntradataset/images/subset/44815.jpg,44815.jpg
30617,/Users/tanmay/Desktop/Capstone/code/Trail/img/archive/myntradataset/images/subset/30617.jpg,30617.jpg
23603,/Users/tanmay/Desktop/Capstone/code/Trail/img/archive/myntradataset/images/subset/23603.jpg,23603.jpg
8123,/Users/tanmay/Desktop/Capstone/code/Trail/img/archive/myntradataset/images/subset/8123.jpg,8123.jpg
27220,/Users/tanmay/Desktop/Capstone/code/Trail/img/archive/myntradataset/images/subset/27220.jpg,27220.jpg
19984,/Users/tanmay/Desktop/Capstone/code/Trail/img/archive/myntradataset/images/subset/19984.jpg,19984.jpg
55863,/Users/tanmay/Desktop/Capstone/code/Trail/img/archive/myntradataset/images/subset/55863.jpg,55863.jpg
26624,/Users/tanmay/Desktop/Capstone/code/Trail/img/archive/myntradataset/images/subset/26624.jpg,26624.jpg
3653,/Users/tanmay/Desktop/Capstone/code/Trail/img/archive/myntradataset/images/subset/3653.jpg,3653.jpg
58570,/Users/tanmay/Desktop/Capstone/code/Trail/img/archive/myntradataset/images/subset/58570.jpg,58570.jpg
16491,/Users/tanmay/Desktop/Capstone/code/Trail/img/archive/myntradataset/images/subset/16491.jpg,16491.jpg
53627,/Users/tanmay/Desktop/Capstone/code/Trail/img/archive/myntradataset/images/subset/53627.jpg,53627.jpg
22153,/Users/tanmay/Desktop/Capstone/code/Trail/img/archive/myntradataset/images/subset/22153.jpg,22153.jpg
28635,/Users/tanmay/Desktop/Capstone/code/Trail/img/archive/myntradataset/images/subset/28635.jpg,28635.jpg
21662,/Users/tanmay/Desktop/Capstone/code/Trail/img/archive/myntradataset/images/subset/21662.jpg,21662.jpg
23161,/Users/tanmay/Desktop/Capstone/code/Trail/img/archive/myntradataset/images/subset/23161.jpg,23161.jpg
56066,/Users/tanmay/Desktop/Capstone/code/Trail/img/archive/myntradataset/images/subset/56066.jpg,56066.jpg
42859,/Users/tanmay/Desktop/Capstone/code/Trail/img/archive/myntradataset/images/subset/42859.jpg,42859.jpg
13559,/Users/tanmay/Desktop/Capstone/code/Trail/img/archive/myntradataset/images/subset/13559.jpg,13559.jpg
53793,/Users/tanmay/Desktop/Capstone/code/Trail/img/archive/myntradataset/images/subset/53793.jpg,53793.jpg
51053,/Users/tanmay/Desktop/Capstone/code/Trail/img/archive/myntradataset/images/subset/51053.jpg,51053.jpg
2348,/Users/tanmay/Desktop/Capstone/code/Trail/img/archive/myntradataset/images/subset/2348.jpg,2348.jpg
41154,/Users/tanmay/Desktop/Capstone/code/Trail/img/archive/myntradataset/images/subset/41154.jpg,41154.jpg
48959,/Users/tanmay/Desktop/Capstone/code/Trail/img/archive/myntradataset/images/subset/48959.jpg,48959.jpg
49025,/Users/tanmay/Desktop/Capstone/code/Trail/img/archive/myntradataset/images/subset/49025.jpg,49025.jpg
40027,/Users/tanmay/Desktop/Capstone/code/Trail/img/archive/myntradataset/images/subset/40027.jpg,40027.jpg
28293,/Users/tanmay/Desktop/Capstone/code/Trail/img/archive/myntradataset/images/subset/28293.jpg,28293.jpg
6670,/Users/tanmay/Desktop/Capstone/code/Trail/img/archive/myntradataset/images/subset/6670.jpg,6670.jpg
15271,/Users/tanmay/Desktop/Capstone/code/Trail/img/archive/myntradataset/images/subset/15271.jpg,15271.jpg
57184,/Users/tanmay/Desktop/Capstone/code/Trail/img/archive/myntradataset/images/subset/57184.jpg,57184.jpg
18798,/Users/tanmay/Desktop/Capstone/code/Trail/img/archive/myntradataset/images/subset/18798.jpg,18798.jpg
39338,/Users/tanmay/Desktop/Capstone/code/Trail/img/archive/myntradataset/images/subset/39338.jpg,39338.jpg
55148,/Users/tanmay/Desktop/Capstone/code/Trail/img/archive/myntradataset/images/subset/55148.jpg,55148.jpg
22259,/Users/tanmay/Desktop/Capstone/code/Trail/img/archive/myntradataset/images/subset/22259.jpg,22259.jpg
45907,/Users/tanmay/Desktop/Capstone/code/Trail/img/archive/myntradataset/images/subset/45907.jpg,45907.jpg
21324,/Users/tanmay/Desktop/Capstone/code/Trail/img/archive/myntradataset/images/subset/21324.jpg,21324.jpg
11441,/Users/tanmay/Desktop/Capstone/code/Trail/img/archive/myntradataset/images/subset/11441.jpg,11441.jpg
22868,/Users/tanmay/Desktop/Capstone/code/Trail/img/archive/myntradataset/images/subset/22868.jpg,22868.jpg
33104,/Users/tanmay/Desktop/Capstone/code/Trail/img/archive/myntradataset/images/subset/33104.jpg,33104.jpg
18225,/Users/tanmay/Desktop/Capstone/code/Trail/img/archive/myntradataset/images/subset/18225.jpg,18225.jpg
29257,/Users/tanmay/Desktop/Capstone/code/Trail/img/archive/myntradataset/images/subset/29257.jpg,29257.jpg
39181,/Users/tanmay/Desktop/Capstone/code/Trail/img/archive/myntradataset/images/subset/39181.jpg,39181.jpg
33161,/Users/tanmay/Desktop/Capstone/code/Trail/img/archive/myntradataset/images/subset/33161.jpg,33161.jpg
46338,/Users/tanmay/Desktop/Capstone/code/Trail/img/archive/myntradataset/images/subset/46338.jpg,46338.jpg
41594,/Users/tanmay/Desktop/Capstone/code/Trail/img/archive/myntradataset/images/subset/41594.jpg,41594.jpg
59091,/Users/tanmay/Desktop/Capstone/code/Trail/img/archive/myntradataset/images/subset/59091.jpg,59091.jpg
20421,/Users/tanmay/Desktop/Capstone/code/Trail/img/archive/myntradataset/images/subset/20421.jpg,20421.jpg
46487,/Users/tanmay/Desktop/Capstone/code/Trail/img/archive/myntradataset/images/subset/46487.jpg,46487.jpg
45593,/Users/tanmay/Desktop/Capstone/code/Trail/img/archive/myntradataset/images/subset/45593.jpg,45593.jpg
40543,/Users/tanmay/Desktop/Capstone/code/Trail/img/archive/myntradataset/images/subset/40543.jpg,40543.jpg
27155,/Users/tanmay/Desktop/Capstone/code/Trail/img/archive/myntradataset/images/subset/27155.jpg,27155.jpg
7165,/Users/tanmay/Desktop/Capstone/code/Trail/img/archive/myntradataset/images/subset/7165.jpg,7165.jpg
2257,/Users/tanmay/Desktop/Capstone/code/Trail/img/archive/myntradataset/images/subset/2257.jpg,2257.jpg
30676,/Users/tanmay/Desktop/Capstone/code/Trail/img/archive/myntradataset/images/subset/30676.jpg,30676.jpg
36350,/Users/tanmay/Desktop/Capstone/code/Trail/img/archive/myntradataset/images/subset/36350.jpg,36350.jpg
51539,/Users/tanmay/Desktop/Capstone/code/Trail/img/archive/myntradataset/images/subset/51539.jpg,51539.jpg
40427,/Users/tanmay/Desktop/Capstone/code/Trail/img/archive/myntradataset/images/subset/40427.jpg,40427.jpg
21918,/Users/tanmay/Desktop/Capstone/code/Trail/img/archive/myntradataset/images/subset/21918.jpg,21918.jpg
19430,/Users/tanmay/Desktop/Capstone/code/Trail/img/archive/myntradataset/images/subset/19430.jpg,19430.jpg
51452,/Users/tanmay/Desktop/Capstone/code/Trail/img/archive/myntradataset/images/subset/51452.jpg,51452.jpg
3131,/Users/tanmay/Desktop/Capstone/code/Trail/img/archive/myntradataset/images/subset/3131.jpg,3131.jpg
56608,/Users/tanmay/Desktop/Capstone/code/Trail/img/archive/myntradataset/images/subset/56608.jpg,56608.jpg
24456,/Users/tanmay/Desktop/Capstone/code/Trail/img/archive/myntradataset/images/subset/24456.jpg,24456.jpg
9852,/Users/tanmay/Desktop/Capstone/code/Trail/img/archive/myntradataset/images/subset/9852.jpg,9852.jpg
59045,/Users/tanmay/Desktop/Capstone/code/Trail/img/archive/myntradataset/images/subset/59045.jpg,59045.jpg
16059,/Users/tanmay/Desktop/Capstone/code/Trail/img/archive/myntradataset/images/subset/16059.jpg,16059.jpg
8809,/Users/tanmay/Desktop/Capstone/code/Trail/img/archive/myntradataset/images/subset/8809.jpg,8809.jpg
29725,/Users/tanmay/Desktop/Capstone/code/Trail/img/archive/myntradataset/images/subset/29725.jpg,29725.jpg
21804,/Users/tanmay/Desktop/Capstone/code/Trail/img/archive/myntradataset/images/subset/21804.jpg,21804.jpg
35818,/Users/tanmay/Desktop/Capstone/code/Trail/img/archive/myntradataset/images/subset/35818.jpg,35818.jpg
9949,/Users/tanmay/Desktop/Capstone/code/Trail/img/archive/myntradataset/images/subset/9949.jpg,9949.jpg
8309,/Users/tanmay/Desktop/Capstone/code/Trail/img/archive/myntradataset/images/subset/8309.jpg,8309.jpg
28371,/Users/tanmay/Desktop/Capstone/code/Trail/img/archive/myntradataset/images/subset/28371.jpg,28371.jpg
40232,/Users/tanmay/Desktop/Capstone/code/Trail/img/archive/myntradataset/images/subset/40232.jpg,40232.jpg
7506,/Users/tanmay/Desktop/Capstone/code/Trail/img/archive/myntradataset/images/subset/7506.jpg,7506.jpg
36362,/Users/tanmay/Desktop/Capstone/code/Trail/img/archive/myntradataset/images/subset/36362.jpg,36362.jpg
6796,/Users/tanmay/Desktop/Capstone/code/Trail/img/archive/myntradataset/images/subset/6796.jpg,6796.jpg
21186,/Users/tanmay/Desktop/Capstone/code/Trail/img/archive/myntradataset/images/subset/21186.jpg,21186.jpg
2168,/Users/tanmay/Desktop/Capstone/code/Trail/img/archive/myntradataset/images/subset/2168.jpg,2168.jpg
11883,/Users/tanmay/Desktop/Capstone/code/Trail/img/archive/myntradataset/images/subset/11883.jpg,11883.jpg
10588,/Users/tanmay/Desktop/Capstone/code/Trail/img/archive/myntradataset/images/subset/10588.jpg,10588.jpg
46765,/Users/tanmay/Desktop/Capstone/code/Trail/img/archive/myntradataset/images/subset/46765.jpg,46765.jpg
46477,/Users/tanmay/Desktop/Capstone/code/Trail/img/archive/myntradataset/images/subset/46477.jpg,46477.jpg
56483,/Users/tanmay/Desktop/Capstone/code/Trail/img/archive/myntradataset/images/subset/56483.jpg,56483.jpg
35755,/Users/tanmay/Desktop/Capstone/code/Trail/img/archive/myntradataset/images/subset/35755.jpg,35755.jpg
5466,/Users/tanmay/Desktop/Capstone/code/Trail/img/archive/myntradataset/images/subset/5466.jpg,5466.jpg
37848,/Users/tanmay/Desktop/Capstone/code/Trail/img/archive/myntradataset/images/subset/37848.jpg,37848.jpg
31207,/Users/tanmay/Desktop/Capstone/code/Trail/img/archive/myntradataset/images/subset/31207.jpg,31207.jpg
42610,/Users/tanmay/Desktop/Capstone/code/Trail/img/archive/myntradataset/images/subset/42610.jpg,42610.jpg
2704,/Users/tanmay/Desktop/Capstone/code/Trail/img/archive/myntradataset/images/subset/2704.jpg,2704.jpg
49652,/Users/tanmay/Desktop/Capstone/code/Trail/img/archive/myntradataset/images/subset/49652.jpg,49652.jpg
25765,/Users/tanmay/Desktop/Capstone/code/Trail/img/archive/myntradataset/images/subset/25765.jpg,25765.jpg
50039,/Users/tanmay/Desktop/Capstone/code/Trail/img/archive/myntradataset/images/subset/50039.jpg,50039.jpg
11280,/Users/tanmay/Desktop/Capstone/code/Trail/img/archive/myntradataset/images/subset/11280.jpg,11280.jpg
25232,/Users/tanmay/Desktop/Capstone/code/Trail/img/archive/myntradataset/images/subset/25232.jpg,25232.jpg
57001,/Users/tanmay/Desktop/Capstone/code/Trail/img/archive/myntradataset/images/subset/57001.jpg,57001.jpg
10514,/Users/tanmay/Desktop/Capstone/code/Trail/img/archive/myntradataset/images/subset/10514.jpg,10514.jpg
19676,/Users/tanmay/Desktop/Capstone/code/Trail/img/archive/myntradataset/images/subset/19676.jpg,19676.jpg
47529,/Users/tanmay/Desktop/Capstone/code/Trail/img/archive/myntradataset/images/subset/47529.jpg,47529.jpg
35309,/Users/tanmay/Desktop/Capstone/code/Trail/img/archive/myntradataset/images/subset/35309.jpg,35309.jpg
14721,/Users/tanmay/Desktop/Capstone/code/Trail/img/archive/myntradataset/images/subset/14721.jpg,14721.jpg
22722,/Users/tanmay/Desktop/Capstone/code/Trail/img/archive/myntradataset/images/subset/22722.jpg,22722.jpg
32201,/Users/tanmay/Desktop/Capstone/code/Trail/img/archive/myntradataset/images/subset/32201.jpg,32201.jpg
19289,/Users/tanmay/Desktop/Capstone/code/Trail/img/archive/myntradataset/images/subset/19289.jpg,19289.jpg
39444,/Users/tanmay/Desktop/Capstone/code/Trail/img/archive/myntradataset/images/subset/39444.jpg,39444.jpg
32622,/Users/tanmay/Desktop/Capstone/code/Trail/img/archive/myntradataset/images/subset/32622.jpg,32622.jpg
58281,/Users/tanmay/Desktop/Capstone/code/Trail/img/archive/myntradataset/images/subset/58281.jpg,58281.jpg
22635,/Users/tanmay/Desktop/Capstone/code/Trail/img/archive/myntradataset/images/subset/22635.jpg,22635.jpg
46513,/Users/tanmay/Desktop/Capstone/code/Trail/img/archive/myntradataset/images/subset/46513.jpg,46513.jpg
48223,/Users/tanmay/Desktop/Capstone/code/Trail/img/archive/myntradataset/images/subset/48223.jpg,48223.jpg
13075,/Users/tanmay/Desktop/Capstone/code/Trail/img/archive/myntradataset/images/subset/13075.jpg,13075.jpg
52917,/Users/tanmay/Desktop/Capstone/code/Trail/img/archive/myntradataset/images/subset/52917.jpg,52917.jpg
10393,/Users/tanmay/Desktop/Capstone/code/Trail/img/archive/myntradataset/images/subset/10393.jpg,10393.jpg
15564,/Users/tanmay/Desktop/Capstone/code/Trail/img/archive/myntradataset/images/subset/15564.jpg,15564.jpg
39535,/Users/tanmay/Desktop/Capstone/code/Trail/img/archive/myntradataset/images/subset/39535.jpg,39535.jpg
40948,/Users/tanmay/Desktop/Capstone/code/Trail/img/archive/myntradataset/images/subset/40948.jpg,40948.jpg
56388,/Users/tanmay/Desktop/Capstone/code/Trail/img/archive/myntradataset/images/subset/56388.jpg,56388.jpg
34644,/Users/tanmay/Desktop/Capstone/code/Trail/img/archive/myntradataset/images/subset/34644.jpg,34644.jpg
6012,/Users/tanmay/Desktop/Capstone/code/Trail/img/archive/myntradataset/images/subset/6012.jpg,6012.jpg
30692,/Users/tanmay/Desktop/Capstone/code/Trail/img/archive/myntradataset/images/subset/30692.jpg,30692.jpg
36520,/Users/tanmay/Desktop/Capstone/code/Trail/img/archive/myntradataset/images/subset/36520.jpg,36520.jpg
58075,/Users/tanmay/Desktop/Capstone/code/Trail/img/archive/myntradataset/images/subset/58075.jpg,58075.jpg
53312,/Users/tanmay/Desktop/Capstone/code/Trail/img/archive/myntradataset/images/subset/53312.jpg,53312.jpg
24150,/Users/tanmay/Desktop/Capstone/code/Trail/img/archive/myntradataset/images/subset/24150.jpg,24150.jpg
7215,/Users/tanmay/Desktop/Capstone/code/Trail/img/archive/myntradataset/images/subset/7215.jpg,7215.jpg
20932,/Users/tanmay/Desktop/Capstone/code/Trail/img/archive/myntradataset/images/subset/20932.jpg,20932.jpg
56265,/Users/tanmay/Desktop/Capstone/code/Trail/img/archive/myntradataset/images/subset/56265.jpg,56265.jpg
50752,/Users/tanmay/Desktop/Capstone/code/Trail/img/archive/myntradataset/images/subset/50752.jpg,50752.jpg
27986,/Users/tanmay/Desktop/Capstone/code/Trail/img/archive/myntradataset/images/subset/27986.jpg,27986.jpg
5975,/Users/tanmay/Desktop/Capstone/code/Trail/img/archive/myntradataset/images/subset/5975.jpg,5975.jpg
18796,/Users/tanmay/Desktop/Capstone/code/Trail/img/archive/myntradataset/images/subset/18796.jpg,18796.jpg
57365,/Users/tanmay/Desktop/Capstone/code/Trail/img/archive/myntradataset/images/subset/57365.jpg,57365.jpg
42554,/Users/tanmay/Desktop/Capstone/code/Trail/img/archive/myntradataset/images/subset/42554.jpg,42554.jpg
27944,/Users/tanmay/Desktop/Capstone/code/Trail/img/archive/myntradataset/images/subset/27944.jpg,27944.jpg
51570,/Users/tanmay/Desktop/Capstone/code/Trail/img/archive/myntradataset/images/subset/51570.jpg,51570.jpg
59381,/Users/tanmay/Desktop/Capstone/code/Trail/img/archive/myntradataset/images/subset/59381.jpg,59381.jpg
58035,/Users/tanmay/Desktop/Capstone/code/Trail/img/archive/myntradataset/images/subset/58035.jpg,58035.jpg
23140,/Users/tanmay/Desktop/Capstone/code/Trail/img/archive/myntradataset/images/subset/23140.jpg,23140.jpg
17553,/Users/tanmay/Desktop/Capstone/code/Trail/img/archive/myntradataset/images/subset/17553.jpg,17553.jpg
24188,/Users/tanmay/Desktop/Capstone/code/Trail/img/archive/myntradataset/images/subset/24188.jpg,24188.jpg
4814,/Users/tanmay/Desktop/Capstone/code/Trail/img/archive/myntradataset/images/subset/4814.jpg,4814.jpg
9805,/Users/tanmay/Desktop/Capstone/code/Trail/img/archive/myntradataset/images/subset/9805.jpg,9805.jpg
51459,/Users/tanmay/Desktop/Capstone/code/Trail/img/archive/myntradataset/images/subset/51459.jpg,51459.jpg
16099,/Users/tanmay/Desktop/Capstone/code/Trail/img/archive/myntradataset/images/subset/16099.jpg,16099.jpg
56121,/Users/tanmay/Desktop/Capstone/code/Trail/img/archive/myntradataset/images/subset/56121.jpg,56121.jpg
41401,/Users/tanmay/Desktop/Capstone/code/Trail/img/archive/myntradataset/images/subset/41401.jpg,41401.jpg
34760,/Users/tanmay/Desktop/Capstone/code/Trail/img/archive/myntradataset/images/subset/34760.jpg,34760.jpg
53055,/Users/tanmay/Desktop/Capstone/code/Trail/img/archive/myntradataset/images/subset/53055.jpg,53055.jpg
55041,/Users/tanmay/Desktop/Capstone/code/Trail/img/archive/myntradataset/images/subset/55041.jpg,55041.jpg
41842,/Users/tanmay/Desktop/Capstone/code/Trail/img/archive/myntradataset/images/subset/41842.jpg,41842.jpg
5647,/Users/tanmay/Desktop/Capstone/code/Trail/img/archive/myntradataset/images/subset/5647.jpg,5647.jpg
52890,/Users/tanmay/Desktop/Capstone/code/Trail/img/archive/myntradataset/images/subset/52890.jpg,52890.jpg
54559,/Users/tanmay/Desktop/Capstone/code/Trail/img/archive/myntradataset/images/subset/54559.jpg,54559.jpg
4439,/Users/tanmay/Desktop/Capstone/code/Trail/img/archive/myntradataset/images/subset/4439.jpg,4439.jpg
56302,/Users/tanmay/Desktop/Capstone/code/Trail/img/archive/myntradataset/images/subset/56302.jpg,56302.jpg
18021,/Users/tanmay/Desktop/Capstone/code/Trail/img/archive/myntradataset/images/subset/18021.jpg,18021.jpg
9748,/Users/tanmay/Desktop/Capstone/code/Trail/img/archive/myntradataset/images/subset/9748.jpg,9748.jpg
33916,/Users/tanmay/Desktop/Capstone/code/Trail/img/archive/myntradataset/images/subset/33916.jpg,33916.jpg
6979,/Users/tanmay/Desktop/Capstone/code/Trail/img/archive/myntradataset/images/subset/6979.jpg,6979.jpg
14959,/Users/tanmay/Desktop/Capstone/code/Trail/img/archive/myntradataset/images/subset/14959.jpg,14959.jpg
34241,/Users/tanmay/Desktop/Capstone/code/Trail/img/archive/myntradataset/images/subset/34241.jpg,34241.jpg
55558,/Users/tanmay/Desktop/Capstone/code/Trail/img/archive/myntradataset/images/subset/55558.jpg,55558.jpg
4591,/Users/tanmay/Desktop/Capstone/code/Trail/img/archive/myntradataset/images/subset/4591.jpg,4591.jpg
10404,/Users/tanmay/Desktop/Capstone/code/Trail/img/archive/myntradataset/images/subset/10404.jpg,10404.jpg
35217,/Users/tanmay/Desktop/Capstone/code/Trail/img/archive/myntradataset/images/subset/35217.jpg,35217.jpg
35800,/Users/tanmay/Desktop/Capstone/code/Trail/img/archive/myntradataset/images/subset/35800.jpg,35800.jpg
50741,/Users/tanmay/Desktop/Capstone/code/Trail/img/archive/myntradataset/images/subset/50741.jpg,50741.jpg
14606,/Users/tanmay/Desktop/Capstone/code/Trail/img/archive/myntradataset/images/subset/14606.jpg,14606.jpg
28233,/Users/tanmay/Desktop/Capstone/code/Trail/img/archive/myntradataset/images/subset/28233.jpg,28233.jpg
9380,/Users/tanmay/Desktop/Capstone/code/Trail/img/archive/myntradataset/images/subset/9380.jpg,9380.jpg
25223,/Users/tanmay/Desktop/Capstone/code/Trail/img/archive/myntradataset/images/subset/25223.jpg,25223.jpg
57736,/Users/tanmay/Desktop/Capstone/code/Trail/img/archive/myntradataset/images/subset/57736.jpg,57736.jpg
56614,/Users/tanmay/Desktop/Capstone/code/Trail/img/archive/myntradataset/images/subset/56614.jpg,56614.jpg
51517,/Users/tanmay/Desktop/Capstone/code/Trail/img/archive/myntradataset/images/subset/51517.jpg,51517.jpg
10001,/Users/tanmay/Desktop/Capstone/code/Trail/img/archive/myntradataset/images/subset/10001.jpg,10001.jpg
53374,/Users/tanmay/Desktop/Capstone/code/Trail/img/archive/myntradataset/images/subset/53374.jpg,53374.jpg
29441,/Users/tanmay/Desktop/Capstone/code/Trail/img/archive/myntradataset/images/subset/29441.jpg,29441.jpg
2391,/Users/tanmay/Desktop/Capstone/code/Trail/img/archive/myntradataset/images/subset/2391.jpg,2391.jpg
25849,/Users/tanmay/Desktop/Capstone/code/Trail/img/archive/myntradataset/images/subset/25849.jpg,25849.jpg
32523,/Users/tanmay/Desktop/Capstone/code/Trail/img/archive/myntradataset/images/subset/32523.jpg,32523.jpg
41022,/Users/tanmay/Desktop/Capstone/code/Trail/img/archive/myntradataset/images/subset/41022.jpg,41022.jpg
14715,/Users/tanmay/Desktop/Capstone/code/Trail/img/archive/myntradataset/images/subset/14715.jpg,14715.jpg
4863,/Users/tanmay/Desktop/Capstone/code/Trail/img/archive/myntradataset/images/subset/4863.jpg,4863.jpg
13908,/Users/tanmay/Desktop/Capstone/code/Trail/img/archive/myntradataset/images/subset/13908.jpg,13908.jpg
18997,/Users/tanmay/Desktop/Capstone/code/Trail/img/archive/myntradataset/images/subset/18997.jpg,18997.jpg
10405,/Users/tanmay/Desktop/Capstone/code/Trail/img/archive/myntradataset/images/subset/10405.jpg,10405.jpg
34078,/Users/tanmay/Desktop/Capstone/code/Trail/img/archive/myntradataset/images/subset/34078.jpg,34078.jpg
56923,/Users/tanmay/Desktop/Capstone/code/Trail/img/archive/myntradataset/images/subset/56923.jpg,56923.jpg
25637,/Users/tanmay/Desktop/Capstone/code/Trail/img/archive/myntradataset/images/subset/25637.jpg,25637.jpg
47026,/Users/tanmay/Desktop/Capstone/code/Trail/img/archive/myntradataset/images/subset/47026.jpg,47026.jpg
51172,/Users/tanmay/Desktop/Capstone/code/Trail/img/archive/myntradataset/images/subset/51172.jpg,51172.jpg
43667,/Users/tanmay/Desktop/Capstone/code/Trail/img/archive/myntradataset/images/subset/43667.jpg,43667.jpg
12824,/Users/tanmay/Desktop/Capstone/code/Trail/img/archive/myntradataset/images/subset/12824.jpg,12824.jpg
8246,/Users/tanmay/Desktop/Capstone/code/Trail/img/archive/myntradataset/images/subset/8246.jpg,8246.jpg
17367,/Users/tanmay/Desktop/Capstone/code/Trail/img/archive/myntradataset/images/subset/17367.jpg,17367.jpg
47060,/Users/tanmay/Desktop/Capstone/code/Trail/img/archive/myntradataset/images/subset/47060.jpg,47060.jpg
36453,/Users/tanmay/Desktop/Capstone/code/Trail/img/archive/myntradataset/images/subset/36453.jpg,36453.jpg
28195,/Users/tanmay/Desktop/Capstone/code/Trail/img/archive/myntradataset/images/subset/28195.jpg,28195.jpg
56049,/Users/tanmay/Desktop/Capstone/code/Trail/img/archive/myntradataset/images/subset/56049.jpg,56049.jpg
17636,/Users/tanmay/Desktop/Capstone/code/Trail/img/archive/myntradataset/images/subset/17636.jpg,17636.jpg
49060,/Users/tanmay/Desktop/Capstone/code/Trail/img/archive/myntradataset/images/subset/49060.jpg,49060.jpg
57866,/Users/tanmay/Desktop/Capstone/code/Trail/img/archive/myntradataset/images/subset/57866.jpg,57866.jpg
39327,/Users/tanmay/Desktop/Capstone/code/Trail/img/archive/myntradataset/images/subset/39327.jpg,39327.jpg
27392,/Users/tanmay/Desktop/Capstone/code/Trail/img/archive/myntradataset/images/subset/27392.jpg,27392.jpg
14695,/Users/tanmay/Desktop/Capstone/code/Trail/img/archive/myntradataset/images/subset/14695.jpg,14695.jpg
27083,/Users/tanmay/Desktop/Capstone/code/Trail/img/archive/myntradataset/images/subset/27083.jpg,27083.jpg
17437,/Users/tanmay/Desktop/Capstone/code/Trail/img/archive/myntradataset/images/subset/17437.jpg,17437.jpg
43850,/Users/tanmay/Desktop/Capstone/code/Trail/img/archive/myntradataset/images/subset/43850.jpg,43850.jpg
4866,/Users/tanmay/Desktop/Capstone/code/Trail/img/archive/myntradataset/images/subset/4866.jpg,4866.jpg
17914,/Users/tanmay/Desktop/Capstone/code/Trail/img/archive/myntradataset/images/subset/17914.jpg,17914.jpg
9019,/Users/tanmay/Desktop/Capstone/code/Trail/img/archive/myntradataset/images/subset/9019.jpg,9019.jpg
3530,/Users/tanmay/Desktop/Capstone/code/Trail/img/archive/myntradataset/images/subset/3530.jpg,3530.jpg
27151,/Users/tanmay/Desktop/Capstone/code/Trail/img/archive/myntradataset/images/subset/27151.jpg,27151.jpg
7737,/Users/tanmay/Desktop/Capstone/code/Trail/img/archive/myntradataset/images/subset/7737.jpg,7737.jpg
58060,/Users/tanmay/Desktop/Capstone/code/Trail/img/archive/myntradataset/images/subset/58060.jpg,58060.jpg
15501,/Users/tanmay/Desktop/Capstone/code/Trail/img/archive/myntradataset/images/subset/15501.jpg,15501.jpg
39450,/Users/tanmay/Desktop/Capstone/code/Trail/img/archive/myntradataset/images/subset/39450.jpg,39450.jpg
52798,/Users/tanmay/Desktop/Capstone/code/Trail/img/archive/myntradataset/images/subset/52798.jpg,52798.jpg
6438,/Users/tanmay/Desktop/Capstone/code/Trail/img/archive/myntradataset/images/subset/6438.jpg,6438.jpg
53329,/Users/tanmay/Desktop/Capstone/code/Trail/img/archive/myntradataset/images/subset/53329.jpg,53329.jpg
16788,/Users/tanmay/Desktop/Capstone/code/Trail/img/archive/myntradataset/images/subset/16788.jpg,16788.jpg
11554,/Users/tanmay/Desktop/Capstone/code/Trail/img/archive/myntradataset/images/subset/11554.jpg,11554.jpg
36363,/Users/tanmay/Desktop/Capstone/code/Trail/img/archive/myntradataset/images/subset/36363.jpg,36363.jpg
48886,/Users/tanmay/Desktop/Capstone/code/Trail/img/archive/myntradataset/images/subset/48886.jpg,48886.jpg
18262,/Users/tanmay/Desktop/Capstone/code/Trail/img/archive/myntradataset/images/subset/18262.jpg,18262.jpg
36483,/Users/tanmay/Desktop/Capstone/code/Trail/img/archive/myntradataset/images/subset/36483.jpg,36483.jpg
5158,/Users/tanmay/Desktop/Capstone/code/Trail/img/archive/myntradataset/images/subset/5158.jpg,5158.jpg
35998,/Users/tanmay/Desktop/Capstone/code/Trail/img/archive/myntradataset/images/subset/35998.jpg,35998.jpg
14894,/Users/tanmay/Desktop/Capstone/code/Trail/img/archive/myntradataset/images/subset/14894.jpg,14894.jpg
5920,/Users/tanmay/Desktop/Capstone/code/Trail/img/archive/myntradataset/images/subset/5920.jpg,5920.jpg
41831,/Users/tanmay/Desktop/Capstone/code/Trail/img/archive/myntradataset/images/subset/41831.jpg,41831.jpg
31657,/Users/tanmay/Desktop/Capstone/code/Trail/img/archive/myntradataset/images/subset/31657.jpg,31657.jpg
11847,/Users/tanmay/Desktop/Capstone/code/Trail/img/archive/myntradataset/images/subset/11847.jpg,11847.jpg
40579,/Users/tanmay/Desktop/Capstone/code/Trail/img/archive/myntradataset/images/subset/40579.jpg,40579.jpg
37961,/Users/tanmay/Desktop/Capstone/code/Trail/img/archive/myntradataset/images/subset/37961.jpg,37961.jpg
36701,/Users/tanmay/Desktop/Capstone/code/Trail/img/archive/myntradataset/images/subset/36701.jpg,36701.jpg
35239,/Users/tanmay/Desktop/Capstone/code/Trail/img/archive/myntradataset/images/subset/35239.jpg,35239.jpg
25370,/Users/tanmay/Desktop/Capstone/code/Trail/img/archive/myntradataset/images/subset/25370.jpg,25370.jpg
1973,/Users/tanmay/Desktop/Capstone/code/Trail/img/archive/myntradataset/images/subset/1973.jpg,1973.jpg
23527,/Users/tanmay/Desktop/Capstone/code/Trail/img/archive/myntradataset/images/subset/23527.jpg,23527.jpg
20172,/Users/tanmay/Desktop/Capstone/code/Trail/img/archive/myntradataset/images/subset/20172.jpg,20172.jpg
52890,/Users/tanmay/Desktop/Capstone/code/Trail/img/archive/myntradataset/images/subset/52890.jpg,52890.jpg
29881,/Users/tanmay/Desktop/Capstone/code/Trail/img/archive/myntradataset/images/subset/29881.jpg,29881.jpg
11690,/Users/tanmay/Desktop/Capstone/code/Trail/img/archive/myntradataset/images/subset/11690.jpg,11690.jpg
44857,/Users/tanmay/Desktop/Capstone/code/Trail/img/archive/myntradataset/images/subset/44857.jpg,44857.jpg
30297,/Users/tanmay/Desktop/Capstone/code/Trail/img/archive/myntradataset/images/subset/30297.jpg,30297.jpg
15281,/Users/tanmay/Desktop/Capstone/code/Trail/img/archive/myntradataset/images/subset/15281.jpg,15281.jpg
57514,/Users/tanmay/Desktop/Capstone/code/Trail/img/archive/myntradataset/images/subset/57514.jpg,57514.jpg
26329,/Users/tanmay/Desktop/Capstone/code/Trail/img/archive/myntradataset/images/subset/26329.jpg,26329.jpg
53430,/Users/tanmay/Desktop/Capstone/code/Trail/img/archive/myntradataset/images/subset/53430.jpg,53430.jpg
56159,/Users/tanmay/Desktop/Capstone/code/Trail/img/archive/myntradataset/images/subset/56159.jpg,56159.jpg
22838,/Users/tanmay/Desktop/Capstone/code/Trail/img/archive/myntradataset/images/subset/22838.jpg,22838.jpg
44971,/Users/tanmay/Desktop/Capstone/code/Trail/img/archive/myntradataset/images/subset/44971.jpg,44971.jpg
19843,/Users/tanmay/Desktop/Capstone/code/Trail/img/archive/myntradataset/images/subset/19843.jpg,19843.jpg
48917,/Users/tanmay/Desktop/Capstone/code/Trail/img/archive/myntradataset/images/subset/48917.jpg,48917.jpg
43254,/Users/tanmay/Desktop/Capstone/code/Trail/img/archive/myntradataset/images/subset/43254.jpg,43254.jpg
5668,/Users/tanmay/Desktop/Capstone/code/Trail/img/archive/myntradataset/images/subset/5668.jpg,5668.jpg
12595,/Users/tanmay/Desktop/Capstone/code/Trail/img/archive/myntradataset/images/subset/12595.jpg,12595.jpg
39213,/Users/tanmay/Desktop/Capstone/code/Trail/img/archive/myntradataset/images/subset/39213.jpg,39213.jpg
51331,/Users/tanmay/Desktop/Capstone/code/Trail/img/archive/myntradataset/images/subset/51331.jpg,51331.jpg
29371,/Users/tanmay/Desktop/Capstone/code/Trail/img/archive/myntradataset/images/subset/29371.jpg,29371.jpg
20495,/Users/tanmay/Desktop/Capstone/code/Trail/img/archive/myntradataset/images/subset/20495.jpg,20495.jpg
24522,/Users/tanmay/Desktop/Capstone/code/Trail/img/archive/myntradataset/images/subset/24522.jpg,24522.jpg
46662,/Users/tanmay/Desktop/Capstone/code/Trail/img/archive/myntradataset/images/subset/46662.jpg,46662.jpg
18789,/Users/tanmay/Desktop/Capstone/code/Trail/img/archive/myntradataset/images/subset/18789.jpg,18789.jpg
14166,/Users/tanmay/Desktop/Capstone/code/Trail/img/archive/myntradataset/images/subset/14166.jpg,14166.jpg
55116,/Users/tanmay/Desktop/Capstone/code/Trail/img/archive/myntradataset/images/subset/55116.jpg,55116.jpg
53370,/Users/tanmay/Desktop/Capstone/code/Trail/img/archive/myntradataset/images/subset/53370.jpg,53370.jpg
20387,/Users/tanmay/Desktop/Capstone/code/Trail/img/archive/myntradataset/images/subset/20387.jpg,20387.jpg
42350,/Users/tanmay/Desktop/Capstone/code/Trail/img/archive/myntradataset/images/subset/42350.jpg,42350.jpg
55642,/Users/tanmay/Desktop/Capstone/code/Trail/img/archive/myntradataset/images/subset/55642.jpg,55642.jpg
25884,/Users/tanmay/Desktop/Capstone/code/Trail/img/archive/myntradataset/images/subset/25884.jpg,25884.jpg
56323,/Users/tanmay/Desktop/Capstone/code/Trail/img/archive/myntradataset/images/subset/56323.jpg,56323.jpg
14878,/Users/tanmay/Desktop/Capstone/code/Trail/img/archive/myntradataset/images/subset/14878.jpg,14878.jpg
28724,/Users/tanmay/Desktop/Capstone/code/Trail/img/archive/myntradataset/images/subset/28724.jpg,28724.jpg
7289,/Users/tanmay/Desktop/Capstone/code/Trail/img/archive/myntradataset/images/subset/7289.jpg,7289.jpg
48433,/Users/tanmay/Desktop/Capstone/code/Trail/img/archive/myntradataset/images/subset/48433.jpg,48433.jpg
36817,/Users/tanmay/Desktop/Capstone/code/Trail/img/archive/myntradataset/images/subset/36817.jpg,36817.jpg
6773,/Users/tanmay/Desktop/Capstone/code/Trail/img/archive/myntradataset/images/subset/6773.jpg,6773.jpg
46393,/Users/tanmay/Desktop/Capstone/code/Trail/img/archive/myntradataset/images/subset/46393.jpg,46393.jpg
42974,/Users/tanmay/Desktop/Capstone/code/Trail/img/archive/myntradataset/images/subset/42974.jpg,42974.jpg
28360,/Users/tanmay/Desktop/Capstone/code/Trail/img/archive/myntradataset/images/subset/28360.jpg,28360.jpg
56451,/Users/tanmay/Desktop/Capstone/code/Trail/img/archive/myntradataset/images/subset/56451.jpg,56451.jpg
36710,/Users/tanmay/Desktop/Capstone/code/Trail/img/archive/myntradataset/images/subset/36710.jpg,36710.jpg
36911,/Users/tanmay/Desktop/Capstone/code/Trail/img/archive/myntradataset/images/subset/36911.jpg,36911.jpg
28743,/Users/tanmay/Desktop/Capstone/code/Trail/img/archive/myntradataset/images/subset/28743.jpg,28743.jpg
10336,/Users/tanmay/Desktop/Capstone/code/Trail/img/archive/myntradataset/images/subset/10336.jpg,10336.jpg
50507,/Users/tanmay/Desktop/Capstone/code/Trail/img/archive/myntradataset/images/subset/50507.jpg,50507.jpg
57252,/Users/tanmay/Desktop/Capstone/code/Trail/img/archive/myntradataset/images/subset/57252.jpg,57252.jpg
4365,/Users/tanmay/Desktop/Capstone/code/Trail/img/archive/myntradataset/images/subset/4365.jpg,4365.jpg
57845,/Users/tanmay/Desktop/Capstone/code/Trail/img/archive/myntradataset/images/subset/57845.jpg,57845.jpg
58475,/Users/tanmay/Desktop/Capstone/code/Trail/img/archive/myntradataset/images/subset/58475.jpg,58475.jpg
11372,/Users/tanmay/Desktop/Capstone/code/Trail/img/archive/myntradataset/images/subset/11372.jpg,11372.jpg
13562,/Users/tanmay/Desktop/Capstone/code/Trail/img/archive/myntradataset/images/subset/13562.jpg,13562.jpg
55811,/Users/tanmay/Desktop/Capstone/code/Trail/img/archive/myntradataset/images/subset/55811.jpg,55811.jpg
16427,/Users/tanmay/Desktop/Capstone/code/Trail/img/archive/myntradataset/images/subset/16427.jpg,16427.jpg
39903,/Users/tanmay/Desktop/Capstone/code/Trail/img/archive/myntradataset/images/subset/39903.jpg,39903.jpg
4004,/Users/tanmay/Desktop/Capstone/code/Trail/img/archive/myntradataset/images/subset/4004.jpg,4004.jpg
48017,/Users/tanmay/Desktop/Capstone/code/Trail/img/archive/myntradataset/images/subset/48017.jpg,48017.jpg
7887,/Users/tanmay/Desktop/Capstone/code/Trail/img/archive/myntradataset/images/subset/7887.jpg,7887.jpg
14979,/Users/tanmay/Desktop/Capstone/code/Trail/img/archive/myntradataset/images/subset/14979.jpg,14979.jpg
44847,/Users/tanmay/Desktop/Capstone/code/Trail/img/archive/myntradataset/images/subset/44847.jpg,44847.jpg
41279,/Users/tanmay/Desktop/Capstone/code/Trail/img/archive/myntradataset/images/subset/41279.jpg,41279.jpg
40306,/Users/tanmay/Desktop/Capstone/code/Trail/img/archive/myntradataset/images/subset/40306.jpg,40306.jpg
24702,/Users/tanmay/Desktop/Capstone/code/Trail/img/archive/myntradataset/images/subset/24702.jpg,24702.jpg
36643,/Users/tanmay/Desktop/Capstone/code/Trail/img/archive/myntradataset/images/subset/36643.jpg,36643.jpg
47361,/Users/tanmay/Desktop/Capstone/code/Trail/img/archive/myntradataset/images/subset/47361.jpg,47361.jpg
21736,/Users/tanmay/Desktop/Capstone/code/Trail/img/archive/myntradataset/images/subset/21736.jpg,21736.jpg
36793,/Users/tanmay/Desktop/Capstone/code/Trail/img/archive/myntradataset/images/subset/36793.jpg,36793.jpg
19110,/Users/tanmay/Desktop/Capstone/code/Trail/img/archive/myntradataset/images/subset/19110.jpg,19110.jpg
11289,/Users/tanmay/Desktop/Capstone/code/Trail/img/archive/myntradataset/images/subset/11289.jpg,11289.jpg
53861,/Users/tanmay/Desktop/Capstone/code/Trail/img/archive/myntradataset/images/subset/53861.jpg,53861.jpg
9884,/Users/tanmay/Desktop/Capstone/code/Trail/img/archive/myntradataset/images/subset/9884.jpg,9884.jpg
49603,/Users/tanmay/Desktop/Capstone/code/Trail/img/archive/myntradataset/images/subset/49603.jpg,49603.jpg
8524,/Users/tanmay/Desktop/Capstone/code/Trail/img/archive/myntradataset/images/subset/8524.jpg,8524.jpg
24382,/Users/tanmay/Desktop/Capstone/code/Trail/img/archive/myntradataset/images/subset/24382.jpg,24382.jpg
28645,/Users/tanmay/Desktop/Capstone/code/Trail/img/archive/myntradataset/images/subset/28645.jpg,28645.jpg
45835,/Users/tanmay/Desktop/Capstone/code/Trail/img/archive/myntradataset/images/subset/45835.jpg,45835.jpg
36720,/Users/tanmay/Desktop/Capstone/code/Trail/img/archive/myntradataset/images/subset/36720.jpg,36720.jpg
12829,/Users/tanmay/Desktop/Capstone/code/Trail/img/archive/myntradataset/images/subset/12829.jpg,12829.jpg
59904,/Users/tanmay/Desktop/Capstone/code/Trail/img/archive/myntradataset/images/subset/59904.jpg,59904.jpg
30945,/Users/tanmay/Desktop/Capstone/code/Trail/img/archive/myntradataset/images/subset/30945.jpg,30945.jpg
43309,/Users/tanmay/Desktop/Capstone/code/Trail/img/archive/myntradataset/images/subset/43309.jpg,43309.jpg
28170,/Users/tanmay/Desktop/Capstone/code/Trail/img/archive/myntradataset/images/subset/28170.jpg,28170.jpg
8719,/Users/tanmay/Desktop/Capstone/code/Trail/img/archive/myntradataset/images/subset/8719.jpg,8719.jpg
53872,/Users/tanmay/Desktop/Capstone/code/Trail/img/archive/myntradataset/images/subset/53872.jpg,53872.jpg
44198,/Users/tanmay/Desktop/Capstone/code/Trail/img/archive/myntradataset/images/subset/44198.jpg,44198.jpg
30756,/Users/tanmay/Desktop/Capstone/code/Trail/img/archive/myntradataset/images/subset/30756.jpg,30756.jpg
25432,/Users/tanmay/Desktop/Capstone/code/Trail/img/archive/myntradataset/images/subset/25432.jpg,25432.jpg
20394,/Users/tanmay/Desktop/Capstone/code/Trail/img/archive/myntradataset/images/subset/20394.jpg,20394.jpg
47595,/Users/tanmay/Desktop/Capstone/code/Trail/img/archive/myntradataset/images/subset/47595.jpg,47595.jpg
17376,/Users/tanmay/Desktop/Capstone/code/Trail/img/archive/myntradataset/images/subset/17376.jpg,17376.jpg
9646,/Users/tanmay/Desktop/Capstone/code/Trail/img/archive/myntradataset/images/subset/9646.jpg,9646.jpg
34113,/Users/tanmay/Desktop/Capstone/code/Trail/img/archive/myntradataset/images/subset/34113.jpg,34113.jpg
10057,/Users/tanmay/Desktop/Capstone/code/Trail/img/archive/myntradataset/images/subset/10057.jpg,10057.jpg
24370,/Users/tanmay/Desktop/Capstone/code/Trail/img/archive/myntradataset/images/subset/24370.jpg,24370.jpg
44709,/Users/tanmay/Desktop/Capstone/code/Trail/img/archive/myntradataset/images/subset/44709.jpg,44709.jpg
44762,/Users/tanmay/Desktop/Capstone/code/Trail/img/archive/myntradataset/images/subset/44762.jpg,44762.jpg
3043,/Users/tanmay/Desktop/Capstone/code/Trail/img/archive/myntradataset/images/subset/3043.jpg,3043.jpg
57835,/Users/tanmay/Desktop/Capstone/code/Trail/img/archive/myntradataset/images/subset/57835.jpg,57835.jpg
21056,/Users/tanmay/Desktop/Capstone/code/Trail/img/archive/myntradataset/images/subset/21056.jpg,21056.jpg
10269,/Users/tanmay/Desktop/Capstone/code/Trail/img/archive/myntradataset/images/subset/10269.jpg,10269.jpg
28119,/Users/tanmay/Desktop/Capstone/code/Trail/img/archive/myntradataset/images/subset/28119.jpg,28119.jpg
24947,/Users/tanmay/Desktop/Capstone/code/Trail/img/archive/myntradataset/images/subset/24947.jpg,24947.jpg
51912,/Users/tanmay/Desktop/Capstone/code/Trail/img/archive/myntradataset/images/subset/51912.jpg,51912.jpg
3619,/Users/tanmay/Desktop/Capstone/code/Trail/img/archive/myntradataset/images/subset/3619.jpg,3619.jpg
22725,/Users/tanmay/Desktop/Capstone/code/Trail/img/archive/myntradataset/images/subset/22725.jpg,22725.jpg
41472,/Users/tanmay/Desktop/Capstone/code/Trail/img/archive/myntradataset/images/subset/41472.jpg,41472.jpg
21121,/Users/tanmay/Desktop/Capstone/code/Trail/img/archive/myntradataset/images/subset/21121.jpg,21121.jpg
59941,/Users/tanmay/Desktop/Capstone/code/Trail/img/archive/myntradataset/images/subset/59941.jpg,59941.jpg
27232,/Users/tanmay/Desktop/Capstone/code/Trail/img/archive/myntradataset/images/subset/27232.jpg,27232.jpg
55584,/Users/tanmay/Desktop/Capstone/code/Trail/img/archive/myntradataset/images/subset/55584.jpg,55584.jpg
44154,/Users/tanmay/Desktop/Capstone/code/Trail/img/archive/myntradataset/images/subset/44154.jpg,44154.jpg
24973,/Users/tanmay/Desktop/Capstone/code/Trail/img/archive/myntradataset/images/subset/24973.jpg,24973.jpg
39043,/Users/tanmay/Desktop/Capstone/code/Trail/img/archive/myntradataset/images/subset/39043.jpg,39043.jpg
10289,/Users/tanmay/Desktop/Capstone/code/Trail/img/archive/myntradataset/images/subset/10289.jpg,10289.jpg
42054,/Users/tanmay/Desktop/Capstone/code/Trail/img/archive/myntradataset/images/subset/42054.jpg,42054.jpg
40419,/Users/tanmay/Desktop/Capstone/code/Trail/img/archive/myntradataset/images/subset/40419.jpg,40419.jpg
56949,/Users/tanmay/Desktop/Capstone/code/Trail/img/archive/myntradataset/images/subset/56949.jpg,56949.jpg
57086,/Users/tanmay/Desktop/Capstone/code/Trail/img/archive/myntradataset/images/subset/57086.jpg,57086.jpg
4765,/Users/tanmay/Desktop/Capstone/code/Trail/img/archive/myntradataset/images/subset/4765.jpg,4765.jpg
41300,/Users/tanmay/Desktop/Capstone/code/Trail/img/archive/myntradataset/images/subset/41300.jpg,41300.jpg
11896,/Users/tanmay/Desktop/Capstone/code/Trail/img/archive/myntradataset/images/subset/11896.jpg,11896.jpg
27284,/Users/tanmay/Desktop/Capstone/code/Trail/img/archive/myntradataset/images/subset/27284.jpg,27284.jpg
3134,/Users/tanmay/Desktop/Capstone/code/Trail/img/archive/myntradataset/images/subset/3134.jpg,3134.jpg
8819,/Users/tanmay/Desktop/Capstone/code/Trail/img/archive/myntradataset/images/subset/8819.jpg,8819.jpg
18265,/Users/tanmay/Desktop/Capstone/code/Trail/img/archive/myntradataset/images/subset/18265.jpg,18265.jpg
13352,/Users/tanmay/Desktop/Capstone/code/Trail/img/archive/myntradataset/images/subset/13352.jpg,13352.jpg
50469,/Users/tanmay/Desktop/Capstone/code/Trail/img/archive/myntradataset/images/subset/50469.jpg,50469.jpg
46272,/Users/tanmay/Desktop/Capstone/code/Trail/img/archive/myntradataset/images/subset/46272.jpg,46272.jpg
44934,/Users/tanmay/Desktop/Capstone/code/Trail/img/archive/myntradataset/images/subset/44934.jpg,44934.jpg
18638,/Users/tanmay/Desktop/Capstone/code/Trail/img/archive/myntradataset/images/subset/18638.jpg,18638.jpg
40743,/Users/tanmay/Desktop/Capstone/code/Trail/img/archive/myntradataset/images/subset/40743.jpg,40743.jpg
25770,/Users/tanmay/Desktop/Capstone/code/Trail/img/archive/myntradataset/images/subset/25770.jpg,25770.jpg
22890,/Users/tanmay/Desktop/Capstone/code/Trail/img/archive/myntradataset/images/subset/22890.jpg,22890.jpg
57916,/Users/tanmay/Desktop/Capstone/code/Trail/img/archive/myntradataset/images/subset/57916.jpg,57916.jpg
38315,/Users/tanmay/Desktop/Capstone/code/Trail/img/archive/myntradataset/images/subset/38315.jpg,38315.jpg
5682,/Users/tanmay/Desktop/Capstone/code/Trail/img/archive/myntradataset/images/subset/5682.jpg,5682.jpg
8184,/Users/tanmay/Desktop/Capstone/code/Trail/img/archive/myntradataset/images/subset/8184.jpg,8184.jpg
3684,/Users/tanmay/Desktop/Capstone/code/Trail/img/archive/myntradataset/images/subset/3684.jpg,3684.jpg
44024,/Users/tanmay/Desktop/Capstone/code/Trail/img/archive/myntradataset/images/subset/44024.jpg,44024.jpg
16199,/Users/tanmay/Desktop/Capstone/code/Trail/img/archive/myntradataset/images/subset/16199.jpg,16199.jpg
12518,/Users/tanmay/Desktop/Capstone/code/Trail/img/archive/myntradataset/images/subset/12518.jpg,12518.jpg
18005,/Users/tanmay/Desktop/Capstone/code/Trail/img/archive/myntradataset/images/subset/18005.jpg,18005.jpg
16471,/Users/tanmay/Desktop/Capstone/code/Trail/img/archive/myntradataset/images/subset/16471.jpg,16471.jpg
23221,/Users/tanmay/Desktop/Capstone/code/Trail/img/archive/myntradataset/images/subset/23221.jpg,23221.jpg
24265,/Users/tanmay/Desktop/Capstone/code/Trail/img/archive/myntradataset/images/subset/24265.jpg,24265.jpg
13099,/Users/tanmay/Desktop/Capstone/code/Trail/img/archive/myntradataset/images/subset/13099.jpg,13099.jpg
17857,/Users/tanmay/Desktop/Capstone/code/Trail/img/archive/myntradataset/images/subset/17857.jpg,17857.jpg
10402,/Users/tanmay/Desktop/Capstone/code/Trail/img/archive/myntradataset/images/subset/10402.jpg,10402.jpg
7520,/Users/tanmay/Desktop/Capstone/code/Trail/img/archive/myntradataset/images/subset/7520.jpg,7520.jpg
41811,/Users/tanmay/Desktop/Capstone/code/Trail/img/archive/myntradataset/images/subset/41811.jpg,41811.jpg
47146,/Users/tanmay/Desktop/Capstone/code/Trail/img/archive/myntradataset/images/subset/47146.jpg,47146.jpg
7447,/Users/tanmay/Desktop/Capstone/code/Trail/img/archive/myntradataset/images/subset/7447.jpg,7447.jpg
57478,/Users/tanmay/Desktop/Capstone/code/Trail/img/archive/myntradataset/images/subset/57478.jpg,57478.jpg
2365,/Users/tanmay/Desktop/Capstone/code/Trail/img/archive/myntradataset/images/subset/2365.jpg,2365.jpg
10305,/Users/tanmay/Desktop/Capstone/code/Trail/img/archive/myntradataset/images/subset/10305.jpg,10305.jpg
18818,/Users/tanmay/Desktop/Capstone/code/Trail/img/archive/myntradataset/images/subset/18818.jpg,18818.jpg
17224,/Users/tanmay/Desktop/Capstone/code/Trail/img/archive/myntradataset/images/subset/17224.jpg,17224.jpg
52087,/Users/tanmay/Desktop/Capstone/code/Trail/img/archive/myntradataset/images/subset/52087.jpg,52087.jpg
19386,/Users/tanmay/Desktop/Capstone/code/Trail/img/archive/myntradataset/images/subset/19386.jpg,19386.jpg
41912,/Users/tanmay/Desktop/Capstone/code/Trail/img/archive/myntradataset/images/subset/41912.jpg,41912.jpg
48392,/Users/tanmay/Desktop/Capstone/code/Trail/img/archive/myntradataset/images/subset/48392.jpg,48392.jpg
24528,/Users/tanmay/Desktop/Capstone/code/Trail/img/archive/myntradataset/images/subset/24528.jpg,24528.jpg
12839,/Users/tanmay/Desktop/Capstone/code/Trail/img/archive/myntradataset/images/subset/12839.jpg,12839.jpg
59642,/Users/tanmay/Desktop/Capstone/code/Trail/img/archive/myntradataset/images/subset/59642.jpg,59642.jpg
6629,/Users/tanmay/Desktop/Capstone/code/Trail/img/archive/myntradataset/images/subset/6629.jpg,6629.jpg
54484,/Users/tanmay/Desktop/Capstone/code/Trail/img/archive/myntradataset/images/subset/54484.jpg,54484.jpg
52447,/Users/tanmay/Desktop/Capstone/code/Trail/img/archive/myntradataset/images/subset/52447.jpg,52447.jpg
15343,/Users/tanmay/Desktop/Capstone/code/Trail/img/archive/myntradataset/images/subset/15343.jpg,15343.jpg
46725,/Users/tanmay/Desktop/Capstone/code/Trail/img/archive/myntradataset/images/subset/46725.jpg,46725.jpg
18389,/Users/tanmay/Desktop/Capstone/code/Trail/img/archive/myntradataset/images/subset/18389.jpg,18389.jpg
2615,/Users/tanmay/Desktop/Capstone/code/Trail/img/archive/myntradataset/images/subset/2615.jpg,2615.jpg
52114,/Users/tanmay/Desktop/Capstone/code/Trail/img/archive/myntradataset/images/subset/52114.jpg,52114.jpg
30630,/Users/tanmay/Desktop/Capstone/code/Trail/img/archive/myntradataset/images/subset/30630.jpg,30630.jpg
39788,/Users/tanmay/Desktop/Capstone/code/Trail/img/archive/myntradataset/images/subset/39788.jpg,39788.jpg
10630,/Users/tanmay/Desktop/Capstone/code/Trail/img/archive/myntradataset/images/subset/10630.jpg,10630.jpg
10031,/Users/tanmay/Desktop/Capstone/code/Trail/img/archive/myntradataset/images/subset/10031.jpg,10031.jpg
58612,/Users/tanmay/Desktop/Capstone/code/Trail/img/archive/myntradataset/images/subset/58612.jpg,58612.jpg
40051,/Users/tanmay/Desktop/Capstone/code/Trail/img/archive/myntradataset/images/subset/40051.jpg,40051.jpg
39256,/Users/tanmay/Desktop/Capstone/code/Trail/img/archive/myntradataset/images/subset/39256.jpg,39256.jpg
37131,/Users/tanmay/Desktop/Capstone/code/Trail/img/archive/myntradataset/images/subset/37131.jpg,37131.jpg
15855,/Users/tanmay/Desktop/Capstone/code/Trail/img/archive/myntradataset/images/subset/15855.jpg,15855.jpg
19784,/Users/tanmay/Desktop/Capstone/code/Trail/img/archive/myntradataset/images/subset/19784.jpg,19784.jpg
55487,/Users/tanmay/Desktop/Capstone/code/Trail/img/archive/myntradataset/images/subset/55487.jpg,55487.jpg
8556,/Users/tanmay/Desktop/Capstone/code/Trail/img/archive/myntradataset/images/subset/8556.jpg,8556.jpg
28160,/Users/tanmay/Desktop/Capstone/code/Trail/img/archive/myntradataset/images/subset/28160.jpg,28160.jpg
16890,/Users/tanmay/Desktop/Capstone/code/Trail/img/archive/myntradataset/images/subset/16890.jpg,16890.jpg
34401,/Users/tanmay/Desktop/Capstone/code/Trail/img/archive/myntradataset/images/subset/34401.jpg,34401.jpg
6556,/Users/tanmay/Desktop/Capstone/code/Trail/img/archive/myntradataset/images/subset/6556.jpg,6556.jpg
54563,/Users/tanmay/Desktop/Capstone/code/Trail/img/archive/myntradataset/images/subset/54563.jpg,54563.jpg
15904,/Users/tanmay/Desktop/Capstone/code/Trail/img/archive/myntradataset/images/subset/15904.jpg,15904.jpg
26930,/Users/tanmay/Desktop/Capstone/code/Trail/img/archive/myntradataset/images/subset/26930.jpg,26930.jpg
58800,/Users/tanmay/Desktop/Capstone/code/Trail/img/archive/myntradataset/images/subset/58800.jpg,58800.jpg
26206,/Users/tanmay/Desktop/Capstone/code/Trail/img/archive/myntradataset/images/subset/26206.jpg,26206.jpg
11868,/Users/tanmay/Desktop/Capstone/code/Trail/img/archive/myntradataset/images/subset/11868.jpg,11868.jpg
19771,/Users/tanmay/Desktop/Capstone/code/Trail/img/archive/myntradataset/images/subset/19771.jpg,19771.jpg
25410,/Users/tanmay/Desktop/Capstone/code/Trail/img/archive/myntradataset/images/subset/25410.jpg,25410.jpg
48100,/Users/tanmay/Desktop/Capstone/code/Trail/img/archive/myntradataset/images/subset/48100.jpg,48100.jpg
39019,/Users/tanmay/Desktop/Capstone/code/Trail/img/archive/myntradataset/images/subset/39019.jpg,39019.jpg
27221,/Users/tanmay/Desktop/Capstone/code/Trail/img/archive/myntradataset/images/subset/27221.jpg,27221.jpg
57391,/Users/tanmay/Desktop/Capstone/code/Trail/img/archive/myntradataset/images/subset/57391.jpg,57391.jpg
19731,/Users/tanmay/Desktop/Capstone/code/Trail/img/archive/myntradataset/images/subset/19731.jpg,19731.jpg
59130,/Users/tanmay/Desktop/Capstone/code/Trail/img/archive/myntradataset/images/subset/59130.jpg,59130.jpg
28040,/Users/tanmay/Desktop/Capstone/code/Trail/img/archive/myntradataset/images/subset/28040.jpg,28040.jpg
22807,/Users/tanmay/Desktop/Capstone/code/Trail/img/archive/myntradataset/images/subset/22807.jpg,22807.jpg
44001,/Users/tanmay/Desktop/Capstone/code/Trail/img/archive/myntradataset/images/subset/44001.jpg,44001.jpg
29457,/Users/tanmay/Desktop/Capstone/code/Trail/img/archive/myntradataset/images/subset/29457.jpg,29457.jpg
7265,/Users/tanmay/Desktop/Capstone/code/Trail/img/archive/myntradataset/images/subset/7265.jpg,7265.jpg
17332,/Users/tanmay/Desktop/Capstone/code/Trail/img/archive/myntradataset/images/subset/17332.jpg,17332.jpg
39570,/Users/tanmay/Desktop/Capstone/code/Trail/img/archive/myntradataset/images/subset/39570.jpg,39570.jpg
30959,/Users/tanmay/Desktop/Capstone/code/Trail/img/archive/myntradataset/images/subset/30959.jpg,30959.jpg
36471,/Users/tanmay/Desktop/Capstone/code/Trail/img/archive/myntradataset/images/subset/36471.jpg,36471.jpg
49993,/Users/tanmay/Desktop/Capstone/code/Trail/img/archive/myntradataset/images/subset/49993.jpg,49993.jpg
33238,/Users/tanmay/Desktop/Capstone/code/Trail/img/archive/myntradataset/images/subset/33238.jpg,33238.jpg
48612,/Users/tanmay/Desktop/Capstone/code/Trail/img/archive/myntradataset/images/subset/48612.jpg,48612.jpg
36813,/Users/tanmay/Desktop/Capstone/code/Trail/img/archive/myntradataset/images/subset/36813.jpg,36813.jpg
14482,/Users/tanmay/Desktop/Capstone/code/Trail/img/archive/myntradataset/images/subset/14482.jpg,14482.jpg
17839,/Users/tanmay/Desktop/Capstone/code/Trail/img/archive/myntradataset/images/subset/17839.jpg,17839.jpg
57964,/Users/tanmay/Desktop/Capstone/code/Trail/img/archive/myntradataset/images/subset/57964.jpg,57964.jpg
24323,/Users/tanmay/Desktop/Capstone/code/Trail/img/archive/myntradataset/images/subset/24323.jpg,24323.jpg
18174,/Users/tanmay/Desktop/Capstone/code/Trail/img/archive/myntradataset/images/subset/18174.jpg,18174.jpg
3672,/Users/tanmay/Desktop/Capstone/code/Trail/img/archive/myntradataset/images/subset/3672.jpg,3672.jpg
15944,/Users/tanmay/Desktop/Capstone/code/Trail/img/archive/myntradataset/images/subset/15944.jpg,15944.jpg
32576,/Users/tanmay/Desktop/Capstone/code/Trail/img/archive/myntradataset/images/subset/32576.jpg,32576.jpg
13853,/Users/tanmay/Desktop/Capstone/code/Trail/img/archive/myntradataset/images/subset/13853.jpg,13853.jpg
37506,/Users/tanmay/Desktop/Capstone/code/Trail/img/archive/myntradataset/images/subset/37506.jpg,37506.jpg
38625,/Users/tanmay/Desktop/Capstone/code/Trail/img/archive/myntradataset/images/subset/38625.jpg,38625.jpg
5847,/Users/tanmay/Desktop/Capstone/code/Trail/img/archive/myntradataset/images/subset/5847.jpg,5847.jpg
12676,/Users/tanmay/Desktop/Capstone/code/Trail/img/archive/myntradataset/images/subset/12676.jpg,12676.jpg
43703,/Users/tanmay/Desktop/Capstone/code/Trail/img/archive/myntradataset/images/subset/43703.jpg,43703.jpg
33479,/Users/tanmay/Desktop/Capstone/code/Trail/img/archive/myntradataset/images/subset/33479.jpg,33479.jpg
14751,/Users/tanmay/Desktop/Capstone/code/Trail/img/archive/myntradataset/images/subset/14751.jpg,14751.jpg
5301,/Users/tanmay/Desktop/Capstone/code/Trail/img/archive/myntradataset/images/subset/5301.jpg,5301.jpg
25271,/Users/tanmay/Desktop/Capstone/code/Trail/img/archive/myntradataset/images/subset/25271.jpg,25271.jpg
47348,/Users/tanmay/Desktop/Capstone/code/Trail/img/archive/myntradataset/images/subset/47348.jpg,47348.jpg
30888,/Users/tanmay/Desktop/Capstone/code/Trail/img/archive/myntradataset/images/subset/30888.jpg,30888.jpg
19144,/Users/tanmay/Desktop/Capstone/code/Trail/img/archive/myntradataset/images/subset/19144.jpg,19144.jpg
15515,/Users/tanmay/Desktop/Capstone/code/Trail/img/archive/myntradataset/images/subset/15515.jpg,15515.jpg
50504,/Users/tanmay/Desktop/Capstone/code/Trail/img/archive/myntradataset/images/subset/50504.jpg,50504.jpg
54862,/Users/tanmay/Desktop/Capstone/code/Trail/img/archive/myntradataset/images/subset/54862.jpg,54862.jpg
40161,/Users/tanmay/Desktop/Capstone/code/Trail/img/archive/myntradataset/images/subset/40161.jpg,40161.jpg
20595,/Users/tanmay/Desktop/Capstone/code/Trail/img/archive/myntradataset/images/subset/20595.jpg,20595.jpg
59778,/Users/tanmay/Desktop/Capstone/code/Trail/img/archive/myntradataset/images/subset/59778.jpg,59778.jpg
8688,/Users/tanmay/Desktop/Capstone/code/Trail/img/archive/myntradataset/images/subset/8688.jpg,8688.jpg
8528,/Users/tanmay/Desktop/Capstone/code/Trail/img/archive/myntradataset/images/subset/8528.jpg,8528.jpg
59454,/Users/tanmay/Desktop/Capstone/code/Trail/img/archive/myntradataset/images/subset/59454.jpg,59454.jpg
27479,/Users/tanmay/Desktop/Capstone/code/Trail/img/archive/myntradataset/images/subset/27479.jpg,27479.jpg
57833,/Users/tanmay/Desktop/Capstone/code/Trail/img/archive/myntradataset/images/subset/57833.jpg,57833.jpg
16829,/Users/tanmay/Desktop/Capstone/code/Trail/img/archive/myntradataset/images/subset/16829.jpg,16829.jpg
18038,/Users/tanmay/Desktop/Capstone/code/Trail/img/archive/myntradataset/images/subset/18038.jpg,18038.jpg
50283,/Users/tanmay/Desktop/Capstone/code/Trail/img/archive/myntradataset/images/subset/50283.jpg,50283.jpg
14375,/Users/tanmay/Desktop/Capstone/code/Trail/img/archive/myntradataset/images/subset/14375.jpg,14375.jpg
1984,/Users/tanmay/Desktop/Capstone/code/Trail/img/archive/myntradataset/images/subset/1984.jpg,1984.jpg
15673,/Users/tanmay/Desktop/Capstone/code/Trail/img/archive/myntradataset/images/subset/15673.jpg,15673.jpg
42921,/Users/tanmay/Desktop/Capstone/code/Trail/img/archive/myntradataset/images/subset/42921.jpg,42921.jpg
36722,/Users/tanmay/Desktop/Capstone/code/Trail/img/archive/myntradataset/images/subset/36722.jpg,36722.jpg
48512,/Users/tanmay/Desktop/Capstone/code/Trail/img/archive/myntradataset/images/subset/48512.jpg,48512.jpg
21248,/Users/tanmay/Desktop/Capstone/code/Trail/img/archive/myntradataset/images/subset/21248.jpg,21248.jpg
32006,/Users/tanmay/Desktop/Capstone/code/Trail/img/archive/myntradataset/images/subset/32006.jpg,32006.jpg
38965,/Users/tanmay/Desktop/Capstone/code/Trail/img/archive/myntradataset/images/subset/38965.jpg,38965.jpg
18166,/Users/tanmay/Desktop/Capstone/code/Trail/img/archive/myntradataset/images/subset/18166.jpg,18166.jpg
50656,/Users/tanmay/Desktop/Capstone/code/Trail/img/archive/myntradataset/images/subset/50656.jpg,50656.jpg
17641,/Users/tanmay/Desktop/Capstone/code/Trail/img/archive/myntradataset/images/subset/17641.jpg,17641.jpg
34199,/Users/tanmay/Desktop/Capstone/code/Trail/img/archive/myntradataset/images/subset/34199.jpg,34199.jpg
23951,/Users/tanmay/Desktop/Capstone/code/Trail/img/archive/myntradataset/images/subset/23951.jpg,23951.jpg
52431,/Users/tanmay/Desktop/Capstone/code/Trail/img/archive/myntradataset/images/subset/52431.jpg,52431.jpg
5832,/Users/tanmay/Desktop/Capstone/code/Trail/img/archive/myntradataset/images/subset/5832.jpg,5832.jpg
33428,/Users/tanmay/Desktop/Capstone/code/Trail/img/archive/myntradataset/images/subset/33428.jpg,33428.jpg
40540,/Users/tanmay/Desktop/Capstone/code/Trail/img/archive/myntradataset/images/subset/40540.jpg,40540.jpg
5494,/Users/tanmay/Desktop/Capstone/code/Trail/img/archive/myntradataset/images/subset/5494.jpg,5494.jpg
4444,/Users/tanmay/Desktop/Capstone/code/Trail/img/archive/myntradataset/images/subset/4444.jpg,4444.jpg
20790,/Users/tanmay/Desktop/Capstone/code/Trail/img/archive/myntradataset/images/subset/20790.jpg,20790.jpg
58497,/Users/tanmay/Desktop/Capstone/code/Trail/img/archive/myntradataset/images/subset/58497.jpg,58497.jpg
26547,/Users/tanmay/Desktop/Capstone/code/Trail/img/archive/myntradataset/images/subset/26547.jpg,26547.jpg
12982,/Users/tanmay/Desktop/Capstone/code/Trail/img/archive/myntradataset/images/subset/12982.jpg,12982.jpg
14159,/Users/tanmay/Desktop/Capstone/code/Trail/img/archive/myntradataset/images/subset/14159.jpg,14159.jpg
32638,/Users/tanmay/Desktop/Capstone/code/Trail/img/archive/myntradataset/images/subset/32638.jpg,32638.jpg
20305,/Users/tanmay/Desktop/Capstone/code/Trail/img/archive/myntradataset/images/subset/20305.jpg,20305.jpg
38367,/Users/tanmay/Desktop/Capstone/code/Trail/img/archive/myntradataset/images/subset/38367.jpg,38367.jpg
52862,/Users/tanmay/Desktop/Capstone/code/Trail/img/archive/myntradataset/images/subset/52862.jpg,52862.jpg
59851,/Users/tanmay/Desktop/Capstone/code/Trail/img/archive/myntradataset/images/subset/59851.jpg,59851.jpg
48146,/Users/tanmay/Desktop/Capstone/code/Trail/img/archive/myntradataset/images/subset/48146.jpg,48146.jpg
3029,/Users/tanmay/Desktop/Capstone/code/Trail/img/archive/myntradataset/images/subset/3029.jpg,3029.jpg
26122,/Users/tanmay/Desktop/Capstone/code/Trail/img/archive/myntradataset/images/subset/26122.jpg,26122.jpg
47535,/Users/tanmay/Desktop/Capstone/code/Trail/img/archive/myntradataset/images/subset/47535.jpg,47535.jpg
19313,/Users/tanmay/Desktop/Capstone/code/Trail/img/archive/myntradataset/images/subset/19313.jpg,19313.jpg
17031,/Users/tanmay/Desktop/Capstone/code/Trail/img/archive/myntradataset/images/subset/17031.jpg,17031.jpg
34018,/Users/tanmay/Desktop/Capstone/code/Trail/img/archive/myntradataset/images/subset/34018.jpg,34018.jpg
14780,/Users/tanmay/Desktop/Capstone/code/Trail/img/archive/myntradataset/images/subset/14780.jpg,14780.jpg
43914,/Users/tanmay/Desktop/Capstone/code/Trail/img/archive/myntradataset/images/subset/43914.jpg,43914.jpg
40047,/Users/tanmay/Desktop/Capstone/code/Trail/img/archive/myntradataset/images/subset/40047.jpg,40047.jpg
19779,/Users/tanmay/Desktop/Capstone/code/Trail/img/archive/myntradataset/images/subset/19779.jpg,19779.jpg
19711,/Users/tanmay/Desktop/Capstone/code/Trail/img/archive/myntradataset/images/subset/19711.jpg,19711.jpg
23557,/Users/tanmay/Desktop/Capstone/code/Trail/img/archive/myntradataset/images/subset/23557.jpg,23557.jpg
57601,/Users/tanmay/Desktop/Capstone/code/Trail/img/archive/myntradataset/images/subset/57601.jpg,57601.jpg
12177,/Users/tanmay/Desktop/Capstone/code/Trail/img/archive/myntradataset/images/subset/12177.jpg,12177.jpg
6405,/Users/tanmay/Desktop/Capstone/code/Trail/img/archive/myntradataset/images/subset/6405.jpg,6405.jpg
13466,/Users/tanmay/Desktop/Capstone/code/Trail/img/archive/myntradataset/images/subset/13466.jpg,13466.jpg
19613,/Users/tanmay/Desktop/Capstone/code/Trail/img/archive/myntradataset/images/subset/19613.jpg,19613.jpg
25738,/Users/tanmay/Desktop/Capstone/code/Trail/img/archive/myntradataset/images/subset/25738.jpg,25738.jpg
39945,/Users/tanmay/Desktop/Capstone/code/Trail/img/archive/myntradataset/images/subset/39945.jpg,39945.jpg
19534,/Users/tanmay/Desktop/Capstone/code/Trail/img/archive/myntradataset/images/subset/19534.jpg,19534.jpg
19867,/Users/tanmay/Desktop/Capstone/code/Trail/img/archive/myntradataset/images/subset/19867.jpg,19867.jpg
54909,/Users/tanmay/Desktop/Capstone/code/Trail/img/archive/myntradataset/images/subset/54909.jpg,54909.jpg
31936,/Users/tanmay/Desktop/Capstone/code/Trail/img/archive/myntradataset/images/subset/31936.jpg,31936.jpg
9976,/Users/tanmay/Desktop/Capstone/code/Trail/img/archive/myntradataset/images/subset/9976.jpg,9976.jpg
59440,/Users/tanmay/Desktop/Capstone/code/Trail/img/archive/myntradataset/images/subset/59440.jpg,59440.jpg
17378,/Users/tanmay/Desktop/Capstone/code/Trail/img/archive/myntradataset/images/subset/17378.jpg,17378.jpg
19528,/Users/tanmay/Desktop/Capstone/code/Trail/img/archive/myntradataset/images/subset/19528.jpg,19528.jpg
17621,/Users/tanmay/Desktop/Capstone/code/Trail/img/archive/myntradataset/images/subset/17621.jpg,17621.jpg
49804,/Users/tanmay/Desktop/Capstone/code/Trail/img/archive/myntradataset/images/subset/49804.jpg,49804.jpg
39518,/Users/tanmay/Desktop/Capstone/code/Trail/img/archive/myntradataset/images/subset/39518.jpg,39518.jpg
1625,/Users/tanmay/Desktop/Capstone/code/Trail/img/archive/myntradataset/images/subset/1625.jpg,1625.jpg
45880,/Users/tanmay/Desktop/Capstone/code/Trail/img/archive/myntradataset/images/subset/45880.jpg,45880.jpg
46562,/Users/tanmay/Desktop/Capstone/code/Trail/img/archive/myntradataset/images/subset/46562.jpg,46562.jpg
15992,/Users/tanmay/Desktop/Capstone/code/Trail/img/archive/myntradataset/images/subset/15992.jpg,15992.jpg
56882,/Users/tanmay/Desktop/Capstone/code/Trail/img/archive/myntradataset/images/subset/56882.jpg,56882.jpg
17426,/Users/tanmay/Desktop/Capstone/code/Trail/img/archive/myntradataset/images/subset/17426.jpg,17426.jpg
35104,/Users/tanmay/Desktop/Capstone/code/Trail/img/archive/myntradataset/images/subset/35104.jpg,35104.jpg
49623,/Users/tanmay/Desktop/Capstone/code/Trail/img/archive/myntradataset/images/subset/49623.jpg,49623.jpg
29845,/Users/tanmay/Desktop/Capstone/code/Trail/img/archive/myntradataset/images/subset/29845.jpg,29845.jpg
11012,/Users/tanmay/Desktop/Capstone/code/Trail/img/archive/myntradataset/images/subset/11012.jpg,11012.jpg
53563,/Users/tanmay/Desktop/Capstone/code/Trail/img/archive/myntradataset/images/subset/53563.jpg,53563.jpg
25094,/Users/tanmay/Desktop/Capstone/code/Trail/img/archive/myntradataset/images/subset/25094.jpg,25094.jpg
21920,/Users/tanmay/Desktop/Capstone/code/Trail/img/archive/myntradataset/images/subset/21920.jpg,21920.jpg
12619,/Users/tanmay/Desktop/Capstone/code/Trail/img/archive/myntradataset/images/subset/12619.jpg,12619.jpg
48347,/Users/tanmay/Desktop/Capstone/code/Trail/img/archive/myntradataset/images/subset/48347.jpg,48347.jpg
15252,/Users/tanmay/Desktop/Capstone/code/Trail/img/archive/myntradataset/images/subset/15252.jpg,15252.jpg
29561,/Users/tanmay/Desktop/Capstone/code/Trail/img/archive/myntradataset/images/subset/29561.jpg,29561.jpg
25998,/Users/tanmay/Desktop/Capstone/code/Trail/img/archive/myntradataset/images/subset/25998.jpg,25998.jpg
17133,/Users/tanmay/Desktop/Capstone/code/Trail/img/archive/myntradataset/images/subset/17133.jpg,17133.jpg
13347,/Users/tanmay/Desktop/Capstone/code/Trail/img/archive/myntradataset/images/subset/13347.jpg,13347.jpg
30881,/Users/tanmay/Desktop/Capstone/code/Trail/img/archive/myntradataset/images/subset/30881.jpg,30881.jpg
28128,/Users/tanmay/Desktop/Capstone/code/Trail/img/archive/myntradataset/images/subset/28128.jpg,28128.jpg
25923,/Users/tanmay/Desktop/Capstone/code/Trail/img/archive/myntradataset/images/subset/25923.jpg,25923.jpg
20121,/Users/tanmay/Desktop/Capstone/code/Trail/img/archive/myntradataset/images/subset/20121.jpg,20121.jpg
5406,/Users/tanmay/Desktop/Capstone/code/Trail/img/archive/myntradataset/images/subset/5406.jpg,5406.jpg
15528,/Users/tanmay/Desktop/Capstone/code/Trail/img/archive/myntradataset/images/subset/15528.jpg,15528.jpg
44811,/Users/tanmay/Desktop/Capstone/code/Trail/img/archive/myntradataset/images/subset/44811.jpg,44811.jpg
14068,/Users/tanmay/Desktop/Capstone/code/Trail/img/archive/myntradataset/images/subset/14068.jpg,14068.jpg
57735,/Users/tanmay/Desktop/Capstone/code/Trail/img/archive/myntradataset/images/subset/57735.jpg,57735.jpg
52456,/Users/tanmay/Desktop/Capstone/code/Trail/img/archive/myntradataset/images/subset/52456.jpg,52456.jpg
28985,/Users/tanmay/Desktop/Capstone/code/Trail/img/archive/myntradataset/images/subset/28985.jpg,28985.jpg
57109,/Users/tanmay/Desktop/Capstone/code/Trail/img/archive/myntradataset/images/subset/57109.jpg,57109.jpg
55437,/Users/tanmay/Desktop/Capstone/code/Trail/img/archive/myntradataset/images/subset/55437.jpg,55437.jpg
38173,/Users/tanmay/Desktop/Capstone/code/Trail/img/archive/myntradataset/images/subset/38173.jpg,38173.jpg
3009,/Users/tanmay/Desktop/Capstone/code/Trail/img/archive/myntradataset/images/subset/3009.jpg,3009.jpg
3411,/Users/tanmay/Desktop/Capstone/code/Trail/img/archive/myntradataset/images/subset/3411.jpg,3411.jpg
35469,/Users/tanmay/Desktop/Capstone/code/Trail/img/archive/myntradataset/images/subset/35469.jpg,35469.jpg
59561,/Users/tanmay/Desktop/Capstone/code/Trail/img/archive/myntradataset/images/subset/59561.jpg,59561.jpg
17491,/Users/tanmay/Desktop/Capstone/code/Trail/img/archive/myntradataset/images/subset/17491.jpg,17491.jpg
28294,/Users/tanmay/Desktop/Capstone/code/Trail/img/archive/myntradataset/images/subset/28294.jpg,28294.jpg
15693,/Users/tanmay/Desktop/Capstone/code/Trail/img/archive/myntradataset/images/subset/15693.jpg,15693.jpg
37571,/Users/tanmay/Desktop/Capstone/code/Trail/img/archive/myntradataset/images/subset/37571.jpg,37571.jpg
33824,/Users/tanmay/Desktop/Capstone/code/Trail/img/archive/myntradataset/images/subset/33824.jpg,33824.jpg
30573,/Users/tanmay/Desktop/Capstone/code/Trail/img/archive/myntradataset/images/subset/30573.jpg,30573.jpg
53145,/Users/tanmay/Desktop/Capstone/code/Trail/img/archive/myntradataset/images/subset/53145.jpg,53145.jpg
47084,/Users/tanmay/Desktop/Capstone/code/Trail/img/archive/myntradataset/images/subset/47084.jpg,47084.jpg
13474,/Users/tanmay/Desktop/Capstone/code/Trail/img/archive/myntradataset/images/subset/13474.jpg,13474.jpg
5397,/Users/tanmay/Desktop/Capstone/code/Trail/img/archive/myntradataset/images/subset/5397.jpg,5397.jpg
19319,/Users/tanmay/Desktop/Capstone/code/Trail/img/archive/myntradataset/images/subset/19319.jpg,19319.jpg
56940,/Users/tanmay/Desktop/Capstone/code/Trail/img/archive/myntradataset/images/subset/56940.jpg,56940.jpg
55246,/Users/tanmay/Desktop/Capstone/code/Trail/img/archive/myntradataset/images/subset/55246.jpg,55246.jpg
42605,/Users/tanmay/Desktop/Capstone/code/Trail/img/archive/myntradataset/images/subset/42605.jpg,42605.jpg
39847,/Users/tanmay/Desktop/Capstone/code/Trail/img/archive/myntradataset/images/subset/39847.jpg,39847.jpg
51057,/Users/tanmay/Desktop/Capstone/code/Trail/img/archive/myntradataset/images/subset/51057.jpg,51057.jpg
11259,/Users/tanmay/Desktop/Capstone/code/Trail/img/archive/myntradataset/images/subset/11259.jpg,11259.jpg
46025,/Users/tanmay/Desktop/Capstone/code/Trail/img/archive/myntradataset/images/subset/46025.jpg,46025.jpg
44103,/Users/tanmay/Desktop/Capstone/code/Trail/img/archive/myntradataset/images/subset/44103.jpg,44103.jpg
29114,/Users/tanmay/Desktop/Capstone/code/Trail/img/archive/myntradataset/images/subset/29114.jpg,29114.jpg
4256,/Users/tanmay/Desktop/Capstone/code/Trail/img/archive/myntradataset/images/subset/4256.jpg,4256.jpg
32163,/Users/tanmay/Desktop/Capstone/code/Trail/img/archive/myntradataset/images/subset/32163.jpg,32163.jpg
4199,/Users/tanmay/Desktop/Capstone/code/Trail/img/archive/myntradataset/images/subset/4199.jpg,4199.jpg
28119,/Users/tanmay/Desktop/Capstone/code/Trail/img/archive/myntradataset/images/subset/28119.jpg,28119.jpg
55517,/Users/tanmay/Desktop/Capstone/code/Trail/img/archive/myntradataset/images/subset/55517.jpg,55517.jpg
54588,/Users/tanmay/Desktop/Capstone/code/Trail/img/archive/myntradataset/images/subset/54588.jpg,54588.jpg
44779,/Users/tanmay/Desktop/Capstone/code/Trail/img/archive/myntradataset/images/subset/44779.jpg,44779.jpg
20928,/Users/tanmay/Desktop/Capstone/code/Trail/img/archive/myntradataset/images/subset/20928.jpg,20928.jpg
45247,/Users/tanmay/Desktop/Capstone/code/Trail/img/archive/myntradataset/images/subset/45247.jpg,45247.jpg
11790,/Users/tanmay/Desktop/Capstone/code/Trail/img/archive/myntradataset/images/subset/11790.jpg,11790.jpg
11298,/Users/tanmay/Desktop/Capstone/code/Trail/img/archive/myntradataset/images/subset/11298.jpg,11298.jpg
24311,/Users/tanmay/Desktop/Capstone/code/Trail/img/archive/myntradataset/images/subset/24311.jpg,24311.jpg
57968,/Users/tanmay/Desktop/Capstone/code/Trail/img/archive/myntradataset/images/subset/57968.jpg,57968.jpg
11665,/Users/tanmay/Desktop/Capstone/code/Trail/img/archive/myntradataset/images/subset/11665.jpg,11665.jpg
55615,/Users/tanmay/Desktop/Capstone/code/Trail/img/archive/myntradataset/images/subset/55615.jpg,55615.jpg
1788,/Users/tanmay/Desktop/Capstone/code/Trail/img/archive/myntradataset/images/subset/1788.jpg,1788.jpg
58727,/Users/tanmay/Desktop/Capstone/code/Trail/img/archive/myntradataset/images/subset/58727.jpg,58727.jpg
7569,/Users/tanmay/Desktop/Capstone/code/Trail/img/archive/myntradataset/images/subset/7569.jpg,7569.jpg
17484,/Users/tanmay/Desktop/Capstone/code/Trail/img/archive/myntradataset/images/subset/17484.jpg,17484.jpg
5082,/Users/tanmay/Desktop/Capstone/code/Trail/img/archive/myntradataset/images/subset/5082.jpg,5082.jpg
1545,/Users/tanmay/Desktop/Capstone/code/Trail/img/archive/myntradataset/images/subset/1545.jpg,1545.jpg
24782,/Users/tanmay/Desktop/Capstone/code/Trail/img/archive/myntradataset/images/subset/24782.jpg,24782.jpg
18684,/Users/tanmay/Desktop/Capstone/code/Trail/img/archive/myntradataset/images/subset/18684.jpg,18684.jpg
47428,/Users/tanmay/Desktop/Capstone/code/Trail/img/archive/myntradataset/images/subset/47428.jpg,47428.jpg
38796,/Users/tanmay/Desktop/Capstone/code/Trail/img/archive/myntradataset/images/subset/38796.jpg,38796.jpg
36904,/Users/tanmay/Desktop/Capstone/code/Trail/img/archive/myntradataset/images/subset/36904.jpg,36904.jpg
7191,/Users/tanmay/Desktop/Capstone/code/Trail/img/archive/myntradataset/images/subset/7191.jpg,7191.jpg
45789,/Users/tanmay/Desktop/Capstone/code/Trail/img/archive/myntradataset/images/subset/45789.jpg,45789.jpg
22407,/Users/tanmay/Desktop/Capstone/code/Trail/img/archive/myntradataset/images/subset/22407.jpg,22407.jpg
2500,/Users/tanmay/Desktop/Capstone/code/Trail/img/archive/myntradataset/images/subset/2500.jpg,2500.jpg
2851,/Users/tanmay/Desktop/Capstone/code/Trail/img/archive/myntradataset/images/subset/2851.jpg,2851.jpg
3236,/Users/tanmay/Desktop/Capstone/code/Trail/img/archive/myntradataset/images/subset/3236.jpg,3236.jpg
25452,/Users/tanmay/Desktop/Capstone/code/Trail/img/archive/myntradataset/images/subset/25452.jpg,25452.jpg
22721,/Users/tanmay/Desktop/Capstone/code/Trail/img/archive/myntradataset/images/subset/22721.jpg,22721.jpg
13548,/Users/tanmay/Desktop/Capstone/code/Trail/img/archive/myntradataset/images/subset/13548.jpg,13548.jpg
24510,/Users/tanmay/Desktop/Capstone/code/Trail/img/archive/myntradataset/images/subset/24510.jpg,24510.jpg
34624,/Users/tanmay/Desktop/Capstone/code/Trail/img/archive/myntradataset/images/subset/34624.jpg,34624.jpg
29985,/Users/tanmay/Desktop/Capstone/code/Trail/img/archive/myntradataset/images/subset/29985.jpg,29985.jpg
51360,/Users/tanmay/Desktop/Capstone/code/Trail/img/archive/myntradataset/images/subset/51360.jpg,51360.jpg
21896,/Users/tanmay/Desktop/Capstone/code/Trail/img/archive/myntradataset/images/subset/21896.jpg,21896.jpg
55137,/Users/tanmay/Desktop/Capstone/code/Trail/img/archive/myntradataset/images/subset/55137.jpg,55137.jpg
26451,/Users/tanmay/Desktop/Capstone/code/Trail/img/archive/myntradataset/images/subset/26451.jpg,26451.jpg
44213,/Users/tanmay/Desktop/Capstone/code/Trail/img/archive/myntradataset/images/subset/44213.jpg,44213.jpg
27670,/Users/tanmay/Desktop/Capstone/code/Trail/img/archive/myntradataset/images/subset/27670.jpg,27670.jpg
49121,/Users/tanmay/Desktop/Capstone/code/Trail/img/archive/myntradataset/images/subset/49121.jpg,49121.jpg
21613,/Users/tanmay/Desktop/Capstone/code/Trail/img/archive/myntradataset/images/subset/21613.jpg,21613.jpg
57759,/Users/tanmay/Desktop/Capstone/code/Trail/img/archive/myntradataset/images/subset/57759.jpg,57759.jpg
12367,/Users/tanmay/Desktop/Capstone/code/Trail/img/archive/myntradataset/images/subset/12367.jpg,12367.jpg
54728,/Users/tanmay/Desktop/Capstone/code/Trail/img/archive/myntradataset/images/subset/54728.jpg,54728.jpg
15004,/Users/tanmay/Desktop/Capstone/code/Trail/img/archive/myntradataset/images/subset/15004.jpg,15004.jpg
20272,/Users/tanmay/Desktop/Capstone/code/Trail/img/archive/myntradataset/images/subset/20272.jpg,20272.jpg
11500,/Users/tanmay/Desktop/Capstone/code/Trail/img/archive/myntradataset/images/subset/11500.jpg,11500.jpg
24405,/Users/tanmay/Desktop/Capstone/code/Trail/img/archive/myntradataset/images/subset/24405.jpg,24405.jpg
24660,/Users/tanmay/Desktop/Capstone/code/Trail/img/archive/myntradataset/images/subset/24660.jpg,24660.jpg
29289,/Users/tanmay/Desktop/Capstone/code/Trail/img/archive/myntradataset/images/subset/29289.jpg,29289.jpg
45146,/Users/tanmay/Desktop/Capstone/code/Trail/img/archive/myntradataset/images/subset/45146.jpg,45146.jpg
4315,/Users/tanmay/Desktop/Capstone/code/Trail/img/archive/myntradataset/images/subset/4315.jpg,4315.jpg
58096,/Users/tanmay/Desktop/Capstone/code/Trail/img/archive/myntradataset/images/subset/58096.jpg,58096.jpg
28349,/Users/tanmay/Desktop/Capstone/code/Trail/img/archive/myntradataset/images/subset/28349.jpg,28349.jpg
10322,/Users/tanmay/Desktop/Capstone/code/Trail/img/archive/myntradataset/images/subset/10322.jpg,10322.jpg
50975,/Users/tanmay/Desktop/Capstone/code/Trail/img/archive/myntradataset/images/subset/50975.jpg,50975.jpg
59943,/Users/tanmay/Desktop/Capstone/code/Trail/img/archive/myntradataset/images/subset/59943.jpg,59943.jpg
18852,/Users/tanmay/Desktop/Capstone/code/Trail/img/archive/myntradataset/images/subset/18852.jpg,18852.jpg
36804,/Users/tanmay/Desktop/Capstone/code/Trail/img/archive/myntradataset/images/subset/36804.jpg,36804.jpg
3241,/Users/tanmay/Desktop/Capstone/code/Trail/img/archive/myntradataset/images/subset/3241.jpg,3241.jpg
54003,/Users/tanmay/Desktop/Capstone/code/Trail/img/archive/myntradataset/images/subset/54003.jpg,54003.jpg
9942,/Users/tanmay/Desktop/Capstone/code/Trail/img/archive/myntradataset/images/subset/9942.jpg,9942.jpg
15096,/Users/tanmay/Desktop/Capstone/code/Trail/img/archive/myntradataset/images/subset/15096.jpg,15096.jpg
36702,/Users/tanmay/Desktop/Capstone/code/Trail/img/archive/myntradataset/images/subset/36702.jpg,36702.jpg
26439,/Users/tanmay/Desktop/Capstone/code/Trail/img/archive/myntradataset/images/subset/26439.jpg,26439.jpg
7066,/Users/tanmay/Desktop/Capstone/code/Trail/img/archive/myntradataset/images/subset/7066.jpg,7066.jpg
19511,/Users/tanmay/Desktop/Capstone/code/Trail/img/archive/myntradataset/images/subset/19511.jpg,19511.jpg
40180,/Users/tanmay/Desktop/Capstone/code/Trail/img/archive/myntradataset/images/subset/40180.jpg,40180.jpg
44341,/Users/tanmay/Desktop/Capstone/code/Trail/img/archive/myntradataset/images/subset/44341.jpg,44341.jpg
40449,/Users/tanmay/Desktop/Capstone/code/Trail/img/archive/myntradataset/images/subset/40449.jpg,40449.jpg
28198,/Users/tanmay/Desktop/Capstone/code/Trail/img/archive/myntradataset/images/subset/28198.jpg,28198.jpg
56933,/Users/tanmay/Desktop/Capstone/code/Trail/img/archive/myntradataset/images/subset/56933.jpg,56933.jpg
37495,/Users/tanmay/Desktop/Capstone/code/Trail/img/archive/myntradataset/images/subset/37495.jpg,37495.jpg
18438,/Users/tanmay/Desktop/Capstone/code/Trail/img/archive/myntradataset/images/subset/18438.jpg,18438.jpg
49268,/Users/tanmay/Desktop/Capstone/code/Trail/img/archive/myntradataset/images/subset/49268.jpg,49268.jpg
56134,/Users/tanmay/Desktop/Capstone/code/Trail/img/archive/myntradataset/images/subset/56134.jpg,56134.jpg
2615,/Users/tanmay/Desktop/Capstone/code/Trail/img/archive/myntradataset/images/subset/2615.jpg,2615.jpg
48409,/Users/tanmay/Desktop/Capstone/code/Trail/img/archive/myntradataset/images/subset/48409.jpg,48409.jpg
37754,/Users/tanmay/Desktop/Capstone/code/Trail/img/archive/myntradataset/images/subset/37754.jpg,37754.jpg
14290,/Users/tanmay/Desktop/Capstone/code/Trail/img/archive/myntradataset/images/subset/14290.jpg,14290.jpg
14091,/Users/tanmay/Desktop/Capstone/code/Trail/img/archive/myntradataset/images/subset/14091.jpg,14091.jpg
57316,/Users/tanmay/Desktop/Capstone/code/Trail/img/archive/myntradataset/images/subset/57316.jpg,57316.jpg
21237,/Users/tanmay/Desktop/Capstone/code/Trail/img/archive/myntradataset/images/subset/21237.jpg,21237.jpg
30937,/Users/tanmay/Desktop/Capstone/code/Trail/img/archive/myntradataset/images/subset/30937.jpg,30937.jpg
6930,/Users/tanmay/Desktop/Capstone/code/Trail/img/archive/myntradataset/images/subset/6930.jpg,6930.jpg
55586,/Users/tanmay/Desktop/Capstone/code/Trail/img/archive/myntradataset/images/subset/55586.jpg,55586.jpg
54103,/Users/tanmay/Desktop/Capstone/code/Trail/img/archive/myntradataset/images/subset/54103.jpg,54103.jpg
30717,/Users/tanmay/Desktop/Capstone/code/Trail/img/archive/myntradataset/images/subset/30717.jpg,30717.jpg
11513,/Users/tanmay/Desktop/Capstone/code/Trail/img/archive/myntradataset/images/subset/11513.jpg,11513.jpg
26180,/Users/tanmay/Desktop/Capstone/code/Trail/img/archive/myntradataset/images/subset/26180.jpg,26180.jpg
8321,/Users/tanmay/Desktop/Capstone/code/Trail/img/archive/myntradataset/images/subset/8321.jpg,8321.jpg
41766,/Users/tanmay/Desktop/Capstone/code/Trail/img/archive/myntradataset/images/subset/41766.jpg,41766.jpg
35696,/Users/tanmay/Desktop/Capstone/code/Trail/img/archive/myntradataset/images/subset/35696.jpg,35696.jpg
30143,/Users/tanmay/Desktop/Capstone/code/Trail/img/archive/myntradataset/images/subset/30143.jpg,30143.jpg
9198,/Users/tanmay/Desktop/Capstone/code/Trail/img/archive/myntradataset/images/subset/9198.jpg,9198.jpg
9478,/Users/tanmay/Desktop/Capstone/code/Trail/img/archive/myntradataset/images/subset/9478.jpg,9478.jpg
42545,/Users/tanmay/Desktop/Capstone/code/Trail/img/archive/myntradataset/images/subset/42545.jpg,42545.jpg
55619,/Users/tanmay/Desktop/Capstone/code/Trail/img/archive/myntradataset/images/subset/55619.jpg,55619.jpg
32913,/Users/tanmay/Desktop/Capstone/code/Trail/img/archive/myntradataset/images/subset/32913.jpg,32913.jpg
55960,/Users/tanmay/Desktop/Capstone/code/Trail/img/archive/myntradataset/images/subset/55960.jpg,55960.jpg
56166,/Users/tanmay/Desktop/Capstone/code/Trail/img/archive/myntradataset/images/subset/56166.jpg,56166.jpg
18802,/Users/tanmay/Desktop/Capstone/code/Trail/img/archive/myntradataset/images/subset/18802.jpg,18802.jpg
22935,/Users/tanmay/Desktop/Capstone/code/Trail/img/archive/myntradataset/images/subset/22935.jpg,22935.jpg
33062,/Users/tanmay/Desktop/Capstone/code/Trail/img/archive/myntradataset/images/subset/33062.jpg,33062.jpg
46933,/Users/tanmay/Desktop/Capstone/code/Trail/img/archive/myntradataset/images/subset/46933.jpg,46933.jpg
58061,/Users/tanmay/Desktop/Capstone/code/Trail/img/archive/myntradataset/images/subset/58061.jpg,58061.jpg
13707,/Users/tanmay/Desktop/Capstone/code/Trail/img/archive/myntradataset/images/subset/13707.jpg,13707.jpg
43560,/Users/tanmay/Desktop/Capstone/code/Trail/img/archive/myntradataset/images/subset/43560.jpg,43560.jpg
5900,/Users/tanmay/Desktop/Capstone/code/Trail/img/archive/myntradataset/images/subset/5900.jpg,5900.jpg
18801,/Users/tanmay/Desktop/Capstone/code/Trail/img/archive/myntradataset/images/subset/18801.jpg,18801.jpg
9624,/Users/tanmay/Desktop/Capstone/code/Trail/img/archive/myntradataset/images/subset/9624.jpg,9624.jpg
50423,/Users/tanmay/Desktop/Capstone/code/Trail/img/archive/myntradataset/images/subset/50423.jpg,50423.jpg
45986,/Users/tanmay/Desktop/Capstone/code/Trail/img/archive/myntradataset/images/subset/45986.jpg,45986.jpg
30934,/Users/tanmay/Desktop/Capstone/code/Trail/img/archive/myntradataset/images/subset/30934.jpg,30934.jpg
47129,/Users/tanmay/Desktop/Capstone/code/Trail/img/archive/myntradataset/images/subset/47129.jpg,47129.jpg
47095,/Users/tanmay/Desktop/Capstone/code/Trail/img/archive/myntradataset/images/subset/47095.jpg,47095.jpg
7341,/Users/tanmay/Desktop/Capstone/code/Trail/img/archive/myntradataset/images/subset/7341.jpg,7341.jpg
39034,/Users/tanmay/Desktop/Capstone/code/Trail/img/archive/myntradataset/images/subset/39034.jpg,39034.jpg
46348,/Users/tanmay/Desktop/Capstone/code/Trail/img/archive/myntradataset/images/subset/46348.jpg,46348.jpg
19955,/Users/tanmay/Desktop/Capstone/code/Trail/img/archive/myntradataset/images/subset/19955.jpg,19955.jpg
27675,/Users/tanmay/Desktop/Capstone/code/Trail/img/archive/myntradataset/images/subset/27675.jpg,27675.jpg
17018,/Users/tanmay/Desktop/Capstone/code/Trail/img/archive/myntradataset/images/subset/17018.jpg,17018.jpg
46491,/Users/tanmay/Desktop/Capstone/code/Trail/img/archive/myntradataset/images/subset/46491.jpg,46491.jpg
47459,/Users/tanmay/Desktop/Capstone/code/Trail/img/archive/myntradataset/images/subset/47459.jpg,47459.jpg
48582,/Users/tanmay/Desktop/Capstone/code/Trail/img/archive/myntradataset/images/subset/48582.jpg,48582.jpg
6568,/Users/tanmay/Desktop/Capstone/code/Trail/img/archive/myntradataset/images/subset/6568.jpg,6568.jpg
31462,/Users/tanmay/Desktop/Capstone/code/Trail/img/archive/myntradataset/images/subset/31462.jpg,31462.jpg
34466,/Users/tanmay/Desktop/Capstone/code/Trail/img/archive/myntradataset/images/subset/34466.jpg,34466.jpg
25443,/Users/tanmay/Desktop/Capstone/code/Trail/img/archive/myntradataset/images/subset/25443.jpg,25443.jpg
26910,/Users/tanmay/Desktop/Capstone/code/Trail/img/archive/myntradataset/images/subset/26910.jpg,26910.jpg
45721,/Users/tanmay/Desktop/Capstone/code/Trail/img/archive/myntradataset/images/subset/45721.jpg,45721.jpg
3817,/Users/tanmay/Desktop/Capstone/code/Trail/img/archive/myntradataset/images/subset/3817.jpg,3817.jpg
55283,/Users/tanmay/Desktop/Capstone/code/Trail/img/archive/myntradataset/images/subset/55283.jpg,55283.jpg
15544,/Users/tanmay/Desktop/Capstone/code/Trail/img/archive/myntradataset/images/subset/15544.jpg,15544.jpg
40195,/Users/tanmay/Desktop/Capstone/code/Trail/img/archive/myntradataset/images/subset/40195.jpg,40195.jpg
8075,/Users/tanmay/Desktop/Capstone/code/Trail/img/archive/myntradataset/images/subset/8075.jpg,8075.jpg
7325,/Users/tanmay/Desktop/Capstone/code/Trail/img/archive/myntradataset/images/subset/7325.jpg,7325.jpg
27313,/Users/tanmay/Desktop/Capstone/code/Trail/img/archive/myntradataset/images/subset/27313.jpg,27313.jpg
52225,/Users/tanmay/Desktop/Capstone/code/Trail/img/archive/myntradataset/images/subset/52225.jpg,52225.jpg
35018,/Users/tanmay/Desktop/Capstone/code/Trail/img/archive/myntradataset/images/subset/35018.jpg,35018.jpg
23584,/Users/tanmay/Desktop/Capstone/code/Trail/img/archive/myntradataset/images/subset/23584.jpg,23584.jpg
30340,/Users/tanmay/Desktop/Capstone/code/Trail/img/archive/myntradataset/images/subset/30340.jpg,30340.jpg
20466,/Users/tanmay/Desktop/Capstone/code/Trail/img/archive/myntradataset/images/subset/20466.jpg,20466.jpg
16529,/Users/tanmay/Desktop/Capstone/code/Trail/img/archive/myntradataset/images/subset/16529.jpg,16529.jpg
38226,/Users/tanmay/Desktop/Capstone/code/Trail/img/archive/myntradataset/images/subset/38226.jpg,38226.jpg
13538,/Users/tanmay/Desktop/Capstone/code/Trail/img/archive/myntradataset/images/subset/13538.jpg,13538.jpg
4720,/Users/tanmay/Desktop/Capstone/code/Trail/img/archive/myntradataset/images/subset/4720.jpg,4720.jpg
7142,/Users/tanmay/Desktop/Capstone/code/Trail/img/archive/myntradataset/images/subset/7142.jpg,7142.jpg
45489,/Users/tanmay/Desktop/Capstone/code/Trail/img/archive/myntradataset/images/subset/45489.jpg,45489.jpg
51355,/Users/tanmay/Desktop/Capstone/code/Trail/img/archive/myntradataset/images/subset/51355.jpg,51355.jpg
2323,/Users/tanmay/Desktop/Capstone/code/Trail/img/archive/myntradataset/images/subset/2323.jpg,2323.jpg
33445,/Users/tanmay/Desktop/Capstone/code/Trail/img/archive/myntradataset/images/subset/33445.jpg,33445.jpg
25634,/Users/tanmay/Desktop/Capstone/code/Trail/img/archive/myntradataset/images/subset/25634.jpg,25634.jpg
25260,/Users/tanmay/Desktop/Capstone/code/Trail/img/archive/myntradataset/images/subset/25260.jpg,25260.jpg
31817,/Users/tanmay/Desktop/Capstone/code/Trail/img/archive/myntradataset/images/subset/31817.jpg,31817.jpg
14508,/Users/tanmay/Desktop/Capstone/code/Trail/img/archive/myntradataset/images/subset/14508.jpg,14508.jpg
47946,/Users/tanmay/Desktop/Capstone/code/Trail/img/archive/myntradataset/images/subset/47946.jpg,47946.jpg
21545,/Users/tanmay/Desktop/Capstone/code/Trail/img/archive/myntradataset/images/subset/21545.jpg,21545.jpg
52796,/Users/tanmay/Desktop/Capstone/code/Trail/img/archive/myntradataset/images/subset/52796.jpg,52796.jpg
33574,/Users/tanmay/Desktop/Capstone/code/Trail/img/archive/myntradataset/images/subset/33574.jpg,33574.jpg
27683,/Users/tanmay/Desktop/Capstone/code/Trail/img/archive/myntradataset/images/subset/27683.jpg,27683.jpg
24133,/Users/tanmay/Desktop/Capstone/code/Trail/img/archive/myntradataset/images/subset/24133.jpg,24133.jpg
23056,/Users/tanmay/Desktop/Capstone/code/Trail/img/archive/myntradataset/images/subset/23056.jpg,23056.jpg
37600,/Users/tanmay/Desktop/Capstone/code/Trail/img/archive/myntradataset/images/subset/37600.jpg,37600.jpg
20393,/Users/tanmay/Desktop/Capstone/code/Trail/img/archive/myntradataset/images/subset/20393.jpg,20393.jpg
57510,/Users/tanmay/Desktop/Capstone/code/Trail/img/archive/myntradataset/images/subset/57510.jpg,57510.jpg
36280,/Users/tanmay/Desktop/Capstone/code/Trail/img/archive/myntradataset/images/subset/36280.jpg,36280.jpg
13854,/Users/tanmay/Desktop/Capstone/code/Trail/img/archive/myntradataset/images/subset/13854.jpg,13854.jpg
22109,/Users/tanmay/Desktop/Capstone/code/Trail/img/archive/myntradataset/images/subset/22109.jpg,22109.jpg
31668,/Users/tanmay/Desktop/Capstone/code/Trail/img/archive/myntradataset/images/subset/31668.jpg,31668.jpg
12472,/Users/tanmay/Desktop/Capstone/code/Trail/img/archive/myntradataset/images/subset/12472.jpg,12472.jpg
20898,/Users/tanmay/Desktop/Capstone/code/Trail/img/archive/myntradataset/images/subset/20898.jpg,20898.jpg
34997,/Users/tanmay/Desktop/Capstone/code/Trail/img/archive/myntradataset/images/subset/34997.jpg,34997.jpg
30237,/Users/tanmay/Desktop/Capstone/code/Trail/img/archive/myntradataset/images/subset/30237.jpg,30237.jpg
30870,/Users/tanmay/Desktop/Capstone/code/Trail/img/archive/myntradataset/images/subset/30870.jpg,30870.jpg
12104,/Users/tanmay/Desktop/Capstone/code/Trail/img/archive/myntradataset/images/subset/12104.jpg,12104.jpg
17463,/Users/tanmay/Desktop/Capstone/code/Trail/img/archive/myntradataset/images/subset/17463.jpg,17463.jpg
28672,/Users/tanmay/Desktop/Capstone/code/Trail/img/archive/myntradataset/images/subset/28672.jpg,28672.jpg
26009,/Users/tanmay/Desktop/Capstone/code/Trail/img/archive/myntradataset/images/subset/26009.jpg,26009.jpg
40138,/Users/tanmay/Desktop/Capstone/code/Trail/img/archive/myntradataset/images/subset/40138.jpg,40138.jpg
37761,/Users/tanmay/Desktop/Capstone/code/Trail/img/archive/myntradataset/images/subset/37761.jpg,37761.jpg
58258,/Users/tanmay/Desktop/Capstone/code/Trail/img/archive/myntradataset/images/subset/58258.jpg,58258.jpg
17427,/Users/tanmay/Desktop/Capstone/code/Trail/img/archive/myntradataset/images/subset/17427.jpg,17427.jpg
4274,/Users/tanmay/Desktop/Capstone/code/Trail/img/archive/myntradataset/images/subset/4274.jpg,4274.jpg
28309,/Users/tanmay/Desktop/Capstone/code/Trail/img/archive/myntradataset/images/subset/28309.jpg,28309.jpg
7832,/Users/tanmay/Desktop/Capstone/code/Trail/img/archive/myntradataset/images/subset/7832.jpg,7832.jpg
14330,/Users/tanmay/Desktop/Capstone/code/Trail/img/archive/myntradataset/images/subset/14330.jpg,14330.jpg
18273,/Users/tanmay/Desktop/Capstone/code/Trail/img/archive/myntradataset/images/subset/18273.jpg,18273.jpg
57351,/Users/tanmay/Desktop/Capstone/code/Trail/img/archive/myntradataset/images/subset/57351.jpg,57351.jpg
21703,/Users/tanmay/Desktop/Capstone/code/Trail/img/archive/myntradataset/images/subset/21703.jpg,21703.jpg
7966,/Users/tanmay/Desktop/Capstone/code/Trail/img/archive/myntradataset/images/subset/7966.jpg,7966.jpg
43589,/Users/tanmay/Desktop/Capstone/code/Trail/img/archive/myntradataset/images/subset/43589.jpg,43589.jpg
25186,/Users/tanmay/Desktop/Capstone/code/Trail/img/archive/myntradataset/images/subset/25186.jpg,25186.jpg
59532,/Users/tanmay/Desktop/Capstone/code/Trail/img/archive/myntradataset/images/subset/59532.jpg,59532.jpg
32384,/Users/tanmay/Desktop/Capstone/code/Trail/img/archive/myntradataset/images/subset/32384.jpg,32384.jpg
59718,/Users/tanmay/Desktop/Capstone/code/Trail/img/archive/myntradataset/images/subset/59718.jpg,59718.jpg
15461,/Users/tanmay/Desktop/Capstone/code/Trail/img/archive/myntradataset/images/subset/15461.jpg,15461.jpg
7081,/Users/tanmay/Desktop/Capstone/code/Trail/img/archive/myntradataset/images/subset/7081.jpg,7081.jpg
52075,/Users/tanmay/Desktop/Capstone/code/Trail/img/archive/myntradataset/images/subset/52075.jpg,52075.jpg
20590,/Users/tanmay/Desktop/Capstone/code/Trail/img/archive/myntradataset/images/subset/20590.jpg,20590.jpg
58858,/Users/tanmay/Desktop/Capstone/code/Trail/img/archive/myntradataset/images/subset/58858.jpg,58858.jpg
17791,/Users/tanmay/Desktop/Capstone/code/Trail/img/archive/myntradataset/images/subset/17791.jpg,17791.jpg
41717,/Users/tanmay/Desktop/Capstone/code/Trail/img/archive/myntradataset/images/subset/41717.jpg,41717.jpg
28638,/Users/tanmay/Desktop/Capstone/code/Trail/img/archive/myntradataset/images/subset/28638.jpg,28638.jpg
13955,/Users/tanmay/Desktop/Capstone/code/Trail/img/archive/myntradataset/images/subset/13955.jpg,13955.jpg
59081,/Users/tanmay/Desktop/Capstone/code/Trail/img/archive/myntradataset/images/subset/59081.jpg,59081.jpg
18258,/Users/tanmay/Desktop/Capstone/code/Trail/img/archive/myntradataset/images/subset/18258.jpg,18258.jpg
29732,/Users/tanmay/Desktop/Capstone/code/Trail/img/archive/myntradataset/images/subset/29732.jpg,29732.jpg
17730,/Users/tanmay/Desktop/Capstone/code/Trail/img/archive/myntradataset/images/subset/17730.jpg,17730.jpg
20382,/Users/tanmay/Desktop/Capstone/code/Trail/img/archive/myntradataset/images/subset/20382.jpg,20382.jpg
52825,/Users/tanmay/Desktop/Capstone/code/Trail/img/archive/myntradataset/images/subset/52825.jpg,52825.jpg
12975,/Users/tanmay/Desktop/Capstone/code/Trail/img/archive/myntradataset/images/subset/12975.jpg,12975.jpg
51088,/Users/tanmay/Desktop/Capstone/code/Trail/img/archive/myntradataset/images/subset/51088.jpg,51088.jpg
31323,/Users/tanmay/Desktop/Capstone/code/Trail/img/archive/myntradataset/images/subset/31323.jpg,31323.jpg
33981,/Users/tanmay/Desktop/Capstone/code/Trail/img/archive/myntradataset/images/subset/33981.jpg,33981.jpg
56798,/Users/tanmay/Desktop/Capstone/code/Trail/img/archive/myntradataset/images/subset/56798.jpg,56798.jpg
16819,/Users/tanmay/Desktop/Capstone/code/Trail/img/archive/myntradataset/images/subset/16819.jpg,16819.jpg
48033,/Users/tanmay/Desktop/Capstone/code/Trail/img/archive/myntradataset/images/subset/48033.jpg,48033.jpg
55410,/Users/tanmay/Desktop/Capstone/code/Trail/img/archive/myntradataset/images/subset/55410.jpg,55410.jpg
58063,/Users/tanmay/Desktop/Capstone/code/Trail/img/archive/myntradataset/images/subset/58063.jpg,58063.jpg
11701,/Users/tanmay/Desktop/Capstone/code/Trail/img/archive/myntradataset/images/subset/11701.jpg,11701.jpg
15735,/Users/tanmay/Desktop/Capstone/code/Trail/img/archive/myntradataset/images/subset/15735.jpg,15735.jpg
42276,/Users/tanmay/Desktop/Capstone/code/Trail/img/archive/myntradataset/images/subset/42276.jpg,42276.jpg
12845,/Users/tanmay/Desktop/Capstone/code/Trail/img/archive/myntradataset/images/subset/12845.jpg,12845.jpg
38334,/Users/tanmay/Desktop/Capstone/code/Trail/img/archive/myntradataset/images/subset/38334.jpg,38334.jpg
36934,/Users/tanmay/Desktop/Capstone/code/Trail/img/archive/myntradataset/images/subset/36934.jpg,36934.jpg
48166,/Users/tanmay/Desktop/Capstone/code/Trail/img/archive/myntradataset/images/subset/48166.jpg,48166.jpg
46980,/Users/tanmay/Desktop/Capstone/code/Trail/img/archive/myntradataset/images/subset/46980.jpg,46980.jpg
4748,/Users/tanmay/Desktop/Capstone/code/Trail/img/archive/myntradataset/images/subset/4748.jpg,4748.jpg
30840,/Users/tanmay/Desktop/Capstone/code/Trail/img/archive/myntradataset/images/subset/30840.jpg,30840.jpg
2188,/Users/tanmay/Desktop/Capstone/code/Trail/img/archive/myntradataset/images/subset/2188.jpg,2188.jpg
37981,/Users/tanmay/Desktop/Capstone/code/Trail/img/archive/myntradataset/images/subset/37981.jpg,37981.jpg
18744,/Users/tanmay/Desktop/Capstone/code/Trail/img/archive/myntradataset/images/subset/18744.jpg,18744.jpg
17653,/Users/tanmay/Desktop/Capstone/code/Trail/img/archive/myntradataset/images/subset/17653.jpg,17653.jpg
16079,/Users/tanmay/Desktop/Capstone/code/Trail/img/archive/myntradataset/images/subset/16079.jpg,16079.jpg
51182,/Users/tanmay/Desktop/Capstone/code/Trail/img/archive/myntradataset/images/subset/51182.jpg,51182.jpg
58529,/Users/tanmay/Desktop/Capstone/code/Trail/img/archive/myntradataset/images/subset/58529.jpg,58529.jpg
46940,/Users/tanmay/Desktop/Capstone/code/Trail/img/archive/myntradataset/images/subset/46940.jpg,46940.jpg
20344,/Users/tanmay/Desktop/Capstone/code/Trail/img/archive/myntradataset/images/subset/20344.jpg,20344.jpg
26284,/Users/tanmay/Desktop/Capstone/code/Trail/img/archive/myntradataset/images/subset/26284.jpg,26284.jpg
23319,/Users/tanmay/Desktop/Capstone/code/Trail/img/archive/myntradataset/images/subset/23319.jpg,23319.jpg
33350,/Users/tanmay/Desktop/Capstone/code/Trail/img/archive/myntradataset/images/subset/33350.jpg,33350.jpg
54823,/Users/tanmay/Desktop/Capstone/code/Trail/img/archive/myntradataset/images/subset/54823.jpg,54823.jpg
30592,/Users/tanmay/Desktop/Capstone/code/Trail/img/archive/myntradataset/images/subset/30592.jpg,30592.jpg
41888,/Users/tanmay/Desktop/Capstone/code/Trail/img/archive/myntradataset/images/subset/41888.jpg,41888.jpg
25318,/Users/tanmay/Desktop/Capstone/code/Trail/img/archive/myntradataset/images/subset/25318.jpg,25318.jpg
28835,/Users/tanmay/Desktop/Capstone/code/Trail/img/archive/myntradataset/images/subset/28835.jpg,28835.jpg
8249,/Users/tanmay/Desktop/Capstone/code/Trail/img/archive/myntradataset/images/subset/8249.jpg,8249.jpg
57578,/Users/tanmay/Desktop/Capstone/code/Trail/img/archive/myntradataset/images/subset/57578.jpg,57578.jpg
28400,/Users/tanmay/Desktop/Capstone/code/Trail/img/archive/myntradataset/images/subset/28400.jpg,28400.jpg
7290,/Users/tanmay/Desktop/Capstone/code/Trail/img/archive/myntradataset/images/subset/7290.jpg,7290.jpg
54687,/Users/tanmay/Desktop/Capstone/code/Trail/img/archive/myntradataset/images/subset/54687.jpg,54687.jpg
46800,/Users/tanmay/Desktop/Capstone/code/Trail/img/archive/myntradataset/images/subset/46800.jpg,46800.jpg
58162,/Users/tanmay/Desktop/Capstone/code/Trail/img/archive/myntradataset/images/subset/58162.jpg,58162.jpg
47223,/Users/tanmay/Desktop/Capstone/code/Trail/img/archive/myntradataset/images/subset/47223.jpg,47223.jpg
11590,/Users/tanmay/Desktop/Capstone/code/Trail/img/archive/myntradataset/images/subset/11590.jpg,11590.jpg
53852,/Users/tanmay/Desktop/Capstone/code/Trail/img/archive/myntradataset/images/subset/53852.jpg,53852.jpg
47377,/Users/tanmay/Desktop/Capstone/code/Trail/img/archive/myntradataset/images/subset/47377.jpg,47377.jpg
29756,/Users/tanmay/Desktop/Capstone/code/Trail/img/archive/myntradataset/images/subset/29756.jpg,29756.jpg
35814,/Users/tanmay/Desktop/Capstone/code/Trail/img/archive/myntradataset/images/subset/35814.jpg,35814.jpg
31813,/Users/tanmay/Desktop/Capstone/code/Trail/img/archive/myntradataset/images/subset/31813.jpg,31813.jpg
2246,/Users/tanmay/Desktop/Capstone/code/Trail/img/archive/myntradataset/images/subset/2246.jpg,2246.jpg
43051,/Users/tanmay/Desktop/Capstone/code/Trail/img/archive/myntradataset/images/subset/43051.jpg,43051.jpg
20299,/Users/tanmay/Desktop/Capstone/code/Trail/img/archive/myntradataset/images/subset/20299.jpg,20299.jpg
7508,/Users/tanmay/Desktop/Capstone/code/Trail/img/archive/myntradataset/images/subset/7508.jpg,7508.jpg
21796,/Users/tanmay/Desktop/Capstone/code/Trail/img/archive/myntradataset/images/subset/21796.jpg,21796.jpg
20684,/Users/tanmay/Desktop/Capstone/code/Trail/img/archive/myntradataset/images/subset/20684.jpg,20684.jpg
24913,/Users/tanmay/Desktop/Capstone/code/Trail/img/archive/myntradataset/images/subset/24913.jpg,24913.jpg
24590,/Users/tanmay/Desktop/Capstone/code/Trail/img/archive/myntradataset/images/subset/24590.jpg,24590.jpg
7696,/Users/tanmay/Desktop/Capstone/code/Trail/img/archive/myntradataset/images/subset/7696.jpg,7696.jpg
11489,/Users/tanmay/Desktop/Capstone/code/Trail/img/archive/myntradataset/images/subset/11489.jpg,11489.jpg
10246,/Users/tanmay/Desktop/Capstone/code/Trail/img/archive/myntradataset/images/subset/10246.jpg,10246.jpg
56640,/Users/tanmay/Desktop/Capstone/code/Trail/img/archive/myntradataset/images/subset/56640.jpg,56640.jpg
51495,/Users/tanmay/Desktop/Capstone/code/Trail/img/archive/myntradataset/images/subset/51495.jpg,51495.jpg
11437,/Users/tanmay/Desktop/Capstone/code/Trail/img/archive/myntradataset/images/subset/11437.jpg,11437.jpg
5314,/Users/tanmay/Desktop/Capstone/code/Trail/img/archive/myntradataset/images/subset/5314.jpg,5314.jpg
27753,/Users/tanmay/Desktop/Capstone/code/Trail/img/archive/myntradataset/images/subset/27753.jpg,27753.jpg
28799,/Users/tanmay/Desktop/Capstone/code/Trail/img/archive/myntradataset/images/subset/28799.jpg,28799.jpg
4413,/Users/tanmay/Desktop/Capstone/code/Trail/img/archive/myntradataset/images/subset/4413.jpg,4413.jpg
41844,/Users/tanmay/Desktop/Capstone/code/Trail/img/archive/myntradataset/images/subset/41844.jpg,41844.jpg
29486,/Users/tanmay/Desktop/Capstone/code/Trail/img/archive/myntradataset/images/subset/29486.jpg,29486.jpg
26068,/Users/tanmay/Desktop/Capstone/code/Trail/img/archive/myntradataset/images/subset/26068.jpg,26068.jpg
44903,/Users/tanmay/Desktop/Capstone/code/Trail/img/archive/myntradataset/images/subset/44903.jpg,44903.jpg
56250,/Users/tanmay/Desktop/Capstone/code/Trail/img/archive/myntradataset/images/subset/56250.jpg,56250.jpg
15957,/Users/tanmay/Desktop/Capstone/code/Trail/img/archive/myntradataset/images/subset/15957.jpg,15957.jpg
27282,/Users/tanmay/Desktop/Capstone/code/Trail/img/archive/myntradataset/images/subset/27282.jpg,27282.jpg
3381,/Users/tanmay/Desktop/Capstone/code/Trail/img/archive/myntradataset/images/subset/3381.jpg,3381.jpg
51183,/Users/tanmay/Desktop/Capstone/code/Trail/img/archive/myntradataset/images/subset/51183.jpg,51183.jpg
15042,/Users/tanmay/Desktop/Capstone/code/Trail/img/archive/myntradataset/images/subset/15042.jpg,15042.jpg
33895,/Users/tanmay/Desktop/Capstone/code/Trail/img/archive/myntradataset/images/subset/33895.jpg,33895.jpg
29206,/Users/tanmay/Desktop/Capstone/code/Trail/img/archive/myntradataset/images/subset/29206.jpg,29206.jpg
35645,/Users/tanmay/Desktop/Capstone/code/Trail/img/archive/myntradataset/images/subset/35645.jpg,35645.jpg
1841,/Users/tanmay/Desktop/Capstone/code/Trail/img/archive/myntradataset/images/subset/1841.jpg,1841.jpg
16125,/Users/tanmay/Desktop/Capstone/code/Trail/img/archive/myntradataset/images/subset/16125.jpg,16125.jpg
29762,/Users/tanmay/Desktop/Capstone/code/Trail/img/archive/myntradataset/images/subset/29762.jpg,29762.jpg
46758,/Users/tanmay/Desktop/Capstone/code/Trail/img/archive/myntradataset/images/subset/46758.jpg,46758.jpg
47610,/Users/tanmay/Desktop/Capstone/code/Trail/img/archive/myntradataset/images/subset/47610.jpg,47610.jpg
18003,/Users/tanmay/Desktop/Capstone/code/Trail/img/archive/myntradataset/images/subset/18003.jpg,18003.jpg
35913,/Users/tanmay/Desktop/Capstone/code/Trail/img/archive/myntradataset/images/subset/35913.jpg,35913.jpg
12599,/Users/tanmay/Desktop/Capstone/code/Trail/img/archive/myntradataset/images/subset/12599.jpg,12599.jpg
40790,/Users/tanmay/Desktop/Capstone/code/Trail/img/archive/myntradataset/images/subset/40790.jpg,40790.jpg
25075,/Users/tanmay/Desktop/Capstone/code/Trail/img/archive/myntradataset/images/subset/25075.jpg,25075.jpg
52454,/Users/tanmay/Desktop/Capstone/code/Trail/img/archive/myntradataset/images/subset/52454.jpg,52454.jpg
28385,/Users/tanmay/Desktop/Capstone/code/Trail/img/archive/myntradataset/images/subset/28385.jpg,28385.jpg
5805,/Users/tanmay/Desktop/Capstone/code/Trail/img/archive/myntradataset/images/subset/5805.jpg,5805.jpg
12838,/Users/tanmay/Desktop/Capstone/code/Trail/img/archive/myntradataset/images/subset/12838.jpg,12838.jpg
48338,/Users/tanmay/Desktop/Capstone/code/Trail/img/archive/myntradataset/images/subset/48338.jpg,48338.jpg
18411,/Users/tanmay/Desktop/Capstone/code/Trail/img/archive/myntradataset/images/subset/18411.jpg,18411.jpg
45220,/Users/tanmay/Desktop/Capstone/code/Trail/img/archive/myntradataset/images/subset/45220.jpg,45220.jpg
50821,/Users/tanmay/Desktop/Capstone/code/Trail/img/archive/myntradataset/images/subset/50821.jpg,50821.jpg
9901,/Users/tanmay/Desktop/Capstone/code/Trail/img/archive/myntradataset/images/subset/9901.jpg,9901.jpg
42120,/Users/tanmay/Desktop/Capstone/code/Trail/img/archive/myntradataset/images/subset/42120.jpg,42120.jpg
29773,/Users/tanmay/Desktop/Capstone/code/Trail/img/archive/myntradataset/images/subset/29773.jpg,29773.jpg
30495,/Users/tanmay/Desktop/Capstone/code/Trail/img/archive/myntradataset/images/subset/30495.jpg,30495.jpg
24521,/Users/tanmay/Desktop/Capstone/code/Trail/img/archive/myntradataset/images/subset/24521.jpg,24521.jpg
54142,/Users/tanmay/Desktop/Capstone/code/Trail/img/archive/myntradataset/images/subset/54142.jpg,54142.jpg
2012,/Users/tanmay/Desktop/Capstone/code/Trail/img/archive/myntradataset/images/subset/2012.jpg,2012.jpg
3521,/Users/tanmay/Desktop/Capstone/code/Trail/img/archive/myntradataset/images/subset/3521.jpg,3521.jpg
44171,/Users/tanmay/Desktop/Capstone/code/Trail/img/archive/myntradataset/images/subset/44171.jpg,44171.jpg
19137,/Users/tanmay/Desktop/Capstone/code/Trail/img/archive/myntradataset/images/subset/19137.jpg,19137.jpg
18962,/Users/tanmay/Desktop/Capstone/code/Trail/img/archive/myntradataset/images/subset/18962.jpg,18962.jpg
48560,/Users/tanmay/Desktop/Capstone/code/Trail/img/archive/myntradataset/images/subset/48560.jpg,48560.jpg
2034,/Users/tanmay/Desktop/Capstone/code/Trail/img/archive/myntradataset/images/subset/2034.jpg,2034.jpg
36927,/Users/tanmay/Desktop/Capstone/code/Trail/img/archive/myntradataset/images/subset/36927.jpg,36927.jpg
39194,/Users/tanmay/Desktop/Capstone/code/Trail/img/archive/myntradataset/images/subset/39194.jpg,39194.jpg
22248,/Users/tanmay/Desktop/Capstone/code/Trail/img/archive/myntradataset/images/subset/22248.jpg,22248.jpg
6118,/Users/tanmay/Desktop/Capstone/code/Trail/img/archive/myntradataset/images/subset/6118.jpg,6118.jpg
24130,/Users/tanmay/Desktop/Capstone/code/Trail/img/archive/myntradataset/images/subset/24130.jpg,24130.jpg
43744,/Users/tanmay/Desktop/Capstone/code/Trail/img/archive/myntradataset/images/subset/43744.jpg,43744.jpg
6068,/Users/tanmay/Desktop/Capstone/code/Trail/img/archive/myntradataset/images/subset/6068.jpg,6068.jpg
30953,/Users/tanmay/Desktop/Capstone/code/Trail/img/archive/myntradataset/images/subset/30953.jpg,30953.jpg
49921,/Users/tanmay/Desktop/Capstone/code/Trail/img/archive/myntradataset/images/subset/49921.jpg,49921.jpg
23588,/Users/tanmay/Desktop/Capstone/code/Trail/img/archive/myntradataset/images/subset/23588.jpg,23588.jpg
51051,/Users/tanmay/Desktop/Capstone/code/Trail/img/archive/myntradataset/images/subset/51051.jpg,51051.jpg
24941,/Users/tanmay/Desktop/Capstone/code/Trail/img/archive/myntradataset/images/subset/24941.jpg,24941.jpg
33174,/Users/tanmay/Desktop/Capstone/code/Trail/img/archive/myntradataset/images/subset/33174.jpg,33174.jpg
51667,/Users/tanmay/Desktop/Capstone/code/Trail/img/archive/myntradataset/images/subset/51667.jpg,51667.jpg
4571,/Users/tanmay/Desktop/Capstone/code/Trail/img/archive/myntradataset/images/subset/4571.jpg,4571.jpg
55351,/Users/tanmay/Desktop/Capstone/code/Trail/img/archive/myntradataset/images/subset/55351.jpg,55351.jpg
51908,/Users/tanmay/Desktop/Capstone/code/Trail/img/archive/myntradataset/images/subset/51908.jpg,51908.jpg
25598,/Users/tanmay/Desktop/Capstone/code/Trail/img/archive/myntradataset/images/subset/25598.jpg,25598.jpg
59739,/Users/tanmay/Desktop/Capstone/code/Trail/img/archive/myntradataset/images/subset/59739.jpg,59739.jpg
25721,/Users/tanmay/Desktop/Capstone/code/Trail/img/archive/myntradataset/images/subset/25721.jpg,25721.jpg
25913,/Users/tanmay/Desktop/Capstone/code/Trail/img/archive/myntradataset/images/subset/25913.jpg,25913.jpg
49478,/Users/tanmay/Desktop/Capstone/code/Trail/img/archive/myntradataset/images/subset/49478.jpg,49478.jpg
37639,/Users/tanmay/Desktop/Capstone/code/Trail/img/archive/myntradataset/images/subset/37639.jpg,37639.jpg
23841,/Users/tanmay/Desktop/Capstone/code/Trail/img/archive/myntradataset/images/subset/23841.jpg,23841.jpg
59581,/Users/tanmay/Desktop/Capstone/code/Trail/img/archive/myntradataset/images/subset/59581.jpg,59581.jpg
31902,/Users/tanmay/Desktop/Capstone/code/Trail/img/archive/myntradataset/images/subset/31902.jpg,31902.jpg
57879,/Users/tanmay/Desktop/Capstone/code/Trail/img/archive/myntradataset/images/subset/57879.jpg,57879.jpg
31945,/Users/tanmay/Desktop/Capstone/code/Trail/img/archive/myntradataset/images/subset/31945.jpg,31945.jpg
31020,/Users/tanmay/Desktop/Capstone/code/Trail/img/archive/myntradataset/images/subset/31020.jpg,31020.jpg
9385,/Users/tanmay/Desktop/Capstone/code/Trail/img/archive/myntradataset/images/subset/9385.jpg,9385.jpg
7656,/Users/tanmay/Desktop/Capstone/code/Trail/img/archive/myntradataset/images/subset/7656.jpg,7656.jpg
59664,/Users/tanmay/Desktop/Capstone/code/Trail/img/archive/myntradataset/images/subset/59664.jpg,59664.jpg
9864,/Users/tanmay/Desktop/Capstone/code/Trail/img/archive/myntradataset/images/subset/9864.jpg,9864.jpg
53080,/Users/tanmay/Desktop/Capstone/code/Trail/img/archive/myntradataset/images/subset/53080.jpg,53080.jpg
26849,/Users/tanmay/Desktop/Capstone/code/Trail/img/archive/myntradataset/images/subset/26849.jpg,26849.jpg
23572,/Users/tanmay/Desktop/Capstone/code/Trail/img/archive/myntradataset/images/subset/23572.jpg,23572.jpg
4062,/Users/tanmay/Desktop/Capstone/code/Trail/img/archive/myntradataset/images/subset/4062.jpg,4062.jpg
48657,/Users/tanmay/Desktop/Capstone/code/Trail/img/archive/myntradataset/images/subset/48657.jpg,48657.jpg
16526,/Users/tanmay/Desktop/Capstone/code/Trail/img/archive/myntradataset/images/subset/16526.jpg,16526.jpg
17331,/Users/tanmay/Desktop/Capstone/code/Trail/img/archive/myntradataset/images/subset/17331.jpg,17331.jpg
15033,/Users/tanmay/Desktop/Capstone/code/Trail/img/archive/myntradataset/images/subset/15033.jpg,15033.jpg
57186,/Users/tanmay/Desktop/Capstone/code/Trail/img/archive/myntradataset/images/subset/57186.jpg,57186.jpg
19999,/Users/tanmay/Desktop/Capstone/code/Trail/img/archive/myntradataset/images/subset/19999.jpg,19999.jpg
28984,/Users/tanmay/Desktop/Capstone/code/Trail/img/archive/myntradataset/images/subset/28984.jpg,28984.jpg
30562,/Users/tanmay/Desktop/Capstone/code/Trail/img/archive/myntradataset/images/subset/30562.jpg,30562.jpg
55644,/Users/tanmay/Desktop/Capstone/code/Trail/img/archive/myntradataset/images/subset/55644.jpg,55644.jpg
30678,/Users/tanmay/Desktop/Capstone/code/Trail/img/archive/myntradataset/images/subset/30678.jpg,30678.jpg
14506,/Users/tanmay/Desktop/Capstone/code/Trail/img/archive/myntradataset/images/subset/14506.jpg,14506.jpg
15842,/Users/tanmay/Desktop/Capstone/code/Trail/img/archive/myntradataset/images/subset/15842.jpg,15842.jpg
14141,/Users/tanmay/Desktop/Capstone/code/Trail/img/archive/myntradataset/images/subset/14141.jpg,14141.jpg
13653,/Users/tanmay/Desktop/Capstone/code/Trail/img/archive/myntradataset/images/subset/13653.jpg,13653.jpg
8793,/Users/tanmay/Desktop/Capstone/code/Trail/img/archive/myntradataset/images/subset/8793.jpg,8793.jpg
9970,/Users/tanmay/Desktop/Capstone/code/Trail/img/archive/myntradataset/images/subset/9970.jpg,9970.jpg
6041,/Users/tanmay/Desktop/Capstone/code/Trail/img/archive/myntradataset/images/subset/6041.jpg,6041.jpg
20695,/Users/tanmay/Desktop/Capstone/code/Trail/img/archive/myntradataset/images/subset/20695.jpg,20695.jpg
45963,/Users/tanmay/Desktop/Capstone/code/Trail/img/archive/myntradataset/images/subset/45963.jpg,45963.jpg
11377,/Users/tanmay/Desktop/Capstone/code/Trail/img/archive/myntradataset/images/subset/11377.jpg,11377.jpg
19533,/Users/tanmay/Desktop/Capstone/code/Trail/img/archive/myntradataset/images/subset/19533.jpg,19533.jpg
41673,/Users/tanmay/Desktop/Capstone/code/Trail/img/archive/myntradataset/images/subset/41673.jpg,41673.jpg
11427,/Users/tanmay/Desktop/Capstone/code/Trail/img/archive/myntradataset/images/subset/11427.jpg,11427.jpg
15119,/Users/tanmay/Desktop/Capstone/code/Trail/img/archive/myntradataset/images/subset/15119.jpg,15119.jpg
38814,/Users/tanmay/Desktop/Capstone/code/Trail/img/archive/myntradataset/images/subset/38814.jpg,38814.jpg
9658,/Users/tanmay/Desktop/Capstone/code/Trail/img/archive/myntradataset/images/subset/9658.jpg,9658.jpg
19457,/Users/tanmay/Desktop/Capstone/code/Trail/img/archive/myntradataset/images/subset/19457.jpg,19457.jpg
57555,/Users/tanmay/Desktop/Capstone/code/Trail/img/archive/myntradataset/images/subset/57555.jpg,57555.jpg
4728,/Users/tanmay/Desktop/Capstone/code/Trail/img/archive/myntradataset/images/subset/4728.jpg,4728.jpg
48535,/Users/tanmay/Desktop/Capstone/code/Trail/img/archive/myntradataset/images/subset/48535.jpg,48535.jpg
27129,/Users/tanmay/Desktop/Capstone/code/Trail/img/archive/myntradataset/images/subset/27129.jpg,27129.jpg
17410,/Users/tanmay/Desktop/Capstone/code/Trail/img/archive/myntradataset/images/subset/17410.jpg,17410.jpg
15482,/Users/tanmay/Desktop/Capstone/code/Trail/img/archive/myntradataset/images/subset/15482.jpg,15482.jpg
48525,/Users/tanmay/Desktop/Capstone/code/Trail/img/archive/myntradataset/images/subset/48525.jpg,48525.jpg
23196,/Users/tanmay/Desktop/Capstone/code/Trail/img/archive/myntradataset/images/subset/23196.jpg,23196.jpg
18866,/Users/tanmay/Desktop/Capstone/code/Trail/img/archive/myntradataset/images/subset/18866.jpg,18866.jpg
26662,/Users/tanmay/Desktop/Capstone/code/Trail/img/archive/myntradataset/images/subset/26662.jpg,26662.jpg
48967,/Users/tanmay/Desktop/Capstone/code/Trail/img/archive/myntradataset/images/subset/48967.jpg,48967.jpg
17690,/Users/tanmay/Desktop/Capstone/code/Trail/img/archive/myntradataset/images/subset/17690.jpg,17690.jpg
52073,/Users/tanmay/Desktop/Capstone/code/Trail/img/archive/myntradataset/images/subset/52073.jpg,52073.jpg
32627,/Users/tanmay/Desktop/Capstone/code/Trail/img/archive/myntradataset/images/subset/32627.jpg,32627.jpg
